,CL105_NS_Run18_0815_trimmed.result,CL146_NS_Run18_0815_trimmed.result,CL152_NS_Run18_0815_trimmed.result,CL154_NS_Run18_0815_trimmed.result,CL156_NS_Run18_0815_trimmed.result,CL162_NS_Run18_0815_trimmed.result,CL164_NS_Run18_0815_trimmed.result,CL167_trimmed.result,CL172_NS_Run18_0815_trimmed.result,CL176_trimmed.result,CL183_trimmed.result,CL187_NS_Run18_0815_trimmed.result,CL191_trimmed.result,CL196_NS_Run18_0815_trimmed.result,CL203_NS_Run18_0815_trimmed.result,CL213_trimmed.result,CL214_NS_Run18_0815_trimmed.result,CL219_NS_Run18_0815_trimmed.result,CL228_trimmed.result,CL236_trimmed.result,CL240_NS_Run18_0815_trimmed.result,CL244_trimmed.result,CL253_trimmed.result,CL41_NS_Run18_0815_trimmed.result,CL50_NS_Run18_0815_trimmed.result,CL53_NS_Run18_0815_trimmed.result,CL56_NS_Run18_0815_trimmed.result,CL85_NS_Run18_0815_trimmed.result,Female-Ctrl_NS_Run18_0815_trimmed.result,Male-Ctrl_NS_Run18_0815_trimmed.result
hsa-mir-200b,0,43,49,23,13,39,39,0,42,0,0,0,0,12,59,53,40,0,8,0,44,11,0,34,31,22,61,0,123,32
hsa-mir-200a,12,19,20,6,0,27,17,0,30,0,0,7,0,19,31,16,37,6,8,0,17,5,0,11,6,19,24,6,78,22
hsa-mir-30e,10621,40314,69308,27391,45385,63084,33496,2136,42731,2472,1778,7344,1836,12408,64096,9115,71372,2150,7209,39,68765,7857,140,42102,41447,62762,56992,18124,63992,21523
hsa-mir-30c-1,2018,7873,9012,5258,5505,7855,5523,338,8367,226,256,1026,208,1927,8409,4391,9484,393,963,9,10996,1629,23,7288,9488,8518,10503,2535,15510,5045
hsa-mir-197,564,1525,0,2377,0,0,986,116,2947,0,18,0,0,761,1731,1728,0,146,305,0,0,151,0,0,2782,0,3223,450,1868,1162
hsa-mir-320b-1,34,30,57,68,46,142,25,0,73,0,0,8,0,25,84,28,61,0,12,0,52,0,0,64,65,64,59,24,127,56
hsa-mir-942,0,16,8,0,10,0,0,0,16,0,0,0,0,0,0,17,0,0,0,0,0,9,0,18,0,18,16,0,47,10
hsa-mir-92b,242,300,695,332,351,194,282,67,389,17,64,137,0,71,254,164,340,0,0,0,485,0,0,712,272,562,720,99,0,0
hsa-mir-4677,16,29,62,43,39,24,46,0,56,0,0,14,0,0,66,19,73,0,9,0,57,8,0,67,34,52,86,15,51,55
hsa-mir-146b,0,0,0,14507,0,0,7012,0,0,0,0,1695,234,0,0,4274,0,0,0,0,0,2620,0,0,0,0,29173,0,5632,9143
hsa-mir-548e,0,0,0,28,0,0,0,0,0,0,0,0,0,0,0,18,0,0,0,0,0,0,0,0,0,0,0,0,0,0
hsa-mir-3161,0,6,0,0,0,0,0,0,0,0,0,0,0,0,0,14,0,0,0,0,0,0,0,0,0,12,7,0,6,0
hsa-mir-130a,26,146,140,0,11,48,0,62,0,15,0,0,0,42,257,116,237,42,76,0,37,36,0,99,16,144,0,0,731,0
hsa-mir-548k,16,115,141,114,112,60,92,5,217,10,5,18,5,27,164,66,167,0,12,0,151,40,0,125,99,114,210,47,159,108
hsa-mir-548k*,16,115,141,114,112,60,92,5,217,10,5,18,5,27,164,66,167,0,12,0,151,40,0,125,99,114,210,47,159,108
hsa-mir-200c,21,49,66,28,30,63,22,0,56,0,0,18,6,36,141,22,98,0,18,0,59,8,0,40,29,57,64,44,79,25
hsa-mir-141,1197,2457,2090,608,1887,4018,981,67,1899,128,63,826,68,1546,5451,596,4102,149,1069,0,1723,132,6,2587,1561,2962,2146,858,3036,751
hsa-mir-196a-2,0,17,0,0,0,0,0,0,0,0,0,0,0,0,0,32,11,0,0,0,0,0,0,0,0,0,0,0,0,0
hsa-mir-148b,0,1482,2473,1826,1372,0,915,85,2383,77,68,471,65,0,3574,715,0,175,0,0,1662,301,0,1215,1440,1419,2532,814,2351,1159
hsa-mir-331,0,252,494,0,222,317,87,20,456,0,8,160,12,130,1060,75,339,50,0,0,265,0,0,82,232,199,238,0,188,0
hsa-mir-3922,0,9,6,0,0,0,0,0,6,0,0,0,0,0,5,5,11,0,0,0,0,0,0,9,5,6,0,0,0,0
hsa-mir-17,355,1262,2024,1041,1592,1525,829,76,1534,55,73,271,69,451,1704,387,2081,88,306,0,1870,255,10,911,1132,1775,1472,587,2165,798
hsa-mir-17*,355,1262,2024,1041,1592,1525,829,76,1534,55,73,271,69,451,1704,387,2081,88,306,0,1870,255,10,911,1132,1775,1472,587,2165,798
hsa-mir-18a,0,0,0,0,117,0,0,0,276,0,0,0,0,0,0,46,0,11,0,0,119,19,0,0,0,0,126,0,300,108
hsa-mir-19a,81,284,244,96,360,435,162,20,421,12,0,41,10,59,629,54,364,7,30,0,442,66,0,218,299,213,266,132,511,0
hsa-mir-20a,469,2288,4477,1040,3545,2743,1866,121,1812,41,79,397,49,815,3072,300,3362,127,351,0,0,381,6,1755,1833,3290,2695,1122,2276,841
hsa-mir-19b-1,487,1904,1909,567,2967,2819,1184,95,0,55,29,241,32,440,4552,295,2828,48,159,0,3257,459,0,1419,2333,1381,2077,1029,3022,548
hsa-mir-92a-1,26101,68486,56968,47110,68254,76186,46599,5015,61533,2669,2960,11588,1636,25879,84604,39597,95615,8199,13245,43,102984,15464,511,88948,84037,100025,98588,34181,137878,62302
hsa-mir-625,0,134,0,0,0,0,56,0,0,0,0,0,0,0,0,56,65,17,0,0,0,0,0,130,0,0,238,0,475,0
hsa-mir-342,1504,5439,6940,2876,4365,11023,3282,114,4753,97,135,686,119,3692,8090,2164,9244,242,957,0,4406,496,0,6105,3274,6050,6337,1071,5230,1954
hsa-mir-345,213,631,1647,892,1080,745,523,56,1168,14,13,337,20,365,1517,651,1290,161,221,0,1235,170,0,711,640,1022,905,379,1151,594
hsa-mir-345*,213,631,1647,892,1080,745,523,56,1168,14,13,337,20,365,1517,651,1290,161,221,0,1235,170,0,711,640,1022,905,379,1151,594
hsa-mir-493,0,10,0,0,0,0,0,0,42,0,0,0,0,0,34,18,11,0,7,0,0,0,0,9,0,0,13,0,0,61
hsa-mir-127,0,0,0,0,0,0,0,0,27,0,0,0,0,0,21,14,11,0,0,0,0,7,0,0,0,0,0,0,26,31
hsa-mir-136,5,30,20,14,0,12,7,0,132,0,12,0,0,0,147,44,62,0,20,0,7,10,0,35,0,0,55,0,147,141
hsa-mir-379,0,0,0,0,0,0,0,0,8,0,0,0,0,0,9,7,0,0,0,0,0,0,0,0,0,0,0,0,8,0
hsa-mir-411,16,122,45,49,9,31,0,0,510,0,10,27,0,14,339,256,157,20,106,0,0,38,0,148,0,17,115,0,685,740
hsa-mir-758,0,0,0,0,0,0,0,0,0,0,0,0,0,0,26,11,0,0,0,0,0,0,0,0,0,0,13,0,0,29
hsa-mir-543,0,0,0,0,0,0,0,0,0,0,0,0,0,0,0,13,0,0,0,0,0,0,0,0,0,0,0,0,0,0
hsa-mir-654,19,158,38,92,0,35,46,0,590,6,16,24,0,11,476,366,225,14,118,0,18,18,0,205,0,29,268,0,794,795
hsa-mir-381,10,39,27,28,0,14,9,0,364,0,5,13,0,5,269,85,96,0,39,0,6,10,0,57,0,14,98,0,334,286
hsa-mir-487b,0,6,0,0,0,0,0,0,35,0,0,0,0,0,34,30,13,0,0,0,0,0,0,14,0,0,23,0,50,71
hsa-mir-487b*,0,6,0,0,0,0,0,0,35,0,0,0,0,0,34,30,13,0,0,0,0,0,0,14,0,0,23,0,50,71
hsa-mir-889,0,18,0,7,0,0,0,0,60,0,0,0,0,0,54,25,31,0,9,0,0,0,0,12,0,7,36,0,83,70
hsa-mir-487a,0,0,0,0,0,0,0,0,9,0,0,0,0,0,11,7,0,0,0,0,0,0,0,0,0,0,7,0,0,21
hsa-mir-382,0,0,0,0,0,0,0,0,0,0,0,0,0,0,10,6,0,0,0,0,0,0,0,0,0,0,0,0,12,11
hsa-mir-134,0,0,0,8,0,0,0,0,27,0,0,0,0,0,18,47,17,0,0,0,0,0,0,0,0,0,12,0,34,35
hsa-mir-485,0,0,0,0,0,0,0,0,10,0,0,0,0,0,0,35,0,0,0,0,0,0,0,5,0,0,6,0,30,28
hsa-mir-409,0,67,0,52,0,15,20,0,317,0,0,9,0,11,337,402,126,0,15,0,0,20,0,0,0,16,193,0,508,689
hsa-mir-369,0,0,0,0,0,0,0,0,19,0,0,0,0,0,0,17,0,0,0,0,0,0,0,0,0,0,0,0,38,34
hsa-mir-410,10,73,43,44,0,11,10,7,316,0,8,17,0,10,290,224,139,9,44,0,10,13,0,89,0,7,144,0,410,413
hsa-mir-7-2,8,26,33,25,43,23,33,0,37,0,0,0,0,14,50,9,61,0,0,0,38,9,0,48,20,52,59,12,28,25
hsa-mir-9-3,0,89,939,60,9,11,10,0,47,0,0,0,11,0,223,46,0,118,230,0,62,13,0,93,13,0,26,0,55,23
hsa-mir-9-3*,0,89,939,60,9,11,10,0,47,0,0,0,11,0,223,46,0,118,230,0,62,13,0,93,13,0,26,0,55,23
hsa-mir-193b,0,15,13,0,0,0,0,0,41,0,0,0,0,0,13,9,11,0,15,0,0,0,0,6,0,8,0,8,128,54
hsa-mir-365a,0,7,14,15,0,0,0,0,17,0,0,0,0,0,6,10,9,0,0,0,0,0,0,0,5,0,0,0,21,13
hsa-mir-484,583,1415,1076,2081,1445,2765,854,92,2669,21,48,357,42,636,2002,949,1757,133,535,0,1024,212,0,1299,855,2020,2196,275,3499,1906
hsa-mir-140,0,0,0,5504,0,0,0,0,7703,0,0,0,0,0,0,3041,0,0,0,0,0,0,22,0,0,0,0,0,0,3362
hsa-mir-744,53,237,232,798,0,0,0,11,692,12,0,45,14,88,324,485,0,41,71,0,0,100,0,375,184,0,643,0,1340,1419
hsa-mir-423,1618,8035,6698,6661,7978,7425,6337,420,7157,218,194,0,115,0,6678,6575,7043,671,0,0,10303,1163,0,9808,6020,9536,9927,2572,19317,9021
hsa-mir-193a,0,38,32,0,10,29,13,0,17,0,0,10,0,12,0,11,11,0,5,0,0,0,0,14,14,16,25,11,27,26
hsa-mir-365b,0,7,14,15,0,0,0,0,17,0,0,0,0,0,6,10,9,0,0,0,0,0,0,0,5,0,0,0,21,13
hsa-mir-21,0,199505,226214,0,102810,95471,79554,9491,174927,11486,11739,47307,8249,0,151069,45608,220515,14328,21800,0,203767,26245,0,95218,89588,103058,182885,46065,0,0
hsa-mir-3615,0,0,0,138,0,0,0,0,0,0,0,0,0,0,0,287,0,0,0,0,0,25,0,0,0,0,147,0,0,259
hsa-mir-4746,0,0,0,0,0,0,0,0,14,0,0,0,0,0,8,6,11,0,0,0,0,0,0,0,0,10,18,0,11,0
hsa-mir-7-3,8,26,33,25,43,23,33,0,37,0,0,0,0,14,50,9,61,0,0,0,38,9,0,48,20,52,59,12,28,25
hsa-mir-181c,372,908,1066,2017,538,536,449,69,2742,44,40,461,82,258,1441,861,2089,75,259,0,847,149,0,1288,295,629,1291,186,1727,1196
hsa-mir-181d,10,0,32,119,0,21,15,0,129,0,0,13,0,17,106,33,103,0,14,0,28,0,0,45,0,21,73,0,116,94
hsa-mir-642a,0,0,0,0,0,0,0,0,0,0,0,0,0,0,0,12,7,0,0,0,0,0,0,5,0,0,0,0,0,0
hsa-mir-769,191,1293,2304,1172,1173,1426,853,67,1720,19,18,319,24,443,1488,710,2052,138,133,0,2312,275,0,1175,1543,1471,2380,680,1377,748
hsa-mir-99b,0,269,0,472,40,197,106,0,526,0,10,25,0,54,225,140,357,8,234,0,94,26,0,298,39,0,541,0,659,1441
hsa-mir-125a,0,477,162,0,131,0,0,0,0,0,0,0,0,76,0,228,0,15,230,0,0,64,0,0,105,0,954,0,1285,2271
hsa-mir-935,0,0,0,0,0,0,0,0,0,0,0,0,0,0,0,19,0,0,0,0,0,0,0,0,0,0,0,0,0,0
hsa-mir-4772,0,12,6,23,0,0,0,0,0,0,0,0,0,0,26,19,23,0,0,0,12,0,0,0,0,0,6,0,0,0
hsa-mir-128-1,0,1590,0,1131,1606,0,996,0,1177,121,79,0,62,363,1747,1127,0,350,453,0,2442,337,0,0,1865,0,3614,0,2514,1121
hsa-mir-10b,0,26,0,31,0,31,0,0,62,0,0,0,0,0,29,43,37,0,30,0,23,10,0,43,0,57,72,0,42,50
hsa-mir-4775,5,5,15,5,11,0,0,0,0,0,0,0,0,0,6,5,16,0,0,0,15,0,0,14,0,10,20,7,12,0
hsa-mir-26b,7510,41167,67474,32995,45689,36829,36314,1342,38615,2608,4028,6443,2153,12819,66524,11714,65269,2624,5284,41,44937,9457,184,55712,40672,42763,84222,20356,32691,13112
hsa-mir-103a-2,0,12035,25836,11682,11607,13670,7469,800,20463,173,356,3017,281,6004,17440,6220,17060,1365,2643,9,17671,2293,36,9806,7328,12104,14565,6902,18504,8714
hsa-mir-548o-2,5,19,21,24,16,0,0,0,34,0,0,0,0,0,31,18,34,0,0,0,0,0,0,0,0,0,48,0,57,13
hsa-mir-133a-2,0,15,0,33,0,0,0,0,48,0,0,0,0,20,10,12,8,0,0,0,0,0,0,0,0,21,85,0,158,66
hsa-mir-941-1,500,1761,1761,2578,1493,1384,1254,118,3802,60,37,470,148,470,535,2172,2520,179,1050,0,987,287,0,1358,1156,896,1380,499,1501,802
hsa-mir-941-3,500,1761,0,0,0,1384,1254,118,0,60,37,470,148,470,535,2172,2520,179,1050,0,987,287,0,1358,1156,896,1380,0,0,802
hsa-mir-99a,0,0,0,14,0,7,0,0,37,0,0,0,0,0,25,8,42,7,0,0,0,0,0,10,0,0,17,0,36,0
hsa-mir-125b-2,0,10,0,24,0,12,0,0,28,0,0,0,0,0,22,13,23,24,27,0,8,0,0,0,0,12,11,0,41,28
hsa-mir-155,3089,32854,63685,19654,43285,54549,28154,1234,10267,625,1211,6600,561,5511,31790,5526,71654,1749,1781,0,50916,6550,161,26257,33262,26121,84661,18190,9401,3420
hsa-mir-155*,3089,32854,63685,19654,43285,54549,28154,1234,10267,625,1211,6600,561,5511,31790,5526,71654,1749,1781,0,50916,6550,161,26257,33262,26121,84661,18190,9401,3420
hsa-mir-185,0,83,92,238,64,63,35,0,261,0,0,17,0,55,276,35,177,0,20,0,82,23,0,151,115,0,415,20,129,231
hsa-mir-301b,12,90,179,131,52,28,33,0,149,11,0,21,15,12,127,44,139,0,34,0,74,28,0,45,43,57,76,19,166,74
hsa-mir-130b,0,0,0,0,0,0,0,0,0,0,0,0,0,0,0,180,0,11,0,0,0,0,0,143,0,0,0,0,0,259
hsa-mir-3909,0,33,39,28,13,0,24,0,47,0,0,7,0,9,30,30,25,0,0,0,25,9,0,8,16,17,29,7,9,0
hsa-mir-3909*,0,33,39,28,13,0,24,0,47,0,0,7,0,9,30,30,25,0,0,0,25,9,0,8,16,17,29,7,9,0
hsa-mir-128-2,0,1586,0,1125,1602,0,992,0,1169,121,79,0,62,365,1739,1120,0,350,452,0,2439,333,0,0,1861,0,3606,0,2499,1117
hsa-mir-26a-1,81556,473740,412656,228623,413362,442663,353880,14722,229835,29723,33777,62888,14927,77558,770557,133279,608067,17601,50498,481,441602,96533,1731,551992,364556,472779,847135,160961,370070,194632
hsa-mir-15b,472,1538,3336,1104,1040,701,715,140,1576,26,45,375,35,236,1457,766,1505,120,252,0,1074,249,0,836,734,1361,1274,454,1816,1011
hsa-mir-16-2,33014,44788,90493,72455,279892,175882,116236,10496,139677,7299,8078,34153,5475,22767,203626,67677,262065,15013,27907,14,149567,25363,430,193074,100438,172777,330204,71842,204074,55353
hsa-mir-28,3225,19318,34580,19518,22215,55129,19596,884,22061,2351,1266,4706,1046,9434,39969,12706,51236,1075,3363,28,28720,6683,113,32365,34784,20300,30427,13018,28717,11376
hsa-mir-574,50,233,487,169,371,248,323,23,226,0,12,0,0,89,299,145,228,33,84,0,217,35,0,206,338,223,396,109,137,63
hsa-mir-576,0,0,0,0,0,0,90,0,146,11,0,0,0,0,0,70,0,0,0,0,148,24,0,0,0,0,0,0,218,66
hsa-mir-577,103,513,819,155,413,0,0,15,207,0,0,76,0,104,721,76,0,20,45,0,781,61,0,323,443,598,731,234,531,159
hsa-mir-143,3862,3301,10939,13377,5161,0,4628,67,8119,131,32,1108,0,1897,0,4258,0,0,0,0,0,0,0,2995,3100,795,0,450,0,0
hsa-mir-145,8,13,0,42,21,0,0,0,74,0,0,0,0,0,25,8,14,0,0,0,0,0,0,0,0,0,8,0,34,20
hsa-mir-378a,886,4450,8820,4558,5972,1496,2074,104,6746,388,331,1664,494,719,2688,3898,7102,325,711,0,7770,1104,22,3785,2134,5491,7158,5108,8407,3322
hsa-mir-146a,1591,1982,3412,10006,26107,3547,1931,205,8159,299,65,549,190,718,9341,4362,17344,57,1492,0,2178,1072,0,5690,5566,5912,9764,605,10825,17412
hsa-mir-1271,13,45,19,0,58,117,52,0,18,0,0,0,0,23,63,11,58,0,0,0,23,0,0,66,0,39,113,0,0,0
hsa-mir-550a-1,32,49,47,16,49,53,26,0,26,0,0,11,0,0,75,21,43,0,0,0,40,8,0,19,15,78,0,6,55,21
hsa-mir-550a-2,32,49,47,16,49,53,26,0,26,0,0,11,0,0,75,21,43,0,0,0,40,8,0,19,15,78,0,6,55,21
hsa-mir-590,75,338,289,106,345,264,246,16,206,12,15,32,11,57,375,37,436,19,40,0,318,33,0,180,255,283,223,73,249,64
hsa-mir-335,0,384,538,0,501,183,344,0,261,16,0,0,16,0,936,101,0,0,0,0,481,288,0,278,503,358,0,154,0,0
hsa-mir-671,22,218,167,160,142,226,105,0,122,10,7,34,8,44,115,128,243,25,28,0,218,31,0,273,163,196,365,69,371,265
hsa-mir-4662a,13,33,19,29,9,53,57,0,47,0,0,0,0,0,43,17,51,0,12,0,48,15,0,58,70,23,24,42,118,54
hsa-mir-101-2,13062,48226,100256,26416,57674,52201,40573,3266,48595,3543,3917,10294,2041,24443,99269,5016,93397,4825,8894,152,78615,8442,715,55498,47764,59498,53792,29087,37394,8064
hsa-mir-23b,0,0,0,0,0,0,797,0,0,0,80,0,0,0,0,624,0,0,0,0,0,166,0,0,1256,0,1099,0,0,0
hsa-mir-27b,3498,12190,61986,13984,16328,11104,8752,1594,11931,1160,677,4791,1399,3426,21056,7389,39655,1592,2647,23,45869,2437,136,15262,27399,17365,30150,16797,17269,10531
hsa-mir-24-1,388,954,2502,1830,1499,1189,1143,106,1888,50,69,377,82,588,1592,750,2735,94,352,0,1097,220,0,1465,1120,1260,1649,0,828,832
hsa-mir-181a-2,6220,38087,18301,86982,11067,13847,12258,2029,130514,970,1000,13501,2664,7578,64038,101887,63942,2282,10549,12,30420,13222,55,81122,10544,33147,70642,4299,245721,93769
hsa-mir-181b-2,0,1535,651,2779,344,778,415,64,4395,33,35,500,132,345,2208,4057,2224,105,428,0,1265,614,0,2429,452,1045,2056,160,6780,2388
hsa-mir-126,1291,15844,1922,32262,256,1921,1485,210,23436,569,351,2428,268,3563,10363,4674,18084,546,10323,0,380,1322,10,6267,390,7282,28120,192,47739,32225
hsa-mir-500a,92,488,671,631,343,426,353,30,1044,12,18,121,38,121,466,530,805,30,83,0,456,111,0,475,454,624,340,223,513,292
hsa-mir-362,0,0,100,64,0,0,0,6,76,0,0,0,0,41,53,12,104,0,14,0,40,7,0,0,0,0,27,0,0,12
hsa-mir-501,49,119,93,92,107,0,80,0,93,0,0,23,0,42,63,102,193,10,21,0,68,0,0,154,139,245,80,26,60,55
hsa-mir-660,281,1028,2127,433,1110,1552,789,83,1641,0,126,318,55,463,1053,342,1608,174,138,0,935,240,0,829,997,1460,281,649,656,160
hsa-mir-502,33,165,185,138,135,197,105,0,276,0,0,48,0,48,143,134,262,10,0,0,147,30,0,146,176,223,67,65,143,38
hsa-mir-652,122,151,147,0,100,623,96,12,0,6,0,36,0,126,257,156,223,26,90,0,139,12,0,274,126,270,0,56,550,192
hsa-mir-1277,30,167,167,157,141,27,105,9,184,0,0,35,0,37,188,16,172,20,49,0,128,5,0,52,64,117,80,56,269,55
hsa-mir-664b,64,120,232,56,236,104,88,0,196,0,0,40,0,76,220,72,288,0,28,0,148,40,0,92,252,112,200,116,92,0
hsa-mir-34a,0,33,816,62,119,0,48,34,138,18,25,58,10,0,245,23,210,15,72,0,525,0,0,0,6,57,0,119,0,12
hsa-mir-101-1,12817,46831,97702,25852,56447,50368,39496,3219,47449,3428,3811,10122,2006,23946,95806,4898,90947,4768,8755,150,76626,8083,693,53985,46563,58057,52349,28522,36591,7888
hsa-mir-186,2239,21718,23036,11594,19383,34286,12119,535,16374,1085,875,1803,1028,4238,22972,5980,31634,504,1518,12,24991,4608,24,18337,13830,19392,29130,7898,23593,8851
hsa-mir-190b,0,8,7,29,18,21,8,0,30,0,0,0,0,7,38,7,30,0,0,0,7,0,0,0,11,6,11,8,14,0
hsa-mir-9-1,0,89,939,60,9,11,10,0,47,0,0,0,11,0,223,46,0,118,230,0,62,13,0,93,13,10,26,0,55,23
hsa-mir-1295a,25,164,149,29,214,208,134,0,66,0,0,0,0,12,286,36,231,10,0,0,140,19,0,149,313,122,230,95,6,0
hsa-mir-199a-2,197,1328,511,2887,247,258,317,27,2660,56,25,245,35,369,1225,935,889,66,283,0,197,222,0,640,257,360,2296,117,6009,3005
hsa-mir-181b-1,0,1535,651,2779,344,778,415,64,4395,33,35,500,132,345,2208,4057,2224,105,428,0,1265,614,0,2429,452,1045,2056,160,6780,2388
hsa-mir-181a-1,6220,38087,18301,86981,11067,13847,12258,2029,130514,970,1000,13501,2664,7578,64038,101886,63942,2282,10549,12,30420,13222,55,81122,10544,33147,70642,4299,245721,93769
hsa-mir-29c,1566,3254,4876,1081,6614,9096,2050,177,2125,114,59,1084,89,3045,3885,482,13998,0,1009,0,0,0,0,6643,4492,6181,6181,691,5898,1255
hsa-mir-29b-2,333,0,0,0,0,3063,0,0,0,28,0,0,21,0,0,176,0,0,165,0,0,95,0,1179,846,0,815,0,726,216
hsa-mir-215,10,0,0,0,0,0,0,0,0,0,0,0,0,0,0,9,0,0,0,0,0,0,0,0,0,0,0,0,0,0
hsa-mir-194-1,143,443,289,166,204,372,196,26,250,7,6,72,10,70,270,154,624,30,45,0,356,39,0,187,166,470,220,122,375,85
hsa-mir-664a,133,344,739,203,410,599,382,48,329,6,6,50,0,92,221,191,825,22,37,0,508,80,0,310,928,453,777,198,508,181
hsa-mir-320b-2,34,30,57,68,46,142,25,0,73,0,0,8,0,25,84,28,61,0,12,0,52,0,0,64,65,64,59,24,127,56
hsa-mir-107,1721,3536,7904,3101,3937,6777,2177,329,5493,63,111,1192,70,2583,5117,1768,5201,606,928,0,5788,555,13,4120,2493,5498,4250,2239,5636,2689
hsa-mir-1287,0,0,0,13,0,0,0,0,0,0,0,0,0,0,0,7,0,0,0,0,12,0,0,0,0,0,12,0,8,7
hsa-mir-1307,1138,2002,2562,2502,1611,558,1793,207,2686,51,72,1187,28,1974,4638,151,3130,322,416,0,1896,68,0,968,1301,3556,1607,342,2892,666
hsa-mir-2110,0,0,0,0,0,0,0,0,0,0,0,0,0,0,0,42,0,0,0,0,0,0,0,0,0,0,0,0,0,0
hsa-mir-210,0,116,300,136,164,0,72,10,168,12,11,34,0,65,171,22,198,29,51,0,157,12,0,111,85,0,110,75,169,60
hsa-mir-192,5049,14599,12148,6842,7494,12682,7592,763,8149,470,272,4060,308,3688,11571,3871,26598,1367,1539,0,11558,1323,24,10349,7351,16838,14898,3830,8555,4360
hsa-mir-192*,5049,14599,12148,6842,7494,12682,7592,763,8149,470,272,4060,308,3688,11571,3871,26598,1367,1539,0,11558,1323,24,10349,7351,16838,14898,3830,8555,4360
hsa-mir-139,0,48,0,95,0,7,0,0,50,0,0,0,0,15,39,84,45,0,13,0,0,0,0,5,0,6,82,0,143,86
hsa-mir-326,0,29,0,246,0,8,5,0,141,0,0,0,0,31,72,24,51,6,10,0,6,6,0,18,16,12,76,0,101,76
hsa-mir-125b-1,0,10,0,24,0,12,0,0,28,0,0,0,0,0,22,13,23,24,27,0,8,0,0,0,0,12,11,0,41,28
hsa-mir-100,0,0,0,38,0,15,0,0,32,0,0,0,0,0,0,24,15,35,16,0,14,0,0,0,5,21,0,0,6,18
hsa-mir-616,0,36,34,0,29,68,21,0,16,0,0,11,0,0,64,29,41,0,0,0,54,0,0,54,36,47,54,11,46,16
hsa-mir-26a-2,81559,473741,412660,228624,413368,442666,353885,14722,229835,29723,33778,62888,14927,77559,770566,133279,608077,17601,50498,481,441604,96536,1731,551998,364560,472785,847139,160962,370072,194632
hsa-mir-618,0,6,16,22,9,0,0,0,0,0,0,0,0,10,15,13,10,0,0,0,0,0,0,0,0,0,0,0,0,0
hsa-mir-16-1,33003,44775,90448,72431,279826,175853,116202,10496,139622,7298,8074,34143,5475,22758,203560,67665,262008,15009,27903,14,149534,25357,430,193050,100417,172745,330159,71826,204051,55348
hsa-mir-15a,2856,860,633,3928,24985,15246,10037,1309,13980,781,855,5790,441,2760,22407,4939,19807,3691,3440,0,14557,1617,87,28819,6503,16870,42135,5557,22436,4246
hsa-mir-151b,966,12126,377,7771,52,2717,234,18,7195,320,240,902,155,6056,17009,2969,3173,727,3767,0,136,234,31,8996,215,2024,4947,15,19763,11797
hsa-mir-628,26,43,54,77,39,26,22,0,80,0,0,16,0,0,48,51,46,0,0,0,35,5,0,47,30,46,57,14,76,41
hsa-mir-629,41,27,172,35,105,36,42,7,68,0,0,24,0,46,60,33,109,0,10,0,23,16,0,45,95,150,97,44,135,66
hsa-mir-328,0,0,0,84,0,0,0,0,84,0,9,0,0,0,0,73,0,0,12,0,0,15,0,0,0,0,0,0,0,101
hsa-mir-1910,0,9,8,0,11,0,12,0,7,0,0,0,0,0,6,9,0,7,0,0,13,0,0,8,9,6,9,0,23,19
hsa-mir-22,15132,28422,44021,65426,34828,11971,16563,2045,62733,1711,1350,11945,2260,9521,42739,41259,60530,2329,9542,9,38797,10476,46,40004,16230,53097,71938,10149,91124,58225
hsa-mir-132,34,44,70,115,42,43,27,0,115,0,0,16,0,17,80,122,121,10,21,0,59,21,0,65,33,74,69,24,113,55
hsa-mir-212,0,16,0,15,0,0,0,0,14,0,0,0,0,0,0,19,0,0,0,0,9,0,0,0,9,11,17,0,0,12
hsa-mir-195,111,68,116,174,362,468,105,7,82,0,0,20,0,106,322,31,586,9,23,0,193,23,0,260,280,300,240,50,183,0
hsa-mir-324,41,25,116,54,0,0,28,0,92,0,0,0,0,61,108,42,81,11,20,0,55,0,0,38,58,56,59,43,62,0
hsa-mir-144,0,37,0,69,0,44,0,0,0,0,0,0,0,0,0,59,0,0,0,0,0,101,0,194,0,0,94,0,124,130
hsa-mir-152,0,0,0,0,0,0,0,0,0,0,0,0,0,0,0,23,0,0,0,0,0,0,0,0,17,0,0,0,51,19
hsa-mir-10a,563,1181,692,2972,844,2224,589,134,5830,143,146,551,311,383,7005,6916,9298,113,1101,0,1165,662,0,3287,466,1084,2730,230,6224,7330
hsa-mir-196a-1,0,5,0,7,0,0,0,0,11,0,0,0,0,0,8,8,0,0,0,0,14,0,0,7,0,8,0,0,0,0
hsa-mir-3614,9,6,11,35,13,7,8,0,26,0,0,0,0,6,0,29,10,0,0,0,0,0,0,10,6,0,6,0,12,11
hsa-mir-454,129,625,854,334,405,508,268,33,752,17,8,131,40,146,544,285,625,32,74,0,621,138,0,349,232,470,509,158,866,280
hsa-mir-301a,174,506,881,853,326,265,230,23,1273,24,14,127,38,126,751,268,649,20,65,0,500,164,0,302,255,433,661,114,1096,588
hsa-mir-4524a,0,0,0,0,0,28,0,0,0,0,0,35,0,6,0,6,55,5,10,0,0,0,0,31,0,47,0,0,0,0
hsa-mir-338,20,90,218,208,704,28,85,30,279,5,13,23,6,151,141,293,641,211,134,0,273,34,0,676,32,22,625,193,209,60
hsa-mir-133a-1,0,15,0,33,0,0,0,0,48,0,0,0,0,20,10,12,8,0,0,0,0,0,0,0,0,21,85,0,158,66
hsa-mir-199a-1,197,1328,511,2887,247,258,317,27,2660,56,25,245,35,369,1225,935,889,66,283,0,197,222,0,640,257,360,2296,117,6009,3005
hsa-mir-24-2,388,954,2502,1830,1499,1189,1143,106,1888,50,69,377,82,588,1592,750,2735,94,352,0,1097,220,0,1465,1120,1260,1649,0,828,832
hsa-mir-27a,4305,13162,63815,14804,17483,11689,9883,1673,12889,1241,0,5263,1495,3590,22117,8153,40973,1674,2894,24,46935,2623,139,16789,28259,18401,31336,17148,18222,10983
hsa-mir-23a,0,1863,0,2467,0,0,0,0,0,0,0,0,95,0,0,1696,0,0,0,0,0,0,0,0,0,0,2498,0,2171,1181
hsa-mir-330,8,98,71,80,76,50,61,0,103,0,5,16,0,15,82,26,106,9,18,0,100,12,0,70,60,71,92,34,135,36
hsa-mir-150,52719,196742,132863,38283,162833,199962,105004,8816,179924,4781,3166,23894,1372,105242,228539,70245,150228,15009,39321,77,131186,15285,419,176364,218440,174578,169078,32342,121152,30910
hsa-mir-1301,0,22,27,24,12,22,15,0,27,0,0,0,0,0,17,12,20,0,0,0,19,0,0,24,12,28,33,0,31,26
hsa-mir-1301*,0,22,27,24,12,22,15,0,27,0,0,0,0,0,17,12,20,0,0,0,19,0,0,24,12,28,33,0,31,26
hsa-mir-2355,0,0,0,0,0,0,0,0,0,0,0,0,0,0,0,14,0,0,0,0,0,0,0,0,0,0,0,0,0,0
hsa-mir-659,0,42,94,34,44,33,22,0,43,0,0,8,0,9,60,12,84,0,0,0,51,0,0,61,29,59,66,16,35,22
hsa-mir-2115,0,0,0,0,0,0,0,0,20,0,0,0,0,0,0,9,0,0,0,0,0,0,0,0,0,0,0,0,0,0
hsa-mir-191,9544,49334,83685,77411,52210,36550,32990,1625,64493,1639,1965,7301,2225,15259,50167,34054,123944,1929,11282,14,49361,11080,38,57129,49780,57960,117417,19610,74696,77989
hsa-mir-582,0,0,176,277,79,0,0,0,337,0,0,48,0,0,109,37,215,0,30,0,19,0,0,45,66,0,25,0,0,74
hsa-mir-9-2,0,89,939,60,9,11,10,0,47,0,0,0,11,0,223,46,0,118,230,0,62,13,0,93,13,10,26,0,55,23
hsa-mir-2277,0,34,19,15,18,20,10,0,22,0,0,0,0,0,11,13,0,0,0,0,27,0,0,23,0,27,27,12,22,12
hsa-mir-874,15,137,0,75,11,282,51,0,129,0,0,37,8,77,157,31,269,0,32,0,185,18,0,57,0,174,0,34,77,32
hsa-mir-584,71,293,53,683,7,41,27,0,676,18,0,28,0,74,210,235,276,9,116,0,11,89,0,239,8,186,1020,0,1352,1441
hsa-mir-103a-1,0,12034,25834,11681,11604,13669,7469,800,20460,173,356,3016,281,6004,17439,6220,17060,1365,2643,9,17669,2293,36,9804,7328,12104,14564,6902,18502,8714
hsa-mir-103a-1*,0,12034,25834,11681,11604,13669,7469,800,20460,173,356,3016,281,6004,17439,6220,17060,1365,2643,9,17669,2293,36,9804,7328,12104,14564,6902,18502,8714
hsa-mir-340,481,0,7223,2712,0,0,0,0,3159,0,0,0,86,356,0,568,3339,0,0,0,0,442,0,1845,0,0,3926,0,1981,1032
hsa-mir-30c-2,2018,7873,9012,5258,5506,7855,5523,338,8367,226,256,1026,208,1927,8409,4391,9484,393,963,9,10996,1629,23,7288,9488,8518,10503,2535,15510,5045
hsa-mir-30a,0,263,0,343,0,0,0,0,277,10,0,0,7,0,272,92,0,0,50,0,0,51,0,127,0,0,391,94,0,877
hsa-mir-339,247,587,962,545,1181,982,531,45,1106,25,24,181,16,646,1199,372,695,38,265,0,929,73,0,1402,367,368,372,177,1963,632
hsa-mir-589,104,381,638,408,511,305,361,41,475,10,10,152,0,136,375,461,734,35,107,0,474,59,0,515,232,558,709,128,725,508
hsa-mir-148a,2016,44178,94125,19345,55979,25473,37492,1206,20513,1308,2984,5047,1287,2260,20114,10242,116467,3355,3961,75,73036,11432,204,25762,89684,49871,48578,28286,36716,0
hsa-mir-196b,0,0,0,0,0,16,11,0,0,0,0,0,0,0,0,28,0,0,0,0,0,0,0,12,0,0,0,0,48,0
hsa-mir-550a-3,32,49,47,16,49,53,26,0,26,0,0,11,0,0,75,21,43,0,0,0,40,8,0,19,15,78,16,6,55,21
hsa-mir-93,1117,2910,4902,2671,2681,3724,1723,0,3766,269,240,705,211,792,4359,1596,4708,218,773,0,3901,614,21,3055,2591,5090,4462,0,5561,1894
hsa-mir-106b,0,0,0,0,0,0,0,0,1722,0,0,0,70,775,0,886,0,0,0,0,0,276,0,1600,0,0,2173,854,2421,936
hsa-mir-182,0,1338,0,0,0,123,0,0,0,150,46,132,22,0,670,289,0,0,0,0,378,0,0,0,0,0,0,0,0,0
hsa-mir-183,148,78,44,14,23,11,10,0,62,12,0,0,0,0,33,12,98,0,12,0,15,0,0,25,16,440,0,0,50,41
hsa-mir-29a,0,36736,0,15218,63752,101894,24726,1667,32457,0,0,7416,704,17234,0,7682,0,0,6443,0,0,0,0,43885,0,51115,26499,14406,28029,6439
hsa-mir-29b-1,333,0,0,0,0,3063,0,0,0,28,0,0,21,0,0,176,0,0,165,0,0,95,0,1179,846,0,815,0,726,216
hsa-mir-598,165,222,0,153,0,0,0,0,286,0,0,0,0,152,611,67,442,0,0,0,0,0,0,0,228,0,0,204,0,0
hsa-mir-320a,254,1138,1716,1569,1401,2936,653,53,1911,79,32,232,51,618,2477,589,2155,45,190,0,1681,224,0,1735,1707,1807,2994,703,2293,1457
hsa-mir-486,286402,61500,159452,73749,52852,88393,47520,4039,89122,4304,2186,18655,2324,41559,122067,52680,235065,6274,25560,42,76399,19208,215,115791,70199,907111,203946,28500,140655,188296
hsa-mir-486*,95582,20522,53248,24599,17644,29495,15858,1345,29744,1416,722,6225,768,13873,40761,17566,78479,2092,8524,14,25511,6402,71,38629,23429,302717,68060,9512,46945,62820
hsa-mir-30b,2345,9119,19160,4139,8588,9818,6353,619,6587,160,312,1223,136,3355,10704,1416,16453,796,1136,8,11259,1419,29,5346,8147,7541,8725,4014,6965,1997
hsa-mir-30d,0,0,45791,22469,0,0,0,0,30322,857,0,0,646,0,0,10949,0,0,0,0,41976,7617,0,0,0,0,47126,14902,43646,23778
hsa-mir-151a,1074,15266,519,11149,78,3207,364,29,9541,437,304,1182,200,6684,20114,4026,4082,897,4337,0,218,448,33,10486,247,2674,7705,0,30070,17050
hsa-mir-204,0,0,0,106,0,0,0,0,0,0,0,0,0,0,6,17,0,16,16,0,0,0,0,0,0,0,6,0,15,63
hsa-mir-7-1,0,0,0,0,149,0,97,0,0,0,0,0,0,0,0,92,0,0,0,0,0,0,0,0,0,0,0,0,0,0
hsa-mir-199b,197,1328,511,2887,247,258,317,27,2660,56,25,245,35,369,1225,935,889,66,283,0,197,222,0,640,257,360,2296,117,6009,3005
hsa-mir-221,1255,0,0,0,0,0,0,377,4904,182,0,1484,0,2969,9413,2705,0,718,0,0,0,0,27,0,0,0,0,2622,11417,4027
hsa-mir-222,0,1896,0,0,1878,0,1579,98,1666,70,56,0,62,0,3719,1453,2155,189,0,0,2054,391,0,1519,550,1564,0,909,6535,0
hsa-mir-1468,16,136,133,58,77,49,122,0,127,12,0,14,0,17,185,70,90,8,0,0,101,45,0,163,89,71,196,57,148,100
hsa-mir-421,44,329,395,306,207,128,136,14,386,0,11,41,8,0,180,291,336,20,0,0,345,71,0,249,165,300,397,77,600,346
hsa-mir-374b,165,346,379,372,371,278,149,19,446,5,0,52,8,102,369,259,585,31,46,0,342,50,0,284,298,281,403,101,372,226
hsa-mir-374a,195,0,0,0,827,859,0,0,0,0,0,0,0,146,0,170,1449,0,0,0,0,0,0,0,0,647,0,0,0,0
hsa-mir-361,833,5021,8011,1394,7659,7365,3664,253,5125,344,312,1067,187,2148,5752,1623,6899,502,734,0,5723,978,56,4722,0,5751,7623,2759,7678,1391
hsa-mir-766,0,293,189,192,0,0,0,15,232,0,0,0,0,71,226,102,0,32,43,0,0,10,0,126,147,0,309,0,0,193
hsa-mir-363,763,748,2009,716,179,408,297,51,1595,104,26,500,63,210,2079,656,1266,59,387,0,400,177,0,0,98,2169,445,622,4556,0
hsa-mir-92a-2,25638,64478,54150,43672,65628,74335,43608,4831,57636,2558,2835,11220,1572,25215,81284,37275,91538,8010,12774,42,98731,14359,502,84522,80644,96334,93255,32810,129929,56820
hsa-mir-19b-2,487,1904,1909,567,2967,2819,1184,95,2406,55,29,241,32,440,4552,295,2828,48,159,0,3257,459,0,1419,2333,1381,2077,1029,3022,548
hsa-mir-20b,36,28,162,30,13,22,9,5,92,0,0,25,0,13,128,23,66,0,23,0,25,19,0,13,6,140,25,35,124,22
hsa-mir-106a,23,35,90,32,0,27,17,0,71,0,0,12,0,15,87,16,61,0,0,0,32,7,0,11,8,91,20,25,82,21
hsa-mir-450b,10,39,49,60,43,6,24,0,84,0,0,11,0,9,37,60,41,0,13,0,15,10,0,34,23,29,30,0,20,14
hsa-mir-450a-1,11,20,28,46,21,7,22,0,85,0,0,0,0,11,32,32,30,0,10,0,9,10,0,8,14,16,7,0,0,11
hsa-mir-450a-2,11,20,28,46,21,7,22,0,85,0,0,0,0,11,32,32,30,0,10,0,9,10,0,8,14,16,7,0,0,11
hsa-mir-542,0,0,0,0,0,0,0,0,0,0,0,0,0,0,0,7,0,0,0,0,0,0,0,0,0,0,0,0,0,0
hsa-mir-424,0,0,0,0,0,0,0,0,0,0,0,0,0,0,0,67,0,0,0,0,0,0,0,0,0,0,0,0,0,0
hsa-mir-505,0,0,0,0,0,0,0,0,0,0,0,0,0,0,0,61,0,0,0,0,0,0,0,0,0,0,0,0,0,35
hsa-mir-224,0,27,0,47,0,0,0,0,47,0,0,0,0,0,28,27,8,0,11,0,0,0,0,10,0,8,16,0,102,70
hsa-mir-429,0,0,10,0,0,7,0,0,5,0,0,0,0,0,5,0,6,0,0,0,9,0,0,0,6,6,6,0,11,0
hsa-mir-4781,0,8,16,0,0,17,0,0,13,0,0,0,0,0,0,0,26,0,0,0,0,0,0,0,11,0,21,0,0,0
hsa-mir-556,0,0,0,6,0,0,0,0,0,0,0,0,0,0,0,0,0,0,0,0,0,0,0,0,0,0,5,0,12,5
hsa-mir-4424,0,0,19,6,33,20,12,0,10,0,0,0,0,0,1633,0,31,0,0,0,0,0,0,1123,0,346,39,6,0,0
hsa-mir-511-1,0,0,0,0,0,0,31,0,0,0,0,0,0,0,0,0,0,0,0,0,0,0,0,17,0,0,10,0,0,0
hsa-mir-511-2,0,0,0,0,0,0,31,0,0,0,0,0,0,0,0,0,0,0,0,0,0,0,0,17,0,0,10,0,0,0
hsa-mir-3158-1,0,0,0,0,0,0,0,0,0,0,0,0,0,0,0,0,10,0,0,0,0,0,0,0,0,0,14,0,0,0
hsa-mir-4687,0,0,0,8,0,0,0,0,0,0,0,0,0,0,0,0,0,0,0,0,0,0,0,0,0,0,9,0,0,0
hsa-mir-6502,0,0,0,8,0,0,0,0,14,0,0,0,0,0,0,0,0,0,0,0,0,0,0,0,0,0,7,0,0,0
hsa-mir-3913-2,0,0,0,0,10,0,0,0,0,0,0,0,0,0,0,0,16,0,0,0,11,0,0,0,0,11,12,0,0,0
hsa-mir-337,0,0,0,0,0,0,0,0,0,0,0,0,0,0,0,0,0,0,0,0,0,0,0,0,0,0,6,0,0,0
hsa-mir-376c,0,0,0,0,0,0,0,0,21,0,0,0,0,0,15,0,5,0,0,0,0,0,0,0,0,0,6,0,15,8
hsa-mir-190a,19,0,0,19,0,0,18,0,24,0,0,0,0,0,17,0,11,0,0,0,0,0,0,0,0,148,36,0,48,28
hsa-mir-184,0,9,0,6,0,21,0,0,0,0,0,0,0,0,5,0,0,0,0,0,15,0,0,0,8,10,42,8,0,0
hsa-mir-548ap,0,0,6,0,8,0,0,0,0,0,0,0,0,0,0,0,0,0,0,0,6,0,0,0,5,0,15,0,0,0
hsa-mir-1179,0,0,0,0,0,0,0,0,0,0,0,0,0,0,8,0,0,0,0,0,0,0,0,0,0,0,14,0,0,0
hsa-mir-3176,0,0,0,8,0,0,0,0,10,0,0,0,0,0,8,0,0,0,0,0,0,0,0,0,0,0,10,0,9,0
hsa-mir-940,0,0,0,11,6,0,0,0,11,0,0,0,0,0,0,0,13,0,0,0,9,0,0,0,0,0,11,0,0,0
hsa-mir-5010,0,11,0,11,0,0,0,0,0,0,0,0,0,0,0,0,0,0,0,0,0,0,0,0,13,0,24,0,0,7
hsa-mir-5196,0,0,9,0,7,0,0,0,5,0,0,0,0,0,0,0,0,0,0,0,0,0,0,7,8,8,13,0,98,37
hsa-mir-3681,0,0,146,0,100,0,65,0,0,0,0,0,0,0,0,0,0,0,0,0,0,0,0,0,45,44,35,0,0,0
hsa-mir-5000,6,14,28,0,0,16,6,0,7,0,0,0,0,9,36,0,30,0,0,0,10,0,0,10,14,10,17,7,14,6
hsa-mir-4435-1,0,0,0,11,0,0,0,0,0,0,0,0,0,0,5,0,0,0,0,0,0,0,0,0,0,0,10,0,22,19
hsa-mir-561,0,0,0,0,0,0,0,0,0,0,0,0,0,0,0,0,0,0,0,0,0,0,0,0,0,7,5,0,0,0
hsa-mir-3130-2,0,13,0,0,0,0,0,0,0,0,0,0,0,0,0,0,0,0,0,0,0,0,0,0,0,10,13,0,8,5
hsa-mir-499a,10,34,58,8,76,72,35,0,22,0,0,8,0,13,19,0,40,0,10,0,46,0,0,24,40,57,42,10,23,9
hsa-mir-1-1,0,0,0,0,0,0,0,0,0,0,0,0,0,0,0,0,0,0,0,0,0,0,0,0,0,0,11,0,0,6
hsa-mir-5571,0,0,0,6,11,0,0,0,0,0,0,0,0,0,0,0,0,0,0,0,5,0,0,0,0,0,12,0,7,0
hsa-mir-33a,0,0,0,97,51,64,0,0,123,0,0,0,0,0,148,0,116,0,27,0,91,0,0,0,55,115,38,41,254,0
hsa-mir-4446,0,8,0,21,6,0,0,0,10,0,0,0,0,0,0,0,0,0,0,0,0,0,0,0,0,0,15,0,25,35
hsa-mir-944,0,0,0,0,0,0,0,0,0,0,0,0,0,0,0,0,0,0,0,0,0,0,0,0,0,0,16,0,0,0
hsa-mir-3688-2,0,0,7,6,9,11,0,0,0,0,0,0,0,0,7,0,10,0,0,0,9,0,0,0,9,17,7,0,0,5
hsa-mir-5706,0,0,7,0,0,0,0,0,5,0,0,0,0,0,5,0,8,0,0,0,0,0,0,0,0,7,9,0,0,0
hsa-mir-5683,0,0,0,0,0,5,0,0,0,0,0,0,0,0,7,0,0,0,0,0,0,0,0,0,0,0,6,0,0,0
hsa-mir-3609,0,0,0,0,23,22,0,0,11,0,0,0,0,0,0,0,20,0,0,0,0,0,0,14,0,25,18,0,18,12
hsa-mir-4661,0,0,0,0,0,0,0,0,0,0,0,0,0,0,0,0,0,0,0,0,0,0,0,0,0,13,15,0,0,0
hsa-mir-651,8,72,84,15,44,32,15,0,18,0,0,0,0,11,43,0,71,0,0,0,35,0,0,17,32,50,36,12,38,10
hsa-mir-3605,0,10,11,0,0,0,8,0,0,0,0,0,0,0,0,0,9,0,0,0,13,0,0,10,0,11,12,0,0,0
hsa-mir-1537,0,0,0,0,0,0,0,0,0,0,0,0,0,0,0,0,0,0,0,0,0,0,0,0,0,0,10,0,0,0
hsa-mir-1296,0,0,0,17,0,0,0,0,10,0,0,0,0,0,20,0,11,0,0,0,0,0,0,13,0,0,15,0,24,15
hsa-mir-3158-2,0,0,0,0,0,0,0,0,0,0,0,0,0,0,0,0,10,0,0,0,0,0,0,0,0,0,14,0,0,15
hsa-mir-4482,0,0,7,0,0,0,0,0,0,0,0,0,0,5,15,0,0,0,0,0,0,0,0,0,0,0,18,0,14,0
hsa-mir-1908,0,0,0,9,0,0,0,0,0,0,0,0,0,0,0,0,0,0,0,0,0,0,0,0,0,0,8,0,13,12
hsa-mir-1291,0,0,0,0,0,0,0,0,0,0,0,0,0,0,0,0,0,0,0,0,0,0,0,0,0,0,12,0,0,0
hsa-mir-3913-1,0,0,0,0,10,0,0,0,0,0,0,0,0,0,0,0,16,0,0,0,11,0,0,0,0,11,12,0,0,0
hsa-mir-320d-1,0,0,0,0,0,0,0,0,0,0,0,0,0,0,0,0,10,0,0,0,6,0,0,0,0,0,8,0,0,0
hsa-mir-3613,108,31,0,92,391,29,135,21,142,0,25,87,0,74,325,0,248,90,36,0,120,13,0,71,155,166,109,38,51,0
hsa-mir-3173,0,0,0,0,0,0,0,0,0,0,0,0,0,0,7,0,0,0,0,0,0,0,0,0,0,0,13,0,0,0
hsa-mir-627,0,14,13,0,17,0,6,0,0,0,0,0,0,0,0,0,21,0,0,0,22,0,0,14,13,26,17,0,0,6
hsa-mir-2116,0,0,0,0,15,32,0,0,0,0,0,0,0,0,0,0,0,0,0,0,16,0,0,26,25,38,14,0,12,0
hsa-mir-497,0,0,0,0,71,73,0,0,29,0,0,0,0,24,0,0,0,0,0,0,0,12,0,47,0,0,37,18,74,13
hsa-mir-1-2,0,0,0,0,0,0,0,0,0,0,0,0,0,0,0,0,0,0,0,0,0,0,0,0,0,0,11,0,0,6
hsa-mir-1270-1,0,0,0,0,0,0,0,0,0,0,0,0,0,0,0,0,0,0,0,0,0,0,0,0,0,0,15,0,0,0
hsa-mir-1270-2,0,0,0,0,0,0,0,0,0,0,0,0,0,0,0,0,0,0,0,0,0,0,0,0,0,0,15,0,0,0
hsa-mir-4435-2,0,0,0,11,0,0,0,0,0,0,0,0,0,0,5,0,0,0,0,0,0,0,0,0,0,0,10,0,22,19
hsa-mir-3130-1,0,13,0,0,0,0,0,0,0,0,0,0,0,0,0,0,0,0,0,0,0,0,0,0,0,10,13,0,8,5
hsa-mir-6513,0,0,5,0,0,0,0,0,0,0,0,0,0,0,0,0,10,0,0,0,0,0,0,0,0,7,5,0,13,5
hsa-mir-6513*,0,0,5,0,0,0,0,0,0,0,0,0,0,0,0,0,10,0,0,0,0,0,0,0,0,7,5,0,13,5
hsa-mir-153-1,0,11,0,0,11,21,0,0,7,0,0,0,0,0,7,0,0,0,0,0,0,0,0,0,9,0,9,0,0,0
hsa-mir-5001,6,0,10,0,12,19,0,0,12,0,0,0,0,0,9,0,18,0,0,0,14,0,0,11,10,23,10,6,15,0
hsa-mir-2467,9,10,18,30,8,0,7,0,45,0,0,14,0,8,13,0,25,0,0,0,10,0,0,12,10,19,18,0,7,11
hsa-mir-296,0,0,0,0,0,0,0,0,0,0,0,0,0,0,0,0,0,0,0,0,0,0,0,0,0,0,20,0,0,0
hsa-mir-296*,0,0,0,0,0,0,0,0,0,0,0,0,0,0,0,0,0,0,0,0,0,0,0,0,0,0,20,0,0,0
hsa-mir-548j,0,0,6,0,0,0,0,0,0,0,0,0,0,0,0,0,0,0,0,0,6,0,0,0,5,0,15,0,0,0
hsa-mir-1284,0,5,0,0,0,6,0,0,0,0,0,0,0,0,0,0,0,0,0,0,0,0,0,0,0,0,7,0,0,0
hsa-mir-95,0,0,0,0,0,0,0,0,0,0,0,0,0,0,0,0,14,0,0,0,0,0,0,11,0,0,5,0,0,0
hsa-mir-1255a,0,0,0,19,0,0,0,0,0,0,0,0,0,0,0,0,0,0,0,0,9,0,0,0,0,0,24,0,0,0
hsa-mir-3688-1,0,0,7,6,9,11,0,0,0,0,0,0,0,0,7,0,10,0,0,0,9,0,0,0,9,17,7,0,0,5
hsa-mir-579,0,0,0,0,0,0,0,0,0,0,0,0,0,0,0,0,0,0,0,0,0,0,0,0,0,0,6,0,0,0
hsa-mir-580,0,0,0,9,13,0,0,0,10,0,0,0,0,6,14,0,20,0,0,0,0,0,0,0,0,8,9,0,11,0
hsa-mir-3912,0,11,31,0,0,40,11,0,15,0,0,0,0,10,36,0,30,0,7,0,0,0,0,30,15,22,22,0,21,13
hsa-mir-4645,0,0,0,8,0,0,0,0,0,0,0,0,0,0,0,0,0,0,0,0,0,0,0,0,0,0,8,0,0,0
hsa-mir-5690,0,25,18,16,6,21,21,0,35,0,0,0,0,0,28,0,23,0,7,0,10,0,0,8,13,18,19,0,12,0
hsa-mir-31,17,24,30,64,0,10,20,0,171,0,0,0,0,17,76,0,73,0,22,0,42,7,0,62,7,39,6,10,18,0
hsa-mir-1299,0,0,5,0,0,0,0,0,0,0,0,0,0,0,0,0,0,0,0,0,0,0,0,0,130,0,9,68,0,0
hsa-mir-3074,0,0,0,0,0,0,0,0,0,0,0,0,0,0,0,0,0,0,0,0,0,0,0,0,7,15,13,0,17,0
hsa-mir-320d-2,0,0,0,0,0,0,0,0,0,0,0,0,0,0,0,0,9,0,0,0,6,0,0,0,0,0,8,0,0,0
hsa-mir-142,54319,180102,235604,122768,246288,0,120035,6232,143632,0,6293,43638,4228,64383,233874,0,402117,11262,32717,0,237568,0,469,0,170567,317963,0,79190,356210,0
hsa-mir-3677,0,0,0,0,0,0,0,0,12,0,0,0,0,0,0,0,10,0,0,0,10,0,0,0,0,9,0,0,18,0
hsa-mir-548w,0,0,0,0,0,0,0,0,0,0,0,0,0,0,0,0,0,0,0,0,8,0,0,0,0,0,0,0,0,0
hsa-mir-138-2,0,0,1563,0,0,0,0,0,44,0,0,0,0,0,0,0,0,5,14,0,37,0,0,21,0,0,0,0,305,62
hsa-mir-138-1,0,0,1549,0,0,0,0,0,44,0,0,0,0,0,0,0,0,5,14,0,37,0,0,21,0,0,0,0,304,61
hsa-mir-4464,0,0,0,0,0,68,0,0,0,0,0,0,0,0,0,0,0,0,0,0,47,0,0,0,0,0,0,11,0,0
hsa-mir-188,0,0,0,0,0,11,0,0,0,0,0,0,0,0,0,0,0,0,0,0,5,0,0,0,0,8,0,0,0,0
hsa-mir-1304,0,0,0,0,0,0,0,0,0,0,0,0,0,0,0,0,0,0,0,0,78,0,0,0,0,0,0,0,0,0
hsa-mir-3194,0,0,0,0,0,0,0,0,0,0,0,0,0,0,0,0,18,0,0,0,17,0,0,0,0,0,0,0,13,0
hsa-mir-3667,0,0,0,0,0,0,0,0,0,0,0,0,0,0,0,0,0,0,0,0,12,0,0,0,0,0,0,0,0,0
hsa-mir-1278,0,8,0,0,0,0,0,0,0,0,0,0,0,0,0,0,0,0,0,0,0,0,0,5,0,0,0,0,6,0
hsa-mir-3620,0,0,0,0,0,0,0,0,0,0,0,0,0,0,0,0,0,0,0,0,0,0,0,7,0,0,0,0,0,0
hsa-mir-370,0,0,0,0,0,0,0,0,19,0,0,0,0,0,15,0,0,0,0,0,0,0,0,9,0,0,0,0,25,48
hsa-mir-4326,7,0,0,6,0,0,0,0,0,0,0,0,0,0,0,0,10,0,0,0,0,0,0,11,9,14,0,0,0,0
hsa-mir-500b,0,0,15,0,9,21,0,0,21,0,0,0,0,0,0,0,0,0,0,0,0,0,0,10,14,10,0,0,0,0
hsa-mir-3202-1,0,0,0,0,0,0,0,0,0,0,0,0,0,0,0,0,0,0,0,0,0,0,0,13,0,0,0,0,0,0
hsa-mir-548ak,0,0,0,0,11,0,0,0,0,0,0,0,0,0,0,0,0,0,0,0,0,0,0,9,0,0,0,0,0,0
hsa-mir-4707,0,0,0,0,0,0,0,0,0,0,0,0,0,0,0,0,0,0,0,0,0,0,0,5,0,0,0,0,0,0
hsa-mir-4707*,0,0,0,0,0,0,0,0,0,0,0,0,0,0,0,0,0,0,0,0,0,0,0,5,0,0,0,0,0,0
hsa-mir-371b,0,0,0,0,0,0,0,0,0,0,0,0,0,0,0,0,0,0,0,0,0,0,0,15,0,0,0,0,0,0
hsa-mir-153-2,0,0,0,0,0,0,0,0,0,0,0,0,0,0,0,0,0,0,0,0,0,0,0,28,0,14,0,0,0,0
hsa-mir-320c-1,13,0,0,11,0,0,0,0,0,0,0,0,0,0,0,0,0,0,0,0,0,0,0,0,0,0,0,0,0,0
hsa-mir-320c-2,13,0,0,11,0,0,0,0,0,0,0,0,0,0,0,0,0,0,0,0,0,0,0,0,0,0,0,0,0,0
hsa-mir-3690-1,6,0,0,14,0,0,0,0,13,0,0,0,0,0,0,0,0,0,0,0,0,0,0,0,0,0,0,0,0,0
hsa-mir-3690-2,6,0,0,14,0,0,0,0,13,0,0,0,0,0,0,0,0,0,0,0,0,0,0,0,0,0,0,0,0,0
hsa-mir-1180,7,0,0,0,0,0,0,0,0,0,0,0,0,0,6,0,0,0,0,0,0,0,0,0,0,22,0,0,14,5
hsa-mir-4732,7,0,0,0,0,0,0,0,0,0,0,0,0,0,0,0,0,0,0,0,0,0,0,0,0,36,0,0,0,0
hsa-mir-1254-1,0,0,5,0,0,0,0,0,0,0,0,0,0,0,0,0,0,0,0,0,0,0,0,0,0,0,0,0,0,0
hsa-mir-34c,0,0,9,15,0,0,0,0,32,0,0,0,0,0,6,0,16,0,0,0,0,0,0,0,0,0,0,0,0,0
hsa-mir-1294,0,0,17,0,5,0,0,0,0,0,0,0,0,0,0,0,0,0,0,0,0,0,0,0,0,18,0,0,0,10
hsa-mir-219-1,0,0,9,0,9,0,0,0,0,0,0,0,0,0,0,0,0,0,0,0,0,0,0,0,0,7,0,0,0,0
hsa-mir-3942,0,0,9,0,0,0,0,0,0,0,0,0,0,0,0,0,0,0,0,0,0,0,0,0,0,11,0,0,0,0
hsa-mir-375,0,0,14,0,0,0,0,0,0,0,0,0,0,0,10,0,6,0,0,0,0,0,0,0,0,6,0,0,0,0
hsa-mir-643,0,6,0,0,0,0,0,0,0,0,0,0,0,0,0,0,7,0,0,0,0,0,0,0,0,5,0,0,0,0
hsa-mir-3143,0,0,0,0,0,0,0,0,0,0,0,0,0,0,0,0,0,0,0,0,0,0,0,0,0,16,0,0,0,0
hsa-mir-490,0,0,0,16,0,0,0,0,7,0,0,0,0,0,13,0,23,0,0,0,0,0,0,0,0,8,0,0,7,0
hsa-mir-539,0,0,0,0,0,0,0,0,16,0,0,0,0,0,24,0,11,0,0,0,0,0,0,0,0,0,0,0,21,0
hsa-mir-218-1,0,0,0,0,0,0,0,0,0,0,0,0,0,0,0,0,5,0,0,0,0,0,0,0,0,0,0,0,0,0
hsa-mir-218-1*,0,0,0,0,0,0,0,0,0,0,0,0,0,0,0,0,5,0,0,0,0,0,0,0,0,0,0,0,0,0
hsa-mir-3611,0,0,0,0,0,0,0,0,0,0,0,0,0,0,7,0,7,0,0,0,0,0,0,0,0,0,0,0,0,0
hsa-mir-3064,0,0,0,0,0,0,0,0,0,0,0,0,0,0,0,0,8,0,0,0,0,0,0,0,0,0,0,0,0,0
hsa-mir-4999,0,0,0,0,0,0,0,0,0,0,0,0,0,0,0,0,6,0,0,0,0,0,0,0,0,0,0,0,0,0
hsa-mir-1285-2,0,0,0,0,0,0,5,0,5,0,0,0,0,0,5,0,5,0,0,0,0,0,0,0,0,0,0,0,8,0
hsa-mir-3136,0,0,0,0,0,8,0,0,0,0,0,0,0,0,0,0,7,0,0,0,0,0,0,0,0,0,0,0,0,0
hsa-mir-218-2,0,0,0,0,0,0,0,0,0,0,0,0,0,0,0,0,5,0,0,0,0,0,0,0,0,0,0,0,0,0
hsa-mir-1285-1,0,0,0,0,0,0,5,0,6,0,0,0,0,0,6,0,5,0,0,0,0,0,0,0,0,0,0,0,9,0
hsa-mir-548am,0,0,0,0,0,0,0,0,0,0,0,0,0,0,5,0,5,0,0,0,0,0,0,0,0,0,0,0,5,0
hsa-mir-3120,0,0,0,0,0,0,0,0,0,0,0,0,0,0,0,0,0,0,0,0,0,0,0,0,0,0,0,0,0,14
hsa-mir-1197,0,0,0,0,0,0,0,0,8,0,0,0,0,0,0,0,0,0,0,0,0,0,0,0,0,0,0,0,12,13
hsa-mir-494,0,0,0,0,0,0,0,0,6,0,0,0,0,0,7,0,0,0,0,0,0,0,0,0,0,0,0,0,7,5
hsa-mir-495,0,0,0,0,0,0,0,0,0,0,0,0,0,0,0,0,0,0,0,0,0,0,0,0,0,0,0,0,0,10
hsa-mir-1185-1,0,0,0,0,0,0,0,0,14,0,0,0,0,0,11,0,0,0,0,0,0,0,0,0,0,0,0,0,14,13
hsa-mir-154,0,0,0,0,0,0,0,0,0,0,0,0,0,0,5,0,0,0,0,0,0,0,0,0,0,0,0,0,8,6
hsa-mir-496,0,0,0,0,0,0,0,0,8,0,0,0,0,0,0,0,0,0,0,0,0,0,0,0,0,0,0,0,7,8
hsa-mir-412,0,0,0,0,0,0,0,0,0,0,0,0,0,0,0,0,0,0,0,0,0,0,0,0,0,0,0,0,0,6
hsa-mir-133b,0,0,0,0,0,0,0,0,8,0,0,0,0,0,0,0,0,0,0,0,0,0,0,0,0,0,0,0,0,8
hsa-mir-1256,0,0,0,7,0,0,0,0,5,0,0,0,0,0,5,0,0,0,0,0,0,0,0,0,0,0,0,0,0,5
hsa-mir-1229,0,0,0,0,0,0,0,0,0,0,0,0,0,0,0,0,0,0,0,0,0,0,0,0,0,0,0,0,15,7
hsa-mir-1229*,0,0,0,0,0,0,0,0,0,0,0,0,0,0,0,0,0,0,0,0,0,0,0,0,0,0,0,0,15,7
hsa-mir-3150b,0,0,0,0,0,0,0,0,0,0,0,0,0,0,0,0,0,0,0,0,0,0,0,0,0,0,0,0,51,15
hsa-mir-3116-1,0,0,0,0,5,0,5,0,0,0,0,0,0,0,0,0,0,0,0,0,0,0,0,0,0,0,0,0,0,0
hsa-mir-3116-2,0,0,0,0,5,0,5,0,0,0,0,0,0,0,0,0,0,0,0,0,0,0,0,0,0,0,0,0,0,0
hsa-mir-3155a,0,0,0,0,0,0,0,0,0,0,0,0,0,0,0,0,0,0,0,0,0,0,0,0,0,0,0,0,7,0
hsa-mir-380,0,0,0,0,0,0,0,0,0,0,0,0,0,0,0,0,0,0,0,0,0,0,0,0,0,0,0,0,7,0
hsa-mir-323a,0,0,0,0,0,0,0,0,0,0,0,0,0,0,0,0,0,0,0,0,0,0,0,0,0,0,0,0,13,0
hsa-mir-551b,0,0,0,0,0,0,0,0,0,0,0,0,0,0,0,0,0,0,0,0,0,0,0,0,0,0,0,0,5,0
hsa-mir-4767,0,0,0,0,0,0,0,0,0,0,0,0,0,0,0,0,0,0,0,0,0,0,0,0,0,0,0,0,49,0
hsa-mir-4767*,0,0,0,0,0,0,0,0,0,0,0,0,0,0,0,0,0,0,0,0,0,0,0,0,0,0,0,0,49,0
hsa-mir-4536-2,0,0,0,6,0,0,0,0,0,0,0,0,0,0,0,0,0,0,0,0,0,0,0,0,0,0,0,0,5,0
hsa-mir-4645*,0,0,0,0,0,0,0,0,0,0,0,0,0,0,0,0,0,0,0,0,0,0,0,0,0,0,0,0,27,0
hsa-mir-96,0,0,0,0,0,0,0,0,5,0,0,0,0,0,0,0,0,0,0,0,0,0,0,0,0,0,0,0,9,0
hsa-mir-452,0,0,0,0,0,0,0,0,0,0,0,0,0,0,0,0,0,0,0,0,0,0,0,0,0,0,0,0,6,0
hsa-mir-377,0,0,0,0,0,0,0,0,0,0,0,0,0,0,7,0,0,0,0,0,0,0,0,0,0,0,0,0,0,0
hsa-mir-326*,0,0,0,0,0,0,0,0,0,0,0,0,0,0,8,0,0,0,0,0,0,0,0,0,0,0,0,0,0,0
hsa-mir-3940,0,0,0,0,0,16,0,0,0,0,0,0,0,0,9,0,0,0,0,0,0,0,0,0,0,0,0,0,0,0
hsa-mir-545,0,0,0,6,5,0,0,0,0,0,0,0,0,0,6,0,0,0,0,0,0,0,0,0,0,0,0,0,0,0
hsa-mir-508,0,0,0,0,0,0,0,0,0,0,0,0,0,0,13,0,0,0,0,0,0,0,0,0,0,0,0,0,0,0
hsa-mir-509-2,0,0,0,11,0,0,0,0,0,0,0,0,0,0,22,0,0,0,0,0,0,0,0,0,0,0,0,0,0,0
hsa-mir-509-3,0,0,0,11,0,0,0,0,0,0,0,0,0,0,22,0,0,0,0,0,0,0,0,0,0,0,0,0,0,0
hsa-mir-509-1,0,0,0,11,0,0,0,0,0,0,0,0,0,0,22,0,0,0,0,0,0,0,0,0,0,0,0,0,0,0
hsa-mir-135a-2,0,15,0,0,0,0,0,0,0,0,0,0,0,0,0,0,0,0,0,0,0,0,0,0,0,0,0,0,0,0
hsa-mir-135a-1,0,15,0,0,0,0,0,0,0,0,0,0,0,0,0,0,0,0,0,0,0,0,0,0,0,0,0,0,0,0
hsa-mir-129-2,0,0,0,0,0,0,0,0,0,0,0,0,0,0,0,0,0,0,13,0,0,0,0,0,0,0,0,0,0,0
hsa-mir-124-3,0,0,0,0,0,0,0,0,0,0,0,0,0,0,0,0,0,0,23,0,0,0,0,0,0,0,0,0,0,0
hsa-mir-129-1,0,0,0,0,0,0,0,0,0,0,0,0,0,0,0,0,0,0,13,0,0,0,0,0,0,0,0,0,0,0
hsa-mir-124-2,0,0,0,0,0,0,0,0,0,0,0,0,0,0,0,0,0,0,23,0,0,0,0,0,0,0,0,0,0,0
hsa-mir-124-1,0,0,0,0,0,0,0,0,0,0,0,0,0,0,0,0,0,0,23,0,0,0,0,0,0,0,0,0,0,0
hsa-mir-656,0,0,0,0,0,0,0,0,6,0,0,0,0,0,0,0,0,0,0,0,0,0,0,0,0,0,0,0,0,0
hsa-mir-4736,0,0,0,0,0,0,0,0,16,0,0,0,0,0,0,0,0,0,0,0,0,0,0,0,0,0,0,0,0,0
hsa-mir-548f-2,0,0,0,0,0,0,0,0,5,0,0,0,0,0,0,0,0,0,0,0,0,0,0,0,0,0,0,0,0,0
hsa-mir-1249,0,0,0,0,0,0,0,0,16,0,0,0,0,0,0,0,0,0,0,0,0,0,0,0,0,0,0,0,0,0
hsa-mir-449a,0,0,0,0,0,0,0,0,7,0,0,0,0,0,0,0,0,0,0,0,0,0,0,0,0,0,0,0,0,0
hsa-mir-548f-3,0,0,0,0,0,0,0,0,5,0,0,0,0,0,0,0,0,0,0,0,0,0,0,0,0,0,0,0,0,0
hsa-mir-5189,0,0,0,7,0,0,0,0,0,0,0,0,0,0,0,0,0,0,0,0,0,0,0,0,0,0,0,0,0,0
hsa-mir-1306,0,0,0,11,0,0,0,0,0,0,0,0,0,0,0,0,0,0,0,0,0,0,0,0,0,0,0,0,0,0
hsa-mir-548ax,0,0,0,6,0,0,0,0,0,0,0,0,0,0,0,0,0,0,0,0,0,0,0,0,0,0,0,0,0,0
hsa-mir-570,0,0,0,0,6,0,0,0,0,0,0,0,0,0,0,0,0,0,0,0,0,0,0,0,0,0,0,0,0,0
hsa-mir-624,0,0,0,0,6,0,0,0,0,0,0,0,0,0,0,0,0,0,0,0,0,0,0,0,0,0,0,0,0,0
hsa-mir-600,0,0,0,0,6,0,0,0,0,0,0,0,0,0,0,0,0,0,0,0,0,0,0,0,0,0,0,0,0,0
hsa-miR-150-1,26,22,25,6,8,15,6,0,0,0,0,15,0,13,5,5,0,0,0,0,0,0,0,26,43,21,0,0,5,0
hsa-miR-28-1,3225,19318,34580,19518,22215,55129,19596,884,22061,2351,1266,4706,1046,9434,39969,12706,51236,1075,3363,28,28720,6683,113,32365,34784,20300,30427,13018,28717,11376
hsa-miR-28-2,0,8,21,22,15,20,12,0,9,0,0,10,0,14,27,7,45,0,0,0,13,0,0,32,34,17,21,16,13,0
hsa-miR-1277-1,25,148,148,137,133,26,95,9,165,0,0,33,0,34,175,14,159,17,46,0,120,0,0,46,59,108,73,53,234,49
hsa-miR-339-1,35,16,37,19,53,46,18,0,57,0,0,15,0,70,65,18,26,0,13,0,25,0,0,53,13,28,14,10,80,13
hsa-miR-941-1,500,1761,0,0,0,1384,1254,118,0,60,37,470,148,470,535,2172,2520,179,1050,0,987,287,0,1358,1156,896,1380,0,0,802
hsa-miR-941-2,500,1761,0,0,0,1384,1254,118,0,60,37,470,148,470,535,2172,2520,179,1050,0,987,287,0,1358,1156,896,1380,0,0,802
hsa-mir-941-1-1,0,0,0,0,0,0,0,0,0,0,0,0,0,0,0,8,0,0,0,0,0,0,0,0,0,0,8,0,0,0
hsa-miR-941-3,500,1761,0,0,0,1384,1254,118,0,60,37,470,148,470,535,2172,2520,179,1050,0,987,287,0,1358,1156,896,1380,0,0,802
hsa-miR-941-4,500,1761,0,0,0,1384,1254,118,0,60,37,470,148,470,535,2172,2520,179,1050,0,987,287,0,1358,1156,896,1380,0,0,802
hsa-mir-941-1-2,0,0,0,0,0,0,0,0,0,0,0,0,0,0,0,8,0,0,0,0,0,0,0,0,0,0,8,0,0,0
hsa-mir-941-1-3,0,0,0,0,0,0,0,0,0,0,0,0,0,0,0,8,0,0,0,0,0,0,0,0,0,0,8,0,0,0
hsa-mir-941-1-4,0,0,0,0,0,0,0,0,0,0,0,0,0,0,0,8,0,0,0,0,0,0,0,0,0,0,8,0,0,0
hsa-miR-574-1,7,26,75,41,54,31,0,0,52,0,0,0,0,17,26,14,20,0,0,0,39,5,0,48,48,40,65,26,39,0
hsa-miR-1277-2,25,148,148,137,133,26,95,9,165,0,0,33,0,34,175,14,159,17,46,0,120,5,0,46,59,108,73,53,234,49
hsa-miR-574-2,0,0,0,0,0,0,36,0,52,0,0,0,0,0,0,16,20,0,0,0,0,0,0,0,0,0,0,0,41,22
hsa-miR-574-3,0,0,0,0,0,0,36,0,54,0,0,0,0,0,0,16,20,0,0,0,0,0,0,0,0,0,0,0,41,23
hsa-miR-574-4,0,0,0,0,0,0,36,0,54,0,0,0,0,0,0,16,20,0,0,0,0,0,0,0,0,0,0,0,41,23
hsa-miR-625-1,0,134,0,0,0,0,56,0,0,0,0,0,0,0,0,56,65,17,24,0,0,17,0,130,0,0,238,0,475,0
hsa-miR-1277-3,30,167,167,157,141,27,105,9,184,0,0,35,0,37,188,16,172,20,49,0,128,5,0,52,64,117,80,56,269,55
hsa-miR-1277-4,30,167,167,157,141,27,105,9,184,0,0,35,0,37,188,16,172,20,49,0,128,5,0,52,64,117,80,56,269,55
hsa-miR-339-2,0,0,0,353,0,0,0,0,0,0,0,0,0,0,0,161,0,0,0,0,0,32,0,0,0,0,239,0,610,244
hsa-mir-378a-1,886,4450,8819,4558,5972,1496,2073,104,6746,387,331,1663,494,719,2688,3896,7102,325,711,0,7769,1104,22,3785,2134,5491,7158,5108,8406,3321
hsa-miR-151a-1,901,11112,364,7514,53,2455,225,16,6431,276,210,854,131,5504,15205,2782,3062,677,3415,0,132,232,26,8002,201,1990,4931,13,18000,11133
hsa-miR-574-5,0,0,0,0,0,0,35,0,52,0,0,0,0,0,0,14,20,0,0,0,0,0,0,0,0,0,0,0,38,21
hsa-miR-15a-1,2858,861,633,3929,24996,15252,10041,1310,13986,781,855,5791,441,2760,22411,4940,19814,3692,3441,0,14557,1617,87,28831,6504,16871,42135,5561,22441,4246
hsa-miR-1277-5,25,148,148,137,133,26,95,9,165,0,0,33,0,34,175,14,159,17,46,0,120,5,0,46,59,108,73,53,234,49
hsa-miR-574-6,0,0,0,0,0,0,36,0,52,0,0,0,0,0,0,16,20,0,0,0,0,0,0,0,0,0,0,0,41,22
hsa-miR-574-7,0,0,0,0,0,0,36,0,52,0,0,0,0,0,0,16,20,0,0,0,0,0,0,0,0,0,0,0,41,22
hsa-miR-548w-1,0,0,0,0,11,0,0,0,0,0,0,0,0,0,0,0,0,0,0,0,0,0,0,0,0,0,0,0,0,0
hsa-miR-548w-2,0,0,0,0,11,0,0,0,0,0,0,0,0,0,0,0,0,0,0,0,0,0,0,0,0,0,0,0,0,0
hsa-miR-548w-3,0,0,0,0,11,0,0,0,0,0,0,0,0,0,0,0,0,0,0,0,0,0,0,9,0,0,0,0,0,0
hsa-miR-548w-4,0,0,0,0,11,0,0,0,0,0,0,0,0,0,0,0,0,0,0,0,0,0,0,9,0,0,0,0,0,0
hsa-miR-150-2,26,22,25,6,8,15,6,0,0,0,0,15,0,13,5,5,0,0,0,0,0,0,0,26,43,21,0,0,5,0
hsa-miR-28-3,3225,19318,34580,19518,22215,55129,19596,884,22061,2351,1266,4706,1046,9434,39969,12706,51236,1075,3363,28,28720,6683,113,32365,34784,20300,30427,13018,28717,11376
hsa-mir-548j-1,0,0,6,0,8,0,0,0,0,0,0,0,0,0,0,0,0,0,0,0,6,0,0,0,5,0,15,0,0,0
hsa-miR-28-4,0,8,21,22,15,20,12,0,9,0,0,10,0,14,27,7,45,0,0,0,13,0,0,32,34,17,21,16,13,0
hsa-miR-28-5,0,8,21,22,15,20,12,0,9,0,0,10,0,14,27,7,45,0,0,0,13,0,0,32,34,17,21,16,13,0
hsa-miR-1277-6,25,148,148,137,133,26,95,9,165,0,0,33,0,34,175,14,159,17,46,0,120,0,0,46,59,108,73,53,234,49
hsa-miR-339-3,35,16,37,19,53,46,18,0,57,0,0,15,0,70,65,18,26,0,13,0,25,0,0,53,13,28,14,10,80,13
hsa-miR-548w-5,0,0,0,0,11,0,0,0,0,0,0,0,0,0,0,0,0,0,0,0,0,0,0,9,0,0,0,0,0,0
hsa-mir-548j-2,0,0,6,0,8,0,0,0,0,0,0,0,0,0,0,0,0,0,0,0,6,0,0,0,5,0,15,0,0,0
hsa-mir-548j-3,0,0,6,0,8,0,0,0,0,0,0,0,0,0,0,0,0,0,0,0,6,0,0,0,5,0,15,0,0,0
hsa-miR-548w-6,0,0,0,0,11,0,0,0,0,0,0,0,0,0,0,0,0,0,0,0,0,0,0,9,0,0,0,0,0,0
hsa-miR-548w-7,0,0,0,0,6,0,0,0,0,0,0,0,0,0,0,0,8,0,0,0,0,0,0,6,0,0,0,0,0,0
hsa-mir-548j-4,0,0,6,0,8,0,0,0,0,0,0,0,0,0,0,0,0,0,0,0,6,0,0,0,5,0,15,0,0,0
hsa-miR-574-8,7,26,75,41,54,31,0,0,52,0,0,0,0,17,26,14,20,0,0,0,39,5,0,48,48,40,65,26,39,0
hsa-miR-548w-8,0,0,0,0,11,0,0,0,0,0,0,0,0,0,0,0,0,0,0,0,0,0,0,9,0,0,0,0,0,0
hsa-miR-1277-7,25,148,148,137,133,26,95,9,165,0,0,33,0,34,175,14,159,17,46,0,120,5,0,46,59,108,73,53,234,49
hsa-mir-548j-5,0,0,6,0,8,0,0,0,0,0,0,0,0,0,0,0,0,0,0,0,6,0,0,0,5,0,15,0,0,0
hsa-mir-548j-6,0,0,6,0,8,0,0,0,0,0,0,0,0,0,0,0,0,0,0,0,6,0,0,0,5,0,15,0,0,0
hsa-miR-548w-9,0,0,0,0,11,0,0,0,0,0,0,0,0,0,0,0,0,0,0,0,0,0,0,9,0,0,0,0,0,0
hsa-miR-548w-10,0,0,0,0,11,0,0,0,0,0,0,0,0,0,0,0,0,0,0,0,0,0,0,9,0,0,0,0,0,0
hsa-miR-548w-11,0,0,0,0,11,0,0,0,0,0,0,0,0,0,0,0,0,0,0,0,0,0,0,9,0,0,0,0,0,0
hsa-mir-548j-7,0,0,6,0,8,0,0,0,0,0,0,0,0,0,0,0,0,0,0,0,6,0,0,0,5,0,15,0,0,0
hsa-miR-548w-12,0,0,0,0,9,0,0,0,0,0,0,0,0,0,0,0,0,0,0,0,0,0,0,9,0,0,0,0,0,0
hsa-miR-548w-13,0,0,0,0,11,0,0,0,0,0,0,0,0,0,0,0,0,0,0,0,0,0,0,9,0,0,0,0,0,0
hsa-miR-548w-14,0,0,0,0,11,0,0,0,0,0,0,0,0,0,0,0,0,0,0,0,0,0,0,9,0,0,0,0,0,0
hsa-miR-1277-8,0,13,13,0,20,0,7,0,0,0,0,0,0,0,27,0,11,0,0,0,15,0,0,0,10,9,0,0,0,0
hsa-miR-548w-15,0,0,0,0,11,0,0,0,0,0,0,0,0,0,0,0,0,0,0,0,0,0,0,9,0,0,0,0,0,0
hsa-mir-548j-8,0,0,0,0,11,0,0,0,0,0,0,0,0,0,0,0,0,0,0,0,0,0,0,0,0,0,0,0,0,0
hsa-miR-1277-9,30,167,167,157,141,27,105,9,184,0,0,35,0,37,188,16,172,20,49,0,128,5,0,52,64,117,80,56,269,55
hsa-miR-1277-10,30,167,167,157,141,27,105,9,184,0,0,35,0,37,188,16,172,20,49,0,128,5,0,52,64,117,80,56,269,55
hsa-miR-574-9,7,26,75,41,54,31,0,0,0,0,0,0,0,17,26,0,0,0,0,0,39,5,0,48,48,40,65,26,0,0
hsa-miR-339-4,0,0,0,353,0,0,0,0,0,0,0,0,0,0,0,161,0,0,0,0,0,32,0,0,0,0,239,0,610,244
hsa-mir-378a-2,886,4450,8819,4558,5972,1496,2073,104,6746,387,331,1663,494,719,2688,3896,7102,325,711,0,7769,1104,22,3785,2134,5491,7158,5108,8406,3321
hsa-miR-151a-2,901,11112,364,7514,53,2455,225,16,6431,276,210,854,131,5504,15205,2782,3062,677,3415,0,132,232,26,8002,201,1990,4931,13,18000,11133
hsa-miR-574-10,7,26,75,41,54,31,0,0,0,0,0,0,0,17,26,0,0,0,0,0,38,5,0,48,48,39,65,26,0,0
hsa-mir-548j-9,0,0,6,0,8,0,0,0,0,0,0,0,0,0,0,0,0,0,0,0,6,0,0,0,5,0,15,0,0,0
hsa-miR-15a-2,2858,861,633,3929,24996,15252,10041,1310,13986,781,855,5791,441,2760,22411,4940,19814,3692,3441,0,14557,1617,87,28831,6504,16871,42135,5561,22441,4246
hsa-mir-548j-10,0,0,6,0,8,0,0,0,0,0,0,0,0,0,0,0,0,0,0,0,6,0,0,0,5,0,15,0,0,0
hsa-miR-1277-11,25,148,148,137,133,26,95,9,165,0,0,33,0,34,175,14,159,17,46,0,120,5,0,46,59,108,73,53,234,49
hsa-mir-548j-11,0,0,6,0,8,0,0,0,0,0,0,0,0,0,0,0,0,0,0,0,6,0,0,0,5,0,15,0,0,0
hsa-miR-28-6,3225,19318,34580,19518,22215,55129,19596,884,22061,2351,1266,4706,1046,9434,39969,12706,51236,1075,3363,28,28720,6683,113,32365,34784,20300,30427,13018,28717,11376
hsa-miR-574-11,7,26,75,41,54,31,0,0,0,0,0,0,0,17,26,0,0,0,0,0,39,5,0,48,48,40,65,26,0,0
hsa-miR-548w-16,0,0,0,0,11,0,0,0,0,0,0,0,0,0,0,0,0,0,0,0,0,0,0,9,0,0,0,0,0,0
hsa-miR-548w-17,0,0,0,0,11,0,0,0,0,0,0,0,0,0,0,0,0,0,0,0,0,0,0,9,0,0,0,0,0,0
hsa-miR-625-2,0,0,41,0,42,67,0,0,0,0,0,11,0,9,0,0,0,0,0,0,48,0,0,0,0,0,0,0,0,0
hsa-miR-1277-12,0,13,13,0,20,0,7,0,0,0,0,0,0,0,27,0,11,0,0,0,15,0,0,0,10,9,0,0,0,0
hsa-miR-1277-13,25,148,148,137,133,26,95,9,165,0,0,33,0,34,175,14,159,17,46,0,120,5,0,46,59,108,73,53,234,49
hsa-miR-574-12,7,26,75,41,54,31,0,0,0,0,0,0,0,17,26,0,0,0,0,0,39,5,0,48,48,40,65,26,0,0
hsa-miR-548w-18,0,0,0,0,11,0,0,0,0,0,0,0,0,0,0,0,0,0,0,0,0,0,0,9,0,0,0,0,0,0
hsa-miR-151a-3,901,11112,364,7514,53,2455,225,16,6431,276,210,854,131,5504,15205,2782,3062,677,3415,0,132,232,26,8002,201,1990,4931,13,18000,11133
hsa-miR-574-13,7,26,75,41,54,31,0,0,0,0,0,0,0,17,26,0,0,0,0,0,38,5,0,48,48,39,65,26,0,0
hsa-miR-548w-19,0,0,0,0,11,0,0,0,0,0,0,0,0,0,0,0,0,0,0,0,0,0,0,9,0,0,0,0,0,0
hsa-miR-548w-20,0,0,0,0,6,0,0,0,0,0,0,0,0,0,0,0,8,0,0,0,0,0,0,6,0,0,0,0,0,0
hsa-miR-1277-14,0,13,13,0,20,0,7,0,0,0,0,0,0,0,27,0,11,0,0,0,15,0,0,0,10,9,0,0,0,0
hsa-miR-548w-21,0,0,0,0,11,0,0,0,0,0,0,0,0,0,0,0,0,0,0,0,0,0,0,9,0,0,0,0,0,0
hsa-miR-1277-15,0,13,13,0,20,0,7,0,0,0,0,0,0,0,27,0,11,0,0,0,15,0,0,0,10,9,0,0,0,0
hsa-miR-1277-16,30,167,167,157,141,27,105,9,184,0,0,35,0,37,188,16,172,20,49,0,128,5,0,52,64,117,80,56,269,55
hsa-miR-1277-17,30,167,167,157,141,27,105,9,184,0,0,35,0,37,188,16,172,20,49,0,128,5,0,52,64,117,80,56,269,55
hsa-miR-548w-22,0,0,0,0,11,0,0,0,0,0,0,0,0,0,0,0,0,0,0,0,0,0,0,9,0,0,0,0,0,0
hsa-miR-328-1,5,0,0,0,6,8,0,0,5,0,0,0,0,7,0,0,0,0,0,0,0,0,0,10,0,0,0,0,0,0
hsa-miR-548w-23,0,0,0,0,11,0,0,0,0,0,0,0,0,0,0,0,0,0,0,0,0,0,0,0,0,0,0,0,0,0
hsa-miR-339-5,108,176,247,0,234,137,149,13,408,17,16,69,0,241,312,0,177,12,96,0,162,0,0,253,115,121,0,49,0,0
hsa-mir-548j-12,0,0,0,0,6,0,0,0,0,0,0,0,0,0,0,0,0,0,0,0,0,0,0,0,0,0,0,0,0,0
hsa-mir-548j-13,0,0,6,0,8,0,0,0,0,0,0,0,0,0,0,0,0,0,0,0,6,0,0,0,5,0,15,0,0,0
hsa-miR-548w-24,0,0,0,0,11,0,0,0,0,0,0,0,0,0,0,0,0,0,0,0,0,0,0,9,0,0,0,0,0,0
hsa-miR-1277-18,25,148,148,137,133,26,95,9,165,0,0,33,0,34,175,14,159,17,46,0,120,5,0,46,59,108,73,53,234,49
hsa-miR-15a-3,2858,861,633,3929,24996,15252,10041,1310,13986,781,855,5791,441,2760,22411,4940,19814,3692,3441,0,14557,1617,87,28831,6504,16871,42135,5561,22441,4246
hsa-miR-548w-25,0,0,0,0,9,0,0,0,0,0,0,0,0,0,0,0,0,0,0,0,0,0,0,9,0,0,0,0,0,0
hsa-miR-548w-26,0,0,0,0,11,0,0,0,0,0,0,0,0,0,0,0,0,0,0,0,0,0,0,9,0,0,0,0,0,0
hsa-miR-1277-19,25,148,148,137,133,26,95,9,165,0,0,33,0,34,175,14,159,17,46,0,120,5,0,46,59,108,73,53,234,49
hsa-miR-548w-27,0,0,0,0,6,0,0,0,0,0,0,0,0,0,0,0,8,0,0,0,0,0,0,6,0,0,0,0,0,0
hsa-miR-1277-20,25,148,148,137,133,26,95,9,165,0,0,33,0,34,175,14,159,17,46,0,120,5,0,46,59,108,73,53,234,49
hsa-miR-548w-28,0,0,0,0,9,0,0,0,0,0,0,0,0,0,0,0,0,0,0,0,0,0,0,9,0,0,0,0,0,0
hsa-miR-548w-29,0,0,0,0,11,0,0,0,0,0,0,0,0,0,0,0,0,0,0,0,0,0,0,9,0,0,0,0,0,0
hsa-miR-1277-21,0,13,13,0,20,0,7,0,0,0,0,0,0,0,27,0,11,0,0,0,15,0,0,0,10,9,0,0,0,0
hsa-miR-548w-30,0,0,0,0,9,0,0,0,0,0,0,0,0,0,0,0,0,0,0,0,0,0,0,9,0,0,0,0,0,0
hsa-miR-548w-31,0,0,0,0,11,0,0,0,0,0,0,0,0,0,0,0,0,0,0,0,0,0,0,9,0,0,0,0,0,0
hsa-mir-548j-14,0,0,6,0,8,0,0,0,0,0,0,0,0,0,0,0,0,0,0,0,6,0,0,0,5,0,15,0,0,0
hsa-mir-548am-1,0,0,0,0,0,0,0,0,0,0,0,0,0,0,5,0,5,0,0,0,0,0,0,0,0,0,0,0,5,0
hsa-mir-548w-1,0,0,6,0,0,0,0,0,0,0,0,0,0,0,0,0,24,0,0,0,0,0,0,0,0,0,0,0,12,0
hsa-miR-548w-32,0,0,0,0,6,0,0,0,0,0,0,0,0,0,0,0,8,0,0,0,0,0,0,6,0,0,0,0,0,0
hsa-miR-1277-22,0,13,13,0,20,0,7,0,0,0,0,0,0,0,27,0,11,0,0,0,15,0,0,0,10,9,0,0,0,0
hsa-mir-548am-2,0,0,0,0,0,0,0,0,0,0,0,0,0,0,5,0,5,0,0,0,0,0,0,0,0,0,0,0,0,0
hsa-miR-1277-23,25,148,148,137,133,26,95,9,165,0,0,33,0,34,175,14,159,17,46,0,120,5,0,46,59,108,73,53,234,49
hsa-miR-1277-24,0,13,13,0,20,0,7,0,0,0,0,0,0,0,27,0,11,0,0,0,15,0,0,0,10,9,0,0,0,0
hsa-miR-574-14,0,0,0,0,0,0,36,0,52,0,0,0,0,0,0,16,20,0,0,0,0,0,0,0,0,0,0,0,41,22
hsa-miR-574-15,0,0,0,0,0,0,36,0,52,0,0,0,0,0,0,16,20,0,0,0,0,0,0,0,0,0,0,0,41,22
hsa-mir-548w-2,0,0,6,0,0,0,0,0,0,0,0,0,0,0,0,0,24,0,0,0,0,0,0,0,0,0,0,0,12,0
hsa-mir-548w-3,0,0,6,0,0,0,0,0,0,0,0,0,0,0,0,0,24,0,0,0,0,0,0,0,0,0,0,0,12,0
hsa-miR-1277-25,0,13,13,0,20,0,7,0,0,0,0,0,0,0,27,0,11,0,0,0,15,0,0,0,10,9,0,0,0,0
hsa-mir-548w-4,0,0,0,0,0,0,0,0,0,0,0,0,0,0,0,0,24,0,0,0,0,0,0,0,0,0,0,0,12,0
hsa-miR-339-6,0,0,0,353,0,0,0,0,0,0,0,0,0,0,0,161,0,0,0,0,0,32,0,0,0,0,239,0,610,244
hsa-mir-378a-3,886,4450,8819,4558,5972,1496,2073,104,6746,387,331,1663,494,719,2688,3896,7102,325,711,0,7769,1104,22,3785,2134,5491,7158,5108,8406,3321
hsa-mir-548w-5,0,0,6,0,0,0,0,0,0,0,0,0,0,0,0,0,24,0,0,0,0,0,0,0,0,0,0,0,12,0
hsa-miR-151a-4,901,11112,364,7514,53,2455,225,16,6431,276,210,854,131,5504,15205,2782,3062,677,3415,0,132,232,26,8002,201,1990,4931,13,18000,11133
hsa-miR-574-16,0,0,0,0,0,0,35,0,52,0,0,0,0,0,0,14,20,0,0,0,0,0,0,0,0,0,0,0,38,21
hsa-mir-548am-3,0,0,0,0,0,0,0,0,0,0,0,0,0,0,5,0,5,0,0,0,0,0,0,0,0,0,0,0,5,0
hsa-mir-548w-6,0,0,6,0,0,0,0,0,0,0,0,0,0,0,0,0,24,0,0,0,0,0,0,0,0,0,0,0,12,0
hsa-mir-548w-7,0,0,6,0,0,0,0,0,0,0,0,0,0,0,0,0,24,0,0,0,0,0,0,0,0,0,0,0,12,0
hsa-miR-15a-4,2858,861,633,3929,24996,15252,10041,1310,13986,781,855,5791,441,2760,22411,4940,19814,3692,3441,0,14557,1617,87,28831,6504,16871,42135,5561,22441,4246
hsa-mir-548w-8,0,0,6,0,0,0,0,0,0,0,0,0,0,0,0,0,24,0,0,0,0,0,0,0,0,0,0,0,12,0
hsa-mir-548am-4,0,0,0,0,0,0,0,0,0,0,0,0,0,0,5,0,5,0,0,0,0,0,0,0,0,0,0,0,5,0
hsa-mir-548w-9,0,0,6,0,0,0,0,0,0,0,0,0,0,0,0,0,24,0,0,0,0,0,0,0,0,0,0,0,12,0
hsa-miR-1277-26,25,148,148,137,133,26,95,9,165,0,0,33,0,34,175,14,159,17,46,0,120,5,0,46,59,108,73,53,234,49
hsa-miR-574-17,0,0,0,0,0,0,36,0,52,0,0,0,0,0,0,16,20,0,0,0,0,0,0,0,0,0,0,0,41,22
hsa-miR-574-18,0,0,0,0,0,0,36,0,52,0,0,0,0,0,0,16,20,0,0,0,0,0,0,0,0,0,0,0,41,22
hsa-mir-548w-10,0,0,6,0,0,0,0,0,0,0,0,0,0,0,0,0,24,0,0,0,0,0,0,0,0,0,0,0,12,0
hsa-mir-548w-11,0,0,6,0,0,0,0,0,0,0,0,0,0,0,0,0,24,0,0,0,0,0,0,0,0,0,0,0,12,0
novelMiR_0,0,54,0,48,34,38,19,0,88,0,0,0,0,47,281,33,34,0,0,0,73,0,0,56,149,41,104,21,60,23
novelMiR_1,0,0,40,0,34,46,38,0,48,0,0,0,0,0,0,46,0,0,0,0,0,0,0,38,0,0,0,12,0,36
novelMiR_3,0,50,94,33,70,30,21,0,52,0,0,12,0,10,76,10,96,0,0,0,147,16,0,87,30,60,138,33,89,32
novelMiR_4,0,0,0,0,0,0,0,0,0,0,0,0,0,0,0,17,0,0,0,0,0,0,0,0,0,0,0,0,0,0
novelMiR_5,0,0,0,0,0,0,0,0,0,0,0,0,0,0,0,63,0,0,0,0,0,0,0,0,0,0,0,0,0,0
novelMiR_6,1084,2844,4266,1080,3362,4652,2342,94,886,0,88,1212,0,928,4936,416,1644,280,840,0,4190,0,18,2124,2712,3938,2210,874,878,152
novelMiR_3-37,0,100,0,66,140,0,0,0,104,0,0,24,0,20,154,20,192,0,0,0,294,32,0,174,60,120,276,66,178,64
novelMiR_8,0,12,0,0,20,0,16,0,0,0,0,0,0,0,0,16,0,0,0,0,0,0,0,14,0,0,0,12,26,0
novelMiR_9,74,82,166,172,358,0,146,0,332,0,14,32,0,140,0,114,260,28,40,0,412,28,0,84,194,220,118,140,248,0
novelMiR_10,21390,109300,110815,16160,90535,33110,42125,240,9345,900,465,10325,1065,13730,63500,31685,12710,3820,8240,0,25065,6820,90,24440,19360,47390,14520,5415,26490,6670
novelMiR_11,17945,25920,36570,15525,39865,10675,17415,420,11290,1110,265,3385,510,17730,17940,27470,9815,4165,2785,30,11890,6600,165,19430,25530,14905,10680,6370,11580,5805
novelMiR_13,0,24,0,13,0,39,13,0,0,0,0,0,0,0,19,12,26,0,0,0,0,0,0,0,0,27,0,0,30,15
novelMiR_14,0,0,20,0,34,0,20,0,32,0,0,0,0,0,0,34,24,0,0,0,0,0,0,0,0,0,0,0,0,0
novelMiR_16,0,0,0,0,0,0,165,0,779,0,0,0,0,0,0,248,470,0,0,0,0,0,0,0,0,0,0,1286,0,0
novelMiR_17,0,39,69,30,48,66,39,0,27,207,165,0,96,15,51,93,66,0,72,0,51,189,0,57,57,39,48,24,51,24
novelMiR_19,0,0,0,0,0,0,0,0,0,0,0,0,0,0,0,1957,0,0,0,0,0,0,0,0,0,0,1155,934,3925,0
novelMiR_3-1,0,100,0,66,140,0,0,0,104,0,0,24,0,20,154,20,192,0,0,0,294,32,0,174,60,120,276,66,178,64
novelMiR_21,0,0,0,0,0,0,0,0,0,0,0,0,0,0,0,455,0,0,0,0,0,0,0,0,0,0,0,0,0,0
novelMiR_22,0,0,0,0,0,0,0,0,29,0,0,0,0,0,0,16,0,0,0,0,0,0,0,0,0,0,0,0,0,0
novelMiR_3-20,0,100,188,66,140,60,42,0,104,0,0,24,0,20,154,20,192,0,0,0,294,32,0,174,60,120,276,66,178,64
novelMiR_21-2,0,0,0,0,0,0,0,0,0,0,0,0,0,0,0,455,0,0,0,0,0,0,0,0,0,0,0,0,0,0
novelMiR_27,28,232,300,186,176,370,160,0,218,0,0,90,0,88,292,150,240,26,18,0,316,54,0,290,180,230,428,114,766,416
novelMiR_28,0,444,0,465,0,0,0,0,0,0,0,0,18,0,0,234,0,0,0,0,899,130,0,0,513,0,859,0,0,546
novelMiR_29,0,94,0,140,0,0,0,0,0,0,0,0,0,0,0,100,0,0,30,0,190,50,0,114,100,162,0,66,238,0
novelMiR_31,0,37,0,0,0,0,0,0,18,0,0,0,0,0,67,18,0,0,13,0,0,0,0,0,0,0,0,0,45,34
novelMiR_27-7,30,232,300,188,178,374,160,0,218,0,0,90,0,88,294,150,244,26,18,0,320,54,0,292,184,230,430,116,770,416
novelMiR_33,148,94,234,0,100,1784,112,16,388,0,0,58,0,138,0,70,0,26,24,0,282,0,0,224,0,98,304,0,148,92
novelMiR_34,0,0,0,0,0,0,0,0,0,264,0,0,0,0,0,214,0,0,0,0,0,0,0,0,0,0,0,0,0,0
novelMiR_36,0,0,11,23,0,10,5,0,27,0,0,0,0,0,8,34,14,0,0,0,9,0,0,17,0,0,19,0,26,8
novelMiR_37,326,642,2138,396,2136,958,682,0,2656,66,72,400,62,374,2452,398,1254,248,108,0,4262,364,0,628,756,1472,1026,1288,1968,306
novelMiR_38,0,59,0,0,0,0,0,0,0,0,0,0,0,0,0,33,0,19,0,0,240,0,0,49,0,129,0,81,99,20
novelMiR_39,0,972,904,0,2086,1050,648,0,0,50,0,184,0,294,1004,630,1004,0,96,0,1450,200,0,1198,0,1646,2310,1032,1358,0
novelMiR_42,0,0,0,0,0,0,0,0,0,0,90,0,0,0,0,85,0,0,0,0,0,71,0,0,0,0,0,0,550,102
novelMiR_43,0,40,0,16,184,24,34,0,110,0,0,0,0,0,76,16,0,12,0,0,242,0,0,0,76,0,72,88,254,24
novelMiR_27-8,28,232,300,186,176,370,160,0,218,0,0,90,0,88,292,150,242,26,18,0,316,54,0,290,180,230,428,114,768,416
novelMiR_22-3,0,0,0,0,0,0,0,0,29,0,0,0,0,0,0,16,0,0,0,0,0,0,0,0,0,0,0,0,0,0
novelMiR_47,0,0,0,0,0,0,0,0,0,0,0,0,0,0,15,13,10,0,0,0,6,0,0,0,0,0,0,0,0,0
novelMiR_48,26,78,112,0,60,16,0,0,0,16,0,0,14,0,10,44,0,0,0,0,0,18,0,0,12,0,0,0,0,0
novelMiR_49,0,132,246,36,168,84,98,0,108,0,0,28,0,0,236,24,90,14,0,0,312,0,0,100,80,160,136,100,130,0
novelMiR_50,0,0,0,0,0,0,0,0,0,0,0,0,0,0,0,52,0,0,0,0,0,0,0,0,0,0,0,0,0,0
novelMiR_51,0,0,0,0,0,0,0,0,0,0,0,0,0,0,0,56,0,0,0,0,0,0,0,0,0,0,0,0,0,0
novelMiR_53,24,48,70,0,92,0,16,0,40,0,0,24,0,24,70,16,62,14,0,0,88,0,0,38,34,100,56,92,0,0
novelMiR_55,218,876,1792,282,1368,430,392,138,878,76,54,544,28,350,874,306,1308,458,182,0,2210,192,34,754,928,1382,714,842,770,158
novelMiR_64,0,0,0,0,0,0,0,0,10,0,0,0,0,0,0,7,0,0,0,0,0,0,0,0,0,0,0,0,0,0
novelMiR_65,0,0,0,63,0,202,73,0,0,0,0,28,0,0,0,65,0,0,0,0,0,35,0,0,156,0,0,0,169,77
novelMiR_66,86,48,44,10,40,18,98,0,18,0,0,46,0,34,88,100,0,62,16,0,18,16,0,0,28,0,0,38,58,0
novelMiR_47-1,0,0,0,0,0,0,0,0,0,0,0,0,0,0,15,13,9,0,0,0,6,0,0,0,0,0,0,0,0,0
novelMiR_69,0,176,162,40,154,0,86,0,116,0,0,0,0,0,0,54,0,0,0,0,198,30,0,92,142,0,162,92,190,0
novelMiR_10-1,4309,21916,22216,3249,18141,6636,8452,48,1878,180,94,2066,213,2760,12725,6429,2549,766,1652,0,5026,1375,18,4914,3901,9501,2927,1084,5306,1338
novelMiR_71,36,118,118,80,82,320,188,0,134,0,0,58,0,62,338,94,124,0,20,0,208,54,0,118,166,134,102,126,122,46
novelMiR_72,428,944,478,130,270,184,620,0,126,0,0,268,0,280,388,852,10,378,166,0,86,60,0,56,238,92,0,200,382,198
novelMiR_73,256,138,168,0,182,172,0,0,604,0,0,0,0,0,0,688,0,0,0,0,184,0,0,134,154,0,148,0,494,372
novelMiR_3-24,0,92,156,60,126,60,32,0,100,0,0,24,0,18,134,20,170,0,0,0,272,28,0,170,54,98,234,64,164,64
novelMiR_75,0,0,0,310,0,0,0,0,284,32,0,0,36,0,797,249,178,0,0,0,459,158,0,341,0,0,626,363,197,105
novelMiR_76,0,0,0,0,0,0,0,0,0,0,0,0,0,0,0,112,0,0,0,0,0,0,0,0,0,0,0,0,0,0
novelMiR_78,0,0,0,0,0,0,0,0,0,0,0,0,0,0,0,164,0,0,0,0,0,0,0,0,0,0,0,0,0,0
novelMiR_79,64,0,34,0,22,0,18,0,0,0,0,0,0,12,0,18,0,0,0,0,0,0,0,0,0,0,0,0,0,0
novelMiR_47-4,0,0,0,0,0,0,0,0,0,0,0,0,0,0,17,16,9,0,0,0,6,0,0,0,0,0,0,0,0,0
novelMiR_82,0,19,0,17,0,0,0,0,0,0,0,0,0,0,0,28,0,0,0,0,0,0,0,0,0,0,0,0,0,0
novelMiR_3-8,0,100,188,66,140,60,42,0,104,0,0,24,0,20,154,20,192,0,0,0,294,32,0,174,60,120,276,66,178,64
novelMiR_3-43,0,100,188,66,140,60,42,0,104,0,0,24,0,20,152,20,192,0,0,0,294,32,0,174,60,120,276,66,178,64
novelMiR_86,144,220,234,68,148,84,164,0,42,0,0,68,0,66,166,160,28,70,38,0,76,16,0,30,92,116,24,36,66,54
novelMiR_11-1,4418,8400,11668,5382,12078,3848,5482,158,3792,394,102,1252,194,5518,6202,8868,3488,1328,1036,12,4306,2358,66,6862,7642,5188,3550,2106,4304,2096
novelMiR_3-33,0,100,188,66,140,60,42,0,104,0,0,24,0,20,152,20,192,0,0,0,294,32,0,174,60,120,276,66,178,64
novelMiR_91,0,0,0,28,0,0,0,0,0,0,0,0,0,0,0,108,0,0,0,0,0,0,0,0,0,0,0,117,0,0
novelMiR_92,0,11,0,28,0,0,0,0,11,0,0,0,0,0,0,16,0,0,0,0,0,0,0,0,0,6,28,0,69,55
novelMiR_93,40,96,180,126,94,76,68,0,158,0,0,34,20,50,122,64,116,28,22,0,112,64,0,106,92,116,136,60,252,110
novelMiR_3-10,0,100,188,66,140,60,42,0,104,0,0,24,0,20,154,20,192,0,0,0,294,32,0,174,60,120,276,66,178,64
novelMiR_96,0,0,21,0,0,0,0,0,0,0,0,0,0,0,0,13,0,0,0,0,0,0,0,0,0,0,0,17,0,0
novelMiR_97,0,0,0,0,0,0,0,0,5,0,0,0,0,0,0,7,10,0,0,0,0,0,0,0,0,0,0,0,9,10
novelMiR_98,30,144,254,422,170,0,72,0,466,0,0,0,0,50,224,104,228,0,38,0,214,40,0,100,144,178,426,0,380,388
novelMiR_99,0,0,0,0,12,0,0,0,0,0,0,0,0,0,0,10,10,0,0,0,0,0,0,0,0,0,0,0,20,18
novelMiR_3-34,0,100,188,66,140,60,42,0,104,0,0,24,0,20,154,20,192,0,0,0,294,32,0,174,60,120,276,66,178,64
novelMiR_4-1,0,0,0,0,0,0,0,0,0,0,0,0,0,0,0,17,0,0,0,0,0,0,0,0,0,0,0,0,0,0
novelMiR_103,84,326,822,108,746,302,228,30,522,38,0,72,0,106,750,82,382,44,32,0,1232,100,0,162,284,416,388,552,404,46
novelMiR_103-1,42,163,411,54,373,151,114,15,261,19,0,36,0,53,375,41,191,22,16,0,616,50,0,81,142,208,194,276,202,23
novelMiR_3-18,0,100,188,66,140,60,42,0,104,0,0,24,0,20,154,20,192,0,0,0,294,32,0,174,60,120,276,66,178,64
novelMiR_106,0,0,0,0,0,0,0,0,151,0,0,12,0,0,0,77,0,0,12,0,134,0,0,0,0,0,94,0,0,0
novelMiR_91-1,0,0,0,0,0,0,0,0,0,0,0,0,0,0,0,98,0,0,0,0,0,0,0,0,0,0,0,101,0,0
novelMiR_75-3,0,0,0,310,0,0,0,0,285,32,0,0,36,0,797,249,178,0,0,0,459,158,0,341,0,0,626,363,197,105
novelMiR_27-1,28,232,300,186,176,370,160,0,218,0,0,90,0,88,292,150,240,26,18,0,316,54,0,290,180,230,428,114,766,416
novelMiR_110,46,0,200,192,140,222,44,0,204,0,0,30,0,88,206,104,234,0,34,0,208,0,0,236,138,172,232,94,338,212
novelMiR_111,0,0,15,0,0,0,0,0,0,0,0,0,0,0,0,11,10,0,0,0,0,0,0,0,0,0,0,0,0,0
novelMiR_91-3,0,0,0,0,0,0,0,0,0,0,0,0,0,0,0,108,0,0,0,0,0,0,0,0,0,0,0,117,0,0
novelMiR_113,0,0,0,0,0,0,0,0,0,0,0,0,0,0,0,13,0,0,0,0,0,0,0,0,0,0,0,0,0,0
novelMiR_72-1,214,475,240,66,135,92,311,0,62,0,0,136,0,139,196,427,5,189,83,0,43,30,0,28,118,46,0,100,191,97
novelMiR_115,0,86,140,0,534,408,72,0,196,0,0,32,0,40,204,118,276,0,0,0,236,46,0,138,128,0,0,96,280,0
novelMiR_22-2,0,0,0,0,0,0,0,0,29,0,0,0,0,0,0,16,0,0,0,0,0,0,0,0,0,0,0,0,0,0
novelMiR_117,0,0,0,0,0,0,0,0,0,0,0,0,0,0,0,70,0,0,0,0,0,0,0,0,0,0,0,0,0,0
novelMiR_47-2,0,0,0,0,0,0,0,0,0,0,0,0,0,0,17,16,10,0,0,0,6,0,0,0,0,0,0,0,0,0
novelMiR_119,276,482,446,180,206,182,404,0,70,0,0,174,0,252,286,568,0,124,126,0,90,30,0,30,180,76,0,126,248,156
novelMiR_120,314,0,0,0,0,0,0,0,0,0,0,0,0,31,0,148,0,0,49,0,0,18,0,0,0,34,0,133,72,58
novelMiR_121,0,0,0,0,0,0,0,0,0,0,0,0,0,0,0,20,0,0,0,0,0,0,0,0,0,0,0,0,0,0
novelMiR_27-2,28,232,300,186,176,370,160,0,218,0,0,90,0,88,292,150,240,26,18,0,316,54,0,290,180,230,428,114,766,416
novelMiR_123,68,0,34,0,60,26,0,0,72,0,0,0,0,0,0,20,46,0,0,0,32,0,0,14,44,30,44,0,60,0
novelMiR_3-4,0,100,188,66,140,60,42,0,104,0,0,24,0,20,154,20,192,0,0,0,294,32,0,174,60,120,276,66,178,64
novelMiR_76-1,0,0,0,0,0,0,0,0,0,0,0,0,0,0,0,112,0,0,0,0,0,0,0,0,0,0,0,0,0,0
novelMiR_126,0,0,26,0,14,0,0,0,0,0,0,0,0,0,0,16,0,0,0,0,0,0,0,0,0,0,0,0,0,0
novelMiR_127,1138,0,4602,0,532,0,0,0,0,140,0,370,0,490,1702,152,188,38,0,0,688,294,0,0,0,1680,1024,0,0,0
novelMiR_22-1,0,0,0,0,0,0,0,0,29,0,0,0,0,0,0,16,0,0,0,0,0,0,0,0,0,0,0,0,0,0
novelMiR_133,0,0,0,0,398,0,464,0,0,0,0,280,0,0,0,40,0,0,64,0,0,0,0,0,0,0,0,0,50,34
novelMiR_134,0,0,0,0,0,0,0,0,0,0,0,0,0,0,230,20,0,0,0,0,0,0,0,0,0,0,0,0,0,0
novelMiR_135,123,45,60,33,132,72,63,0,147,0,0,0,0,39,60,84,45,0,0,0,54,0,0,60,33,60,78,0,114,48
novelMiR_136,0,0,174,0,321,0,27,0,0,0,0,51,0,0,0,21,69,0,0,0,258,0,0,0,165,171,69,63,0,0
novelMiR_137,0,0,0,0,18,0,18,0,24,0,0,0,0,0,0,15,30,0,0,0,0,0,0,21,0,30,21,0,69,102
novelMiR_138,0,0,0,0,0,0,1168,0,0,0,0,750,0,0,0,2422,0,0,0,0,0,0,9,0,0,0,0,0,2035,0
novelMiR_39-2,0,972,904,0,2086,1050,648,0,0,50,0,184,0,294,1004,630,1004,0,96,0,1450,200,0,1198,0,1646,2310,1032,1358,0
novelMiR_142,2994,2832,3540,1071,11367,4179,3324,138,9756,135,69,453,102,1275,2157,3186,3534,339,423,0,2937,921,0,3096,1848,3975,5583,2043,8130,4212
novelMiR_146,0,0,0,36,20,26,0,0,0,0,0,0,0,0,0,22,40,0,0,0,18,0,0,22,50,26,0,0,36,34
novelMiR_148,0,0,0,0,0,0,0,0,0,0,0,0,0,0,0,28,0,0,0,0,0,0,0,0,0,0,0,0,192,0
novelMiR_33-2,74,47,117,0,0,0,0,8,194,0,0,0,0,69,0,35,208,13,0,0,141,0,0,112,0,0,152,0,74,46
novelMiR_152,0,129,414,189,213,0,0,0,216,0,0,123,0,126,0,342,0,39,144,0,261,0,0,183,744,102,264,426,372,207
novelMiR_153,20,36,40,28,20,32,0,0,52,0,0,0,0,28,136,20,36,0,0,0,32,0,0,32,112,48,80,0,24,20
novelMiR_155,3072,3435,28254,5154,7299,10140,6879,90,1680,0,0,0,414,0,0,681,1962,267,1611,0,0,1581,51,0,8238,0,0,1998,564,459
novelMiR_156,1652,1700,2036,608,5580,2256,1744,64,4056,24,24,252,0,828,1640,1276,2132,168,228,0,1772,516,0,1676,1200,2220,2860,1012,3816,1844
novelMiR_158,0,0,0,0,0,0,0,0,0,0,0,0,0,24,0,66,276,0,0,0,16,0,0,0,0,0,0,20,334,478
novelMiR_159,0,0,0,13,0,0,0,0,18,0,0,6,0,0,8,20,11,0,0,0,0,0,0,0,0,0,0,0,0,0
novelMiR_160,0,0,0,0,0,78,0,0,30,0,0,0,0,0,0,21,0,0,0,0,63,0,0,36,81,33,48,846,57,18
novelMiR_161,0,0,0,0,0,0,0,0,0,0,0,0,0,0,0,44,0,0,0,0,0,0,0,0,0,0,0,0,72,42
novelMiR_162,3364,7352,14232,2908,12316,4136,5192,0,9888,488,428,0,260,2892,18396,2404,7828,0,1016,0,19200,1464,116,6868,8204,12064,11036,8448,9420,1984
novelMiR_164,318,1263,2724,429,2151,1008,777,93,1569,57,87,312,63,303,2091,468,1296,234,105,0,3600,321,0,765,0,1494,849,1173,2058,0
novelMiR_138-2,10263,2376,7317,2784,2592,0,2385,468,5655,0,72,1404,60,2664,15384,4650,0,0,495,0,0,0,0,8979,6975,3573,10908,5511,0,4056
novelMiR_168,40,84,168,56,160,20,52,0,60,0,0,20,0,40,52,52,132,0,0,0,76,28,0,168,64,140,196,28,88,24
novelMiR_17-1,0,39,69,30,48,66,39,0,27,207,165,0,96,0,51,93,66,0,72,0,51,189,0,57,57,39,48,0,51,0
novelMiR_91-2,0,0,0,0,0,0,0,0,0,0,0,0,0,0,0,108,0,0,0,0,0,0,0,0,0,0,0,117,0,0
novelMiR_4-2,0,0,0,0,0,0,0,0,0,0,0,0,0,0,0,17,0,0,0,0,0,0,0,0,0,0,0,0,0,0
novelMiR_142-2,996,942,1179,357,3787,1392,1107,46,3251,45,23,151,34,425,719,1057,1177,113,141,0,978,307,0,1031,614,1325,1860,680,2707,1402
novelMiR_175,0,0,0,0,0,40,0,0,0,0,0,0,0,0,0,28,0,0,0,0,0,0,0,0,0,0,0,0,0,0
novelMiR_31-1,0,37,0,0,0,0,0,0,18,0,0,0,0,0,67,18,0,0,13,0,0,0,0,0,0,0,0,0,45,34
novelMiR_179,0,0,0,0,0,0,0,0,22,0,0,0,0,0,0,28,46,0,0,0,0,0,0,0,0,0,0,0,86,48
novelMiR_47-3,0,0,0,0,0,0,0,0,0,0,0,0,0,0,15,13,9,0,0,0,6,0,0,0,0,0,0,0,0,0
novelMiR_181,0,0,0,0,30,0,0,0,14,0,0,0,0,0,0,14,0,0,0,0,12,0,0,0,0,16,0,0,82,48
novelMiR_182,0,0,0,0,0,0,0,0,0,0,0,0,0,0,0,198,0,0,0,0,0,0,0,0,0,0,0,0,0,0
novelMiR_183,0,0,0,141,135,750,0,0,477,0,0,0,0,63,252,453,219,0,33,0,186,30,0,0,150,0,231,597,330,66
novelMiR_76-7,0,0,0,0,0,0,0,0,0,0,0,0,0,0,0,112,0,0,0,0,0,0,0,0,0,0,0,90,0,0
novelMiR_76-3,0,0,0,0,0,0,0,0,0,0,0,0,0,0,0,112,0,0,0,0,0,0,0,0,0,0,0,0,0,0
novelMiR_187,0,196,0,0,0,0,0,0,0,0,0,0,0,0,0,167,0,0,0,0,0,0,0,0,167,0,0,199,0,0
novelMiR_188,0,100,116,76,28,180,20,0,112,0,0,20,0,40,152,112,172,0,0,0,240,28,0,468,156,248,68,0,192,68
novelMiR_3-16,0,200,376,132,280,120,84,0,208,0,0,48,0,40,304,40,384,0,0,0,588,64,0,348,120,240,552,132,356,128
novelMiR_115-1,0,86,140,0,534,408,72,0,196,0,0,32,0,40,204,118,276,0,0,0,236,46,0,138,128,0,0,96,280,0
novelMiR_192,0,272,0,288,0,0,0,0,0,0,0,0,0,0,356,196,396,0,0,0,260,60,0,0,0,0,332,0,500,196
novelMiR_193,0,368,56,1308,0,32,52,0,440,48,0,0,0,84,196,164,288,0,196,0,0,32,0,168,0,144,1028,0,1464,200
novelMiR_195,354,456,870,522,1020,354,390,54,1080,36,0,120,0,426,768,198,894,132,66,0,1092,90,0,1380,972,894,1488,960,540,378
novelMiR_196,5,0,0,0,0,8,0,0,0,0,0,0,0,0,0,7,0,0,0,0,0,0,0,0,8,0,0,7,0,0
novelMiR_197,0,0,0,0,0,0,0,0,0,0,0,0,0,0,0,18,0,0,0,0,15,0,0,0,0,0,0,0,0,0
novelMiR_198,0,10,0,0,0,0,0,0,0,0,0,0,0,0,0,26,0,0,0,0,0,0,0,0,0,0,0,0,16,0
novelMiR_199,0,45,18,0,0,0,0,0,0,0,0,0,0,0,0,24,0,0,0,0,0,0,0,0,0,0,93,0,174,213
novelMiR_202,2191,539,1393,315,441,910,665,0,154,49,49,119,0,490,385,182,308,49,154,0,819,0,0,497,917,1057,476,0,0,0
novelMiR_175-1,0,0,0,0,0,40,0,0,0,0,0,0,0,0,0,28,0,0,0,0,0,0,0,0,0,0,0,0,0,0
novelMiR_204,0,294,693,0,1708,560,385,0,1456,0,0,140,0,252,651,497,728,0,0,0,714,182,0,420,0,665,1106,0,1211,483
novelMiR_11_1,0,0,0,0,17,0,0,0,0,0,0,0,0,0,0,0,0,0,0,0,0,0,0,0,0,0,0,0,0,0
novelMiR_13_1,0,0,0,0,7,0,0,0,0,0,0,0,0,0,0,0,0,0,0,0,0,0,0,0,0,0,0,0,0,0
novelMiR_17_1,0,16,15,0,16,0,0,0,0,0,0,0,0,0,22,0,30,0,0,0,0,0,0,0,0,12,18,0,21,0
novelMiR_18_1,0,0,0,0,33,0,0,0,0,0,0,0,0,0,0,0,0,0,0,0,0,0,0,0,0,0,0,0,33,0
novelMiR_20_1,0,0,0,0,16,0,0,0,0,0,0,0,0,0,0,0,0,0,0,0,0,0,0,0,0,0,0,0,16,0
novelMiR_21_1,0,0,0,0,9,0,0,0,0,0,0,0,0,0,0,0,0,0,0,0,6,0,0,0,0,0,6,0,0,0
novelMiR_24_1,0,0,18,10,10,0,0,0,10,0,0,0,0,0,12,0,10,0,0,0,0,0,0,10,0,12,0,12,12,0
novelMiR_27_1,10,92,252,52,142,88,50,0,84,0,0,20,0,16,118,0,152,0,12,0,228,12,0,102,46,104,206,60,126,32
novelMiR_30_1,0,0,0,0,6,0,0,0,9,0,0,0,0,6,0,0,0,0,0,0,0,0,0,0,0,0,0,0,0,6
novelMiR_31_1,0,0,0,10,12,0,0,0,0,0,0,0,0,0,0,0,0,0,0,0,0,0,0,0,0,0,0,0,0,0
novelMiR_32_1,0,0,0,0,5,0,0,0,0,0,0,0,0,0,0,0,7,0,0,0,0,0,0,0,0,0,0,0,0,0
novelMiR_36_1,0,0,0,0,7,0,0,0,0,0,0,0,0,0,0,0,0,0,0,0,0,0,0,0,0,0,0,0,0,0
novelMiR_37_1,0,0,0,0,11,0,0,0,0,0,0,0,0,0,0,0,0,0,0,0,0,0,0,0,0,0,0,0,0,0
novelMiR_38_1,0,0,0,6,18,0,0,0,0,0,0,0,0,0,0,0,0,0,0,0,0,0,0,0,0,0,0,0,0,0
novelMiR_40_1,0,0,48,0,41,557,28,0,0,0,0,0,0,0,0,0,0,0,0,0,99,0,0,51,0,0,0,212,97,0
novelMiR_13_1-4,0,0,0,0,7,0,0,0,0,0,0,0,0,0,0,0,0,0,0,0,0,0,0,0,0,0,0,0,0,0
novelMiR_44_1,0,0,0,0,5,0,0,0,0,0,0,0,0,0,0,0,0,0,0,0,0,0,0,0,0,0,0,0,0,0
novelMiR_45_1,166,64,283,0,106,27,31,0,15,0,0,27,0,82,43,0,0,0,0,0,18,0,0,0,54,0,7,0,8,0
novelMiR_46_1,0,0,565,0,278,310,222,8,0,0,18,260,8,0,0,0,0,24,91,0,231,37,0,0,0,0,0,0,0,0
novelMiR_47_1,0,0,0,0,6,13,0,0,0,0,0,0,0,0,8,0,0,0,0,0,0,0,0,0,0,0,0,0,0,0
novelMiR_49_1,0,0,0,0,5,0,0,0,5,0,0,0,0,0,0,0,0,0,0,0,0,0,0,0,0,0,0,0,0,0
novelMiR_50_1,0,5,0,0,12,0,0,0,11,0,0,0,0,0,0,0,14,0,0,0,5,5,0,0,0,0,0,0,29,19
novelMiR_21-3,78,0,70,76,138,0,0,0,67,0,0,0,0,128,66,0,0,0,0,0,22,9,0,0,76,0,0,0,0,0
novelMiR_27_1-2,5,39,121,24,62,40,25,0,39,0,0,8,0,7,55,0,67,0,5,0,105,6,0,46,17,45,94,28,58,16
novelMiR_54_1,0,0,0,0,26,0,0,0,0,0,0,0,0,0,0,0,0,0,0,0,0,0,0,0,0,0,0,0,0,0
novelMiR_21-1,78,0,70,76,138,0,0,0,67,0,0,0,0,128,66,0,0,0,0,0,22,9,0,0,76,0,0,0,0,0
novelMiR_58_1,51,34,36,10,24,16,0,0,6,0,0,7,0,14,16,0,0,0,0,0,36,0,0,14,38,28,40,15,6,0
novelMiR_59_1,0,0,0,0,10,14,0,0,0,0,0,0,0,0,0,0,0,0,0,0,0,0,0,0,0,0,0,12,0,0
novelMiR_62_1,0,0,0,108,323,0,0,0,0,19,18,0,8,0,0,0,126,0,0,0,209,0,0,0,0,485,0,0,0,0
novelMiR_63_1,5,11,8,0,7,7,10,0,9,0,0,10,0,8,15,0,21,0,5,0,20,0,0,14,18,20,0,0,15,0
novelMiR_28-1,0,0,715,0,399,0,201,0,529,0,19,0,0,169,451,0,657,49,0,0,0,0,0,0,0,561,0,256,0,0
novelMiR_29-1,10,0,91,0,72,67,34,0,98,0,0,17,0,17,91,0,98,0,0,0,0,0,0,0,0,0,67,0,0,71
novelMiR_29-2,10,0,91,0,72,67,34,0,98,0,0,17,0,17,91,0,98,0,0,0,0,0,0,0,0,0,67,0,0,71
novelMiR_67_1,0,0,7,0,10,0,0,0,0,0,0,0,0,0,0,0,0,0,0,0,6,0,0,8,0,0,9,0,10,0
novelMiR_70_1,0,0,0,0,21,14,0,0,0,0,0,0,0,0,0,0,0,0,0,0,0,0,0,0,0,0,0,0,0,0
novelMiR_39-1,0,972,904,0,2086,1050,648,0,0,50,0,184,0,294,1004,630,1004,0,96,0,1450,200,0,1198,0,1646,2310,1032,1358,0
novelMiR_27_1-9,5,46,126,26,71,44,25,0,42,0,0,10,0,8,59,0,76,0,6,0,114,6,0,51,23,52,103,30,63,16
novelMiR_75_1,0,0,0,8,6,0,0,0,8,0,0,0,0,0,7,0,9,0,0,0,0,0,0,7,5,0,10,0,14,0
novelMiR_76_1,0,39,0,0,66,0,0,0,0,0,0,0,0,0,0,0,90,0,0,0,51,0,0,61,0,0,0,0,85,0
novelMiR_27-4,28,232,300,186,176,370,160,0,218,0,0,90,0,88,292,150,240,26,18,0,316,54,0,290,180,230,428,114,766,416
novelMiR_42-1,167,633,686,332,784,171,526,63,355,48,0,188,19,373,0,0,582,107,128,0,587,0,29,764,988,996,692,302,0,0
novelMiR_10-3,5628,11776,17924,5762,18720,7048,8710,216,6868,130,76,1760,130,5930,15824,8852,6826,1378,2082,0,5582,1036,18,6536,9706,7648,6450,3356,6188,4420
novelMiR_75_1-24,0,0,0,8,6,0,0,0,8,0,0,0,0,0,7,0,9,0,0,0,0,0,0,7,5,0,10,0,14,0
novelMiR_83_1,0,7,10,0,8,19,0,0,0,0,0,0,0,0,9,0,6,0,0,0,9,0,0,0,0,0,0,10,0,0
novelMiR_86_1,0,0,24,32,18,46,30,0,0,0,0,0,0,26,0,0,0,0,12,0,0,12,0,0,0,0,0,0,0,0
novelMiR_88_1,0,55,80,56,71,51,66,0,16,9,0,0,0,38,0,0,80,22,0,0,41,0,0,95,0,90,72,37,29,0
novelMiR_89_1,0,0,0,0,8,0,0,0,0,0,0,0,0,0,0,0,0,0,0,0,0,0,0,0,0,0,0,0,5,0
novelMiR_90_1,0,6,0,0,5,0,0,0,0,0,0,0,0,0,0,0,8,0,0,0,0,0,0,8,0,7,10,0,0,0
novelMiR_3-13,0,100,188,66,140,60,42,0,104,0,0,24,0,20,154,20,192,0,0,0,294,32,0,174,60,120,276,66,178,64
novelMiR_32_1-1,0,0,0,0,5,0,0,0,0,0,0,0,0,0,0,0,7,0,0,0,0,0,0,0,0,0,0,0,0,0
novelMiR_94_1,0,0,0,0,13,0,0,0,0,0,0,0,0,0,0,0,0,0,0,0,7,0,0,0,0,0,0,0,0,0
novelMiR_96_1,0,13,13,0,18,0,0,0,22,0,0,0,0,0,0,0,0,0,0,0,28,0,0,11,0,16,0,0,16,0
novelMiR_97_1,0,0,9,0,13,0,0,0,24,0,0,0,0,11,0,0,40,6,0,0,10,0,0,12,6,0,0,0,34,21
novelMiR_3-29,0,100,0,66,140,0,0,0,104,0,0,24,0,20,154,20,192,0,0,0,294,32,0,174,60,120,276,66,178,64
novelMiR_44_1-2,0,0,0,0,5,0,0,0,0,0,0,0,0,0,0,0,0,0,0,0,0,0,0,0,0,0,0,0,0,0
novelMiR_100_1,0,11,12,0,27,0,0,0,13,0,0,0,0,0,19,0,14,0,0,0,23,0,0,11,0,28,0,0,0,0
novelMiR_101_1,0,11,0,0,14,0,0,0,10,0,0,0,0,8,0,0,21,7,0,0,7,0,0,13,0,0,20,10,43,34
novelMiR_102_1,0,18,0,0,26,11,8,0,13,0,0,11,0,13,0,0,35,0,0,0,21,0,0,0,25,19,21,0,6,0
novelMiR_75_1-17,0,0,0,8,6,0,0,0,8,0,0,0,0,0,7,0,9,0,0,0,0,0,0,7,5,0,10,0,14,0
novelMiR_65-1,33,97,97,0,82,0,0,0,65,0,0,0,0,39,110,0,150,0,11,0,125,0,0,153,0,150,171,52,0,0
novelMiR_106_1,0,15,37,0,21,9,22,0,0,0,0,0,0,0,10,0,18,0,0,0,0,0,0,12,9,11,21,0,0,0
novelMiR_75_1-44,0,0,0,8,6,0,0,0,8,0,0,0,0,0,7,0,9,0,0,0,0,0,0,7,5,0,10,0,14,0
novelMiR_27_1-4,5,46,126,26,71,44,25,0,42,0,0,10,0,8,59,0,76,0,6,0,114,6,0,51,23,52,103,30,63,16
novelMiR_11-2,7178,10368,14628,6210,15946,4270,6966,168,4516,444,106,1354,204,7092,7176,10988,3926,1666,1114,12,4756,2640,66,7772,10212,5962,4272,2548,4632,2322
novelMiR_112_1,0,24,28,11,74,29,8,0,21,0,0,0,0,6,0,0,69,0,0,0,50,10,0,71,39,91,49,15,49,8
novelMiR_10-2,4309,21916,22216,3249,18141,6636,8452,48,1878,180,94,2066,213,2760,12725,6429,2549,766,1652,0,5026,1375,18,4914,3901,9501,2927,1084,5306,1338
novelMiR_115_1,0,0,11,0,15,5,8,0,5,0,0,7,0,19,0,0,19,7,0,0,7,0,0,21,5,14,16,8,7,7
novelMiR_116_1,0,0,0,0,10,0,0,0,0,0,0,0,0,0,0,0,0,0,0,0,0,0,0,0,0,0,0,0,0,0
novelMiR_27_1-6,5,46,126,26,71,44,25,0,42,0,0,10,0,8,59,0,76,0,6,0,114,6,0,51,23,52,103,30,63,16
novelMiR_75_1-18,0,0,0,8,6,0,0,0,8,0,0,0,0,0,7,0,9,0,0,0,0,0,0,7,5,0,10,0,14,0
novelMiR_123_1,0,0,0,0,11,0,0,0,8,0,0,0,0,0,0,0,0,0,0,0,10,0,0,8,0,0,0,0,5,0
novelMiR_124_1,0,21,127,38,38,98,30,0,0,0,0,18,0,15,0,0,0,0,0,0,0,0,0,0,0,57,21,0,0,0
novelMiR_127_1,0,27,44,42,27,13,70,0,48,0,0,0,0,47,73,0,98,0,0,0,63,7,0,47,42,86,89,27,52,0
novelMiR_3-7,0,100,188,66,140,60,42,0,104,0,0,24,0,20,154,20,192,0,0,0,294,32,0,174,60,120,276,66,178,64
novelMiR_131_1,85,6,0,0,22,0,0,0,0,0,0,7,0,16,0,0,0,0,0,0,0,0,0,0,28,12,0,0,0,0
novelMiR_132_1,0,9,9,0,8,0,7,0,0,0,0,0,0,9,0,0,14,0,0,0,16,0,0,0,13,0,0,0,0,0
novelMiR_133_1,0,12,37,0,14,0,10,0,0,0,0,0,0,16,7,0,0,7,0,0,0,0,0,13,0,0,15,0,0,0
novelMiR_138_1,0,0,7,0,10,0,0,0,5,0,0,0,0,0,0,0,17,0,0,0,0,0,0,0,0,0,0,0,9,0
novelMiR_27-3,28,232,300,186,176,370,160,0,218,0,0,90,0,88,292,150,240,26,18,0,316,54,0,290,180,230,428,114,766,416
novelMiR_3-22,0,100,188,66,140,60,42,0,104,0,0,24,0,20,154,20,192,0,0,0,294,32,0,174,60,120,276,66,178,64
novelMiR_13_1-7,0,0,0,0,7,0,0,0,0,0,0,0,0,0,0,0,0,0,0,0,0,0,0,0,0,0,0,0,0,0
novelMiR_27_1-1,5,39,121,24,62,40,25,0,39,0,0,8,0,7,55,0,67,0,5,0,105,6,0,46,17,45,94,28,58,16
novelMiR_150_1,0,546,0,0,459,1204,406,0,492,0,0,0,0,0,0,0,0,0,0,0,0,0,0,0,0,577,0,0,2015,0
novelMiR_75_1-36,0,0,0,8,6,0,0,0,8,0,0,0,0,0,7,0,9,0,0,0,0,0,0,7,5,0,10,0,14,0
novelMiR_75_1-13,0,0,0,8,6,0,0,0,8,0,0,0,0,0,7,0,9,0,0,0,0,0,0,7,5,0,10,0,14,0
novelMiR_13_1-1,0,0,0,0,7,0,0,0,0,0,0,0,0,0,0,0,0,0,0,0,0,0,0,0,0,0,0,0,0,0
novelMiR_44_1-4,0,0,0,0,5,0,0,0,0,0,0,0,0,0,0,0,0,0,0,0,0,0,0,0,0,0,0,0,0,0
novelMiR_75_1-2,0,0,0,8,6,0,0,0,8,0,0,0,0,0,7,0,9,0,0,0,0,0,0,7,5,0,10,0,14,0
novelMiR_3-40,0,100,188,66,140,60,42,0,104,0,0,24,0,20,152,20,192,0,0,0,294,32,0,174,60,120,276,66,178,64
novelMiR_13_1-2,0,0,0,0,7,0,0,0,0,0,0,0,0,0,0,0,0,0,0,0,0,0,0,0,0,0,0,0,0,0
novelMiR_75_1-29,0,0,0,8,6,0,0,0,8,0,0,0,0,0,7,0,9,0,0,0,0,0,0,7,5,0,10,0,14,0
novelMiR_172_1,0,0,0,0,37,0,0,0,0,0,0,0,0,0,0,0,0,0,20,0,0,0,0,0,0,0,0,0,0,0
novelMiR_173_1,0,0,0,0,52,0,0,0,0,0,0,0,0,0,0,0,0,0,0,0,0,0,0,0,0,0,40,0,0,0
novelMiR_174_1,0,24,44,8,35,11,9,0,28,0,0,9,0,13,42,0,26,0,0,0,34,0,0,20,11,26,17,44,7,0
novelMiR_103-2,42,163,411,54,373,151,114,15,261,19,0,36,0,53,375,41,191,22,16,0,616,50,0,81,142,208,194,276,202,23
novelMiR_178_1,53,0,0,25,32,0,0,0,9,0,0,30,0,0,133,0,0,0,12,0,0,18,0,0,0,0,0,0,13,5
novelMiR_179_1,0,0,13,0,9,0,0,0,8,0,0,0,0,0,7,0,0,0,0,0,19,0,0,0,0,0,0,0,0,0
novelMiR_180_1,0,0,0,0,5,0,0,0,0,0,0,0,0,0,0,0,0,0,0,0,0,0,0,0,0,0,0,0,0,0
novelMiR_183_1,0,0,0,0,8,0,0,0,0,0,0,0,0,0,0,0,0,0,0,0,0,0,0,0,0,0,0,0,0,0
novelMiR_44_1-3,0,0,0,0,5,0,0,0,0,0,0,0,0,0,0,0,0,0,0,0,0,0,0,0,0,0,0,0,0,0
novelMiR_44_1-6,0,0,0,0,5,0,0,0,0,0,0,0,0,0,0,0,0,0,0,0,0,0,0,0,0,0,0,0,0,0
novelMiR_186_1,0,0,0,0,21,0,6,0,0,0,0,0,0,11,0,0,0,0,0,0,0,0,0,0,0,0,0,0,0,0
novelMiR_75_1-34,0,0,0,8,6,0,0,0,8,0,0,0,0,0,7,0,9,0,0,0,0,0,0,7,5,0,10,0,14,0
novelMiR_72-2,214,475,240,66,135,92,311,0,62,0,0,136,0,139,196,427,5,189,83,0,43,30,0,28,118,46,0,100,191,97
novelMiR_189_1,0,0,20,0,15,0,0,0,11,0,0,0,0,0,35,0,0,0,0,0,24,0,0,14,9,12,8,0,10,0
novelMiR_190_1,0,0,0,0,6,0,0,0,0,0,0,0,0,0,0,0,0,0,0,0,0,0,0,0,0,0,0,0,0,0
novelMiR_192_1,0,0,0,0,5,0,0,0,0,0,0,0,0,0,0,0,0,0,0,0,0,0,0,0,0,0,0,0,0,0
novelMiR_193_1,0,0,0,0,20,0,0,0,0,0,0,0,0,0,16,0,0,0,0,0,0,0,0,0,0,0,0,0,0,0
novelMiR_194_1,0,0,0,0,5,0,0,0,0,0,0,0,0,0,0,0,0,0,0,0,0,0,0,0,0,0,0,0,9,0
novelMiR_195_1,0,0,0,0,7,0,0,0,0,0,0,0,0,0,0,0,0,0,0,0,9,0,0,9,0,0,6,0,0,0
novelMiR_198_1,0,0,0,0,5,0,0,0,0,0,0,0,0,0,0,0,6,0,0,0,0,0,0,0,0,0,0,0,0,0
novelMiR_75_1-41,0,0,0,8,6,0,0,0,8,0,0,0,0,0,7,0,9,0,0,0,0,0,0,7,5,0,10,0,14,0
novelMiR_206_1,0,6,0,0,9,0,11,0,0,0,0,0,0,7,0,0,22,0,0,0,21,0,0,0,0,0,8,7,12,0
novelMiR_207,0,0,34,0,16,22,12,0,0,0,0,16,0,14,82,0,0,0,10,0,58,0,0,0,0,24,20,0,0,0
novelMiR_21_1-2,0,0,0,0,9,0,0,0,0,0,0,0,0,0,0,0,0,0,0,0,6,0,0,0,0,0,6,0,0,0
novelMiR_212,0,0,0,0,0,0,0,0,0,0,0,0,0,0,0,0,0,0,0,0,0,0,0,0,0,0,7,0,0,0
novelMiR_213,0,0,0,0,0,0,0,0,0,0,0,0,0,0,0,0,0,0,0,0,0,0,0,0,0,0,7,0,0,0
novelMiR_214,0,0,0,0,0,0,0,0,0,0,0,0,0,0,0,0,0,0,0,0,0,0,0,0,0,0,13,0,0,0
novelMiR_215,0,0,0,0,0,0,0,0,0,0,0,0,0,0,0,0,0,0,0,0,7,0,0,0,0,13,7,0,0,0
novelMiR_39-4,0,972,904,486,2086,1050,648,0,686,50,0,184,0,294,1004,630,1004,0,96,0,1450,200,0,1198,0,1646,2310,1032,1358,0
novelMiR_39-7,0,972,904,0,2086,1050,648,0,0,50,0,184,0,294,1004,630,1004,0,96,0,1450,200,0,1198,0,1646,2310,1032,1358,0
novelMiR_220,0,21,0,0,8,0,8,0,0,0,0,0,0,9,0,0,11,0,0,0,10,0,0,0,0,17,27,0,0,0
novelMiR_75_1-21,0,0,0,16,12,0,0,0,16,0,0,0,0,0,14,0,18,0,0,0,0,0,0,14,10,0,20,0,28,0
novelMiR_223,38,66,78,0,208,0,68,0,0,0,0,0,0,64,0,0,0,24,0,0,88,0,0,114,0,82,96,30,0,0
novelMiR_226,0,6,0,0,0,0,0,0,0,0,0,0,0,0,0,0,7,0,0,0,0,0,0,5,0,0,10,0,0,0
novelMiR_3-6,0,150,282,99,210,90,63,0,156,0,0,36,0,30,231,30,288,0,0,0,441,48,0,261,90,180,414,99,267,96
novelMiR_75_1-4,0,0,0,16,12,0,0,0,16,0,0,0,0,0,14,0,18,0,0,0,0,0,0,14,10,0,20,0,28,0
novelMiR_229,0,0,0,0,0,0,0,0,0,0,0,0,0,0,0,0,0,0,0,0,0,0,0,0,0,0,6,0,0,0
novelMiR_230,0,0,14,12,20,0,0,0,14,0,0,0,0,0,30,0,10,0,0,0,0,0,0,16,10,0,10,0,0,0
novelMiR_231,0,308,238,0,54,0,70,0,0,0,0,0,0,0,132,0,0,0,0,0,34,0,0,0,0,144,36,0,0,0
novelMiR_232,0,0,0,0,0,0,0,0,0,0,0,0,0,0,0,0,0,0,0,0,0,0,0,0,0,0,8,0,0,0
novelMiR_233,0,17,0,8,0,0,0,0,0,0,0,0,0,0,0,0,0,0,0,0,15,0,0,0,0,17,20,0,0,0
novelMiR_142-3,1996,1888,2360,714,7578,2786,2216,92,6504,90,46,302,68,850,1438,2124,2356,226,282,0,1958,614,0,2064,1232,2650,3722,1362,5420,2808
novelMiR_75_1-12,0,0,0,8,6,0,0,0,8,0,0,0,0,0,7,0,9,0,0,0,0,0,0,7,5,0,10,0,14,0
novelMiR_236,0,14,12,12,22,0,0,0,24,0,0,0,0,0,54,0,16,0,0,0,20,0,0,64,30,18,18,32,0,0
novelMiR_238,0,0,0,0,0,0,0,0,0,0,0,0,0,0,0,0,0,0,0,0,0,0,0,0,0,0,10,0,0,0
novelMiR_239,0,0,0,0,0,6,0,0,0,0,0,0,0,0,0,0,5,0,0,0,0,0,0,0,0,0,8,0,0,0
novelMiR_241,0,0,0,61,0,0,0,0,82,0,0,0,0,0,24,0,22,0,44,0,0,0,0,20,0,14,80,0,0,0
novelMiR_98-1,45,210,378,627,246,0,102,0,696,0,0,66,0,69,333,156,330,0,54,0,318,60,0,144,207,258,636,141,552,579
novelMiR_33-1,74,47,117,0,0,0,0,8,194,0,0,0,0,69,0,35,208,13,0,0,141,0,0,112,0,0,152,0,74,46
novelMiR_249,0,0,0,0,0,0,0,0,0,57,0,0,0,0,0,0,0,0,0,0,0,0,0,0,0,0,543,0,0,0
novelMiR_253,0,0,0,0,0,0,0,0,0,0,0,0,0,0,0,0,0,0,0,0,0,0,0,0,0,0,5,0,0,0
novelMiR_254,0,0,0,0,0,0,0,0,0,0,0,0,0,0,7,0,0,0,0,0,0,0,0,0,0,0,12,0,0,0
novelMiR_256,0,0,0,0,0,0,0,0,0,0,0,0,0,0,16,0,36,0,0,0,12,0,0,14,36,22,16,0,0,0
novelMiR_258,0,0,0,0,0,0,0,0,0,0,0,0,0,0,0,0,0,0,0,0,0,0,0,0,0,0,8,0,0,10
novelMiR_261,0,16,16,0,0,0,10,0,0,0,0,0,0,0,10,0,0,0,0,0,12,0,0,18,0,16,12,0,24,0
novelMiR_263,0,0,0,0,0,0,0,0,0,0,0,0,0,0,0,0,0,0,0,0,0,0,0,0,0,0,8,0,0,0
novelMiR_265,0,0,0,14,0,0,0,0,24,0,0,0,0,0,0,0,0,0,0,0,0,0,0,0,0,0,36,0,34,36
novelMiR_267,0,0,18,0,30,12,14,0,0,0,0,0,0,10,10,0,42,0,0,0,14,0,0,20,10,14,24,0,0,0
novelMiR_265-3,0,0,0,16,0,0,0,0,24,0,0,0,0,0,0,0,0,0,0,0,0,0,0,0,0,0,36,0,34,36
novelMiR_164-2,106,421,908,144,716,336,259,31,524,19,29,104,21,101,698,156,432,78,35,0,1199,107,0,256,0,497,285,393,686,0
novelMiR_270,0,0,0,0,0,0,0,0,0,0,0,0,0,0,0,0,0,0,0,0,0,0,0,0,0,0,23,0,0,0
novelMiR_272,0,0,0,0,0,0,0,0,746,0,0,0,0,0,0,0,0,0,0,0,0,0,0,0,3332,0,732,0,634,682
novelMiR_274,0,0,0,0,0,0,0,0,0,0,0,0,0,0,0,0,0,0,0,0,0,0,0,0,0,0,46,0,104,286
novelMiR_75_1-3,0,0,0,24,18,0,0,0,24,0,0,0,0,0,21,0,27,0,0,0,0,0,0,21,15,0,30,0,42,0
novelMiR_277,0,0,0,0,0,0,0,0,0,0,0,0,0,0,0,0,0,0,0,0,0,0,0,0,0,0,12,0,34,0
novelMiR_282,84,204,240,75,396,213,150,0,138,0,0,0,0,150,444,0,309,27,30,0,225,0,0,234,96,288,99,27,75,0
novelMiR_142-1,2988,2826,3537,1071,11361,4176,3321,138,9753,135,69,453,102,1275,2157,3171,3531,339,423,0,2934,921,0,3093,1842,3975,5580,2040,8121,4206
novelMiR_286,0,0,0,0,0,0,0,0,0,0,0,0,0,0,0,0,0,0,0,0,0,0,0,0,0,0,24,12,0,0
novelMiR_287,0,0,0,5,0,7,0,0,0,16,0,0,0,0,0,0,6,0,0,0,0,5,0,0,0,8,5,0,0,0
novelMiR_291,0,0,0,0,0,0,0,0,0,0,0,0,0,0,0,0,0,0,0,0,0,0,0,0,0,0,22,684,0,0
novelMiR_292,0,0,0,0,0,0,0,0,0,0,0,0,0,0,0,0,0,0,0,0,0,0,0,0,0,0,5,0,0,0
novelMiR_293,0,0,0,0,0,13,0,0,0,0,0,0,0,0,41,0,0,0,0,0,0,0,0,18,0,30,18,0,0,0
novelMiR_182-1,0,1540,3603,0,0,1330,685,8,87,19,0,201,0,0,656,0,0,0,0,0,382,118,0,278,0,1315,235,0,96,0
novelMiR_133_1-1,0,12,37,0,14,0,10,0,0,0,0,0,0,16,7,0,0,7,0,0,0,0,0,13,0,0,15,0,0,0
novelMiR_76-4,0,454,0,0,0,1106,0,0,0,18,0,0,0,0,0,0,0,0,0,0,272,36,0,360,0,464,438,0,0,0
novelMiR_76-2,0,454,0,0,0,1106,0,0,0,18,0,0,0,0,0,0,0,0,0,0,272,36,0,360,0,464,438,0,0,0
novelMiR_299,0,0,0,0,20,14,0,0,0,0,0,0,0,18,0,0,20,0,0,0,0,0,0,0,0,14,16,0,20,14
novelMiR_300,0,0,0,0,0,0,0,0,0,0,0,0,0,0,0,0,0,0,0,0,0,0,0,0,0,0,7,0,0,0
novelMiR_301,0,15,19,0,21,68,18,0,17,0,0,0,0,11,20,0,28,0,0,0,22,0,0,25,0,29,22,7,0,0
novelMiR_302,0,0,9,0,0,0,8,0,0,0,0,0,0,0,0,0,0,0,0,0,9,0,0,21,0,11,35,0,0,0
novelMiR_304,0,0,16,0,14,18,0,0,0,0,0,0,0,0,20,0,12,0,0,0,14,0,0,10,0,12,10,12,0,0
novelMiR_75_1-11,0,0,0,24,18,0,0,0,24,0,0,0,0,0,21,0,27,0,0,0,0,0,0,21,15,0,30,0,42,0
novelMiR_238-4,0,0,0,0,0,0,0,0,0,0,0,0,0,0,0,0,0,0,0,0,0,0,0,0,0,0,10,0,0,0
novelMiR_310,0,0,0,0,0,0,0,0,0,0,0,0,0,0,0,0,0,0,0,0,0,0,0,0,0,0,6,0,0,0
novelMiR_310-1,0,0,0,0,0,0,0,0,0,0,0,0,0,0,0,0,0,0,0,0,0,0,0,0,0,0,6,0,0,0
novelMiR_312,0,15,0,0,18,18,0,0,0,0,0,0,0,0,0,0,15,0,0,0,24,0,0,39,0,0,48,0,0,0
novelMiR_316,0,0,0,0,0,0,0,0,0,0,0,0,0,0,0,0,0,0,0,0,7,0,0,0,0,0,5,0,0,0
novelMiR_206_1-1,0,21,0,0,30,0,33,0,0,0,0,0,0,21,0,0,75,0,0,0,66,0,0,0,0,0,24,21,48,0
novelMiR_320,35,150,240,85,235,140,70,0,95,0,0,30,0,50,130,0,300,0,0,0,155,0,0,305,85,285,165,75,90,0
novelMiR_321,0,0,9,0,0,0,0,0,0,0,0,0,0,0,0,0,0,0,0,0,0,0,0,0,5,0,6,29,0,0
novelMiR_238-2,0,0,0,0,0,0,0,0,0,0,0,0,0,0,0,0,0,0,0,0,0,0,0,0,0,0,22,0,0,0
novelMiR_326,0,0,0,0,15,0,27,0,0,0,0,0,0,0,0,0,0,0,0,0,0,0,0,24,0,0,15,0,0,0
novelMiR_327,0,0,6,0,0,0,0,0,0,0,0,0,0,0,0,0,0,0,0,0,8,0,0,0,0,5,13,0,0,0
novelMiR_3-5,0,350,0,231,490,0,0,0,364,0,0,84,0,70,539,70,672,0,0,0,1029,112,0,609,210,420,966,231,623,224
novelMiR_321-1,0,0,9,0,0,0,0,0,0,0,0,0,0,0,0,0,0,0,0,0,0,0,0,0,5,0,6,29,0,0
novelMiR_333,0,0,0,0,0,0,0,0,0,0,0,0,0,0,0,0,0,0,0,0,0,0,0,0,0,0,22,0,0,0
novelMiR_238-1,0,0,0,0,0,0,0,0,0,0,0,0,0,0,0,0,0,0,0,0,0,0,0,0,0,0,10,0,0,0
novelMiR_265-1,0,0,0,8,0,0,0,0,12,0,0,0,0,0,0,0,0,0,0,0,0,0,0,0,0,0,18,0,17,18
novelMiR_6_1,0,0,0,0,0,0,0,0,10,0,0,0,0,0,0,0,0,0,0,0,0,0,0,0,12,0,0,0,0,0
novelMiR_75_1-25,0,0,0,8,6,0,0,0,8,0,0,0,0,0,7,0,9,0,0,0,0,0,0,7,5,0,10,0,14,0
novelMiR_222_1,0,0,0,0,7,0,0,0,0,0,0,0,0,0,0,0,0,0,0,0,0,0,0,0,0,0,0,0,0,0
novelMiR_75_1-19,0,0,0,32,24,0,0,0,32,0,0,0,0,0,28,0,36,0,0,0,0,0,0,28,20,0,40,0,56,0
novelMiR_226_1,0,0,0,0,0,0,0,0,0,0,0,0,0,0,0,0,0,0,0,0,0,0,0,0,27,0,0,0,0,0
novelMiR_227_1,0,0,0,0,7,0,0,0,0,0,0,0,0,0,0,0,0,0,0,0,0,0,0,0,0,0,0,0,17,23
novelMiR_75_1-20,0,0,0,16,12,0,0,0,16,0,0,0,0,0,14,0,18,0,0,0,0,0,0,14,10,0,20,0,28,0
novelMiR_233-1,0,0,0,0,21,0,0,0,0,0,0,0,0,0,0,0,15,0,0,0,0,0,0,0,0,0,0,0,13,0
novelMiR_252_1,0,0,6,0,16,0,0,0,0,0,0,0,0,11,5,0,0,0,0,0,11,0,0,13,0,17,0,0,0,0
novelMiR_98-3,0,0,24,12,24,28,0,0,24,0,0,0,0,0,0,0,28,0,0,0,22,0,0,14,24,22,28,0,24,0
novelMiR_256_1,0,0,0,0,9,0,6,0,0,0,0,0,0,0,0,0,0,0,0,0,0,0,0,0,0,0,0,0,0,0
novelMiR_260_1,0,0,0,0,8,0,0,0,0,0,0,0,0,0,9,0,0,0,0,0,9,0,0,0,0,9,0,5,0,0
novelMiR_75_1-8,0,0,0,24,18,0,0,0,24,0,0,0,0,0,21,0,27,0,0,0,0,0,0,0,15,0,30,0,42,0
novelMiR_273_1,0,0,0,0,20,0,0,0,0,0,0,0,0,16,0,0,32,0,12,0,38,0,0,0,0,20,0,0,16,0
novelMiR_156-1,1134,1134,1386,351,3834,1560,1182,45,2541,18,18,180,0,540,1029,750,1377,111,144,0,1161,342,0,1125,759,1458,1815,684,2289,960
novelMiR_275_1,0,0,0,0,0,14,0,0,0,0,0,0,0,0,0,0,0,0,0,0,0,0,0,0,0,0,0,0,0,0
novelMiR_21-4,78,0,71,76,138,0,0,0,67,0,0,0,0,128,66,0,0,0,0,0,0,9,0,0,76,0,0,0,0,0
novelMiR_164-1,318,1263,2724,432,2148,1008,777,93,1572,57,87,312,63,303,2094,468,1296,234,105,0,3597,321,0,768,0,1491,855,1179,2058,0
novelMiR_75_1-10,0,0,0,24,18,0,0,0,24,0,0,0,0,0,21,0,27,0,0,0,0,0,0,21,15,0,30,0,42,0
novelMiR_304_1,0,0,0,0,0,7,0,0,0,0,0,0,0,0,0,0,0,0,0,0,0,0,0,0,0,0,0,0,0,0
novelMiR_175-2,0,0,0,0,0,40,0,0,0,0,0,0,0,0,0,28,0,0,0,0,0,0,0,0,0,0,0,0,0,0
novelMiR_307_1,0,0,0,0,0,10,0,0,0,0,0,0,0,0,18,0,0,0,0,0,18,0,0,16,0,0,0,0,0,0
novelMiR_313_1,0,0,0,0,9,0,0,0,0,0,0,0,0,0,0,0,0,0,0,0,0,0,0,0,0,0,0,0,0,0
novelMiR_319_1,0,0,0,0,8,0,0,0,0,0,0,0,0,0,0,0,0,0,0,0,0,0,0,0,0,0,0,0,0,0
novelMiR_320_1,0,17,0,0,43,0,0,0,0,0,0,0,0,0,0,0,0,0,0,0,0,0,0,0,0,0,0,0,0,0
novelMiR_13_1-5,0,0,0,0,7,0,0,0,0,0,0,0,0,0,0,0,0,0,0,0,0,0,0,0,0,0,0,0,0,0
novelMiR_329_1,0,0,0,0,22,0,0,0,0,0,0,0,0,0,0,0,0,0,0,0,0,0,0,0,0,0,0,0,0,0
novelMiR_44_1-7,0,0,0,0,5,0,0,0,0,0,0,0,0,0,0,0,0,0,0,0,0,0,0,0,0,0,0,0,0,0
novelMiR_40_1-1,0,0,48,0,41,557,28,0,0,0,0,0,0,0,0,0,0,0,0,0,99,0,0,51,0,0,0,212,97,0
novelMiR_40_1-2,0,0,48,0,41,557,28,0,0,0,0,0,0,0,0,0,0,0,0,0,99,0,0,51,0,0,0,212,97,0
novelMiR_21_1-1,0,0,0,0,9,0,0,0,0,0,0,0,0,0,0,0,0,0,0,0,6,0,0,0,0,0,6,0,0,0
novelMiR_229_1,0,21,0,0,8,0,8,0,0,0,0,0,0,9,0,0,11,0,0,0,10,0,0,0,0,17,27,0,0,0
novelMiR_234_1,0,0,0,0,8,0,0,0,0,0,0,0,0,7,0,0,9,0,0,0,0,0,0,0,0,0,0,0,12,0
novelMiR_44_1-5,0,0,0,0,5,0,0,0,0,0,0,0,0,0,0,0,0,0,0,0,0,0,0,0,0,0,0,0,0,0
novelMiR_244_1,0,0,0,0,12,0,0,0,0,0,0,0,0,0,0,0,0,0,0,0,0,0,0,0,0,0,0,0,0,0
novelMiR_50_1-1,0,5,0,0,12,0,0,0,11,0,0,0,0,0,0,0,14,0,0,0,5,5,0,0,0,0,0,0,29,19
novelMiR_263_1,0,0,0,0,14,0,0,0,0,0,0,0,0,0,0,0,0,0,0,0,0,0,0,0,0,0,0,0,0,0
novelMiR_44_1-1,0,0,0,0,5,0,0,0,0,0,0,0,0,0,0,0,0,0,0,0,0,0,0,0,0,0,0,0,0,0
novelMiR_284_1,0,0,0,0,45,14,0,0,0,0,0,0,0,0,0,0,0,0,0,0,30,0,0,0,0,17,0,0,0,0
novelMiR_286_1,0,0,0,0,23,9,0,0,0,0,0,0,0,0,0,0,0,0,0,0,0,0,0,0,0,0,0,0,0,0
novelMiR_75_1-7,0,0,0,24,18,0,0,0,24,0,0,0,0,0,21,0,27,0,0,0,0,0,0,21,15,0,30,0,42,0
novelMiR_296_1,0,0,0,0,52,42,0,0,0,0,0,0,0,24,0,0,0,0,0,0,0,0,0,0,0,14,0,0,40,0
novelMiR_180_1-1,0,0,0,0,5,0,0,0,0,0,0,0,0,0,0,0,0,0,0,0,0,0,0,0,0,0,0,0,0,0
novelMiR_298_1,0,0,0,0,34,0,0,0,0,0,0,0,0,0,0,0,36,0,0,0,0,0,0,0,0,0,0,0,0,0
novelMiR_27_1-8,5,0,121,0,0,40,25,0,0,0,0,0,0,0,0,0,0,0,5,0,0,0,0,0,0,0,0,0,0,0
novelMiR_13_1-3,0,0,0,0,7,0,0,0,0,0,0,0,0,0,0,0,0,0,0,0,0,0,0,0,0,0,0,0,0,0
novelMiR_323_1,17,0,97,0,34,55,36,0,0,9,0,0,0,15,0,0,0,9,0,0,0,0,0,0,41,60,0,24,0,0
novelMiR_333_1,0,0,0,0,0,0,0,0,0,0,0,0,0,0,21,0,0,0,0,0,0,0,0,0,0,0,0,0,24,0
novelMiR_335_1,0,0,0,0,18,0,0,0,0,0,0,0,0,0,0,0,30,0,0,0,0,0,0,0,0,0,0,0,0,0
novelMiR_341,0,0,12,0,0,0,0,0,0,0,0,0,0,0,0,0,0,0,0,0,0,0,0,18,0,0,0,0,10,0
novelMiR_199-1,0,0,0,118,0,0,0,0,0,0,0,0,0,0,30,0,0,0,0,0,0,0,0,25,0,0,0,0,0,0
novelMiR_341-4,0,0,12,0,0,0,0,0,0,0,0,0,0,0,0,0,0,0,0,0,0,0,0,18,0,0,0,0,10,0
novelMiR_352,0,0,0,0,38,0,0,0,0,0,0,0,0,0,0,0,0,0,0,0,16,0,0,12,0,0,0,0,0,0
novelMiR_355,0,0,0,0,0,0,0,0,0,0,0,0,0,0,0,0,0,0,0,0,0,0,0,7,0,0,0,0,0,0
novelMiR_44_1-8,0,0,0,0,5,0,0,0,0,0,0,0,0,0,0,0,0,0,0,0,0,0,0,0,0,0,0,0,0,0
novelMiR_340_1,0,0,0,0,6,0,0,0,0,0,0,0,0,0,0,0,0,0,0,0,0,0,0,0,0,0,0,0,0,0
novelMiR_343_1,0,0,0,0,48,0,0,0,24,0,0,0,0,36,111,0,27,0,0,0,63,21,0,0,0,0,0,0,0,0
novelMiR_124_1-1,0,42,254,76,76,196,0,0,0,0,0,36,0,30,0,0,0,0,0,0,0,0,0,0,92,114,42,0,0,0
novelMiR_347_1,0,0,0,0,8,0,0,0,8,0,0,0,0,0,0,0,0,0,0,0,0,0,0,0,0,7,0,0,0,0
novelMiR_13_1-6,0,0,0,0,7,0,0,0,0,0,0,0,0,0,0,0,0,0,0,0,0,0,0,0,0,0,0,0,0,0
novelMiR_353_1,0,0,0,0,0,0,0,0,0,0,0,0,0,0,13,0,0,0,0,0,0,0,0,0,0,0,0,0,0,0
novelMiR_354_1,0,0,0,0,0,0,0,0,0,0,0,0,0,0,72,0,0,0,0,0,0,0,0,0,0,0,0,0,0,0
novelMiR_358,0,0,0,0,0,0,0,0,0,0,0,0,0,0,0,0,18,0,0,0,14,0,0,0,0,0,0,0,12,0
novelMiR_360,0,0,0,0,0,0,0,0,0,0,0,0,0,0,0,0,8,0,0,0,0,0,0,0,0,0,0,0,0,0
novelMiR_361,0,0,0,0,0,0,0,0,0,0,0,0,0,0,0,0,15,0,0,0,0,0,0,0,0,0,0,0,0,0
novelMiR_363,0,0,0,0,0,10,0,0,0,0,0,0,0,0,18,0,12,0,0,0,0,0,0,0,0,0,0,0,10,0
novelMiR_365,0,0,0,0,0,0,0,0,0,0,0,0,0,0,0,0,9314,0,0,0,4092,531,0,0,0,0,0,0,0,0
novelMiR_373,0,0,0,0,0,0,0,0,0,0,0,0,0,0,28,0,36,0,0,0,0,0,0,0,0,0,0,0,14,0
novelMiR_376,0,0,0,0,0,0,0,0,0,0,0,0,0,0,0,0,25,0,0,0,0,0,0,0,0,0,0,0,0,0
novelMiR_75_1-1,0,0,0,48,36,0,0,0,48,0,0,0,0,0,42,0,54,0,0,0,0,0,0,42,30,0,60,0,84,0
novelMiR_383,0,0,0,0,0,0,0,0,0,0,0,0,0,0,0,0,11,0,0,0,0,0,0,0,0,0,0,0,0,0
novelMiR_3-3,0,200,376,132,280,120,84,0,208,0,0,48,0,40,304,40,384,0,0,0,588,64,0,348,120,240,552,132,356,128
novelMiR_341-9,0,0,6,0,0,0,0,0,0,0,0,0,0,0,0,0,0,0,0,0,0,0,0,9,0,0,0,0,5,0
novelMiR_364_1,0,0,0,0,0,0,0,0,0,0,0,0,0,0,0,0,0,0,0,0,8,0,0,0,0,0,0,0,44,0
novelMiR_27_1-3,15,138,378,78,213,132,75,0,126,0,0,30,0,24,177,0,228,0,18,0,342,18,0,153,69,156,309,90,189,48
novelMiR_368_1,0,0,0,0,0,0,0,0,0,0,0,0,0,0,0,0,0,0,0,0,0,0,0,0,0,0,0,0,11,0
novelMiR_369_1,0,0,0,0,0,20,0,0,14,0,0,0,0,0,0,0,0,0,0,0,0,0,0,0,0,0,0,0,36,14
novelMiR_341-10,0,0,6,0,0,0,0,0,0,0,0,0,0,0,0,0,0,0,0,0,0,0,0,9,0,0,0,0,5,0
novelMiR_374_1,0,0,7,0,0,0,0,0,10,0,0,0,0,0,0,0,7,0,0,0,0,0,0,0,0,0,0,0,24,0
novelMiR_377_1,0,0,0,0,0,0,0,0,0,0,0,0,0,0,0,0,0,0,0,0,0,0,0,0,0,0,0,0,16,14
novelMiR_156-2,378,378,462,117,1278,520,394,15,847,6,6,60,0,180,343,250,459,37,48,0,387,114,0,375,253,486,605,228,763,320
novelMiR_138-1,0,0,0,0,0,0,0,0,0,0,0,0,0,0,0,0,0,0,0,0,0,0,0,0,0,0,0,0,1671,0
novelMiR_341-2,0,0,6,0,0,0,0,0,0,0,0,0,0,0,0,0,0,0,0,0,0,0,0,9,0,0,0,0,5,0
novelMiR_386_1,0,0,0,0,0,0,0,0,0,0,0,0,0,0,0,0,0,0,0,0,0,0,0,0,0,0,0,0,5,0
novelMiR_17-2,0,13,23,10,16,22,13,0,9,69,55,0,32,0,17,31,22,0,24,0,17,63,0,19,19,13,16,0,17,0
novelMiR_391,14,0,0,0,0,0,0,0,0,0,0,0,0,0,0,0,0,0,0,0,0,0,0,0,18,0,0,0,9,0
novelMiR_272-2,0,0,0,0,0,0,0,0,746,0,0,0,0,0,0,0,0,0,0,0,0,0,0,0,3332,0,732,0,634,682
novelMiR_396,0,0,0,0,0,0,0,0,0,0,0,0,0,0,0,0,0,0,0,0,0,0,0,0,0,0,0,0,10,0
novelMiR_397,0,0,0,0,0,0,0,0,0,0,0,0,0,0,0,0,18,0,0,0,0,0,0,0,0,0,0,0,7,0
novelMiR_398,0,0,0,0,0,0,0,0,0,0,0,0,0,0,0,0,0,0,0,0,0,0,0,0,0,0,0,0,28,0
novelMiR_403,0,0,0,0,0,0,0,0,0,0,0,0,0,0,0,0,0,0,0,0,0,0,0,0,0,0,0,0,21,32
novelMiR_404,0,0,0,0,0,0,0,0,0,0,0,0,0,0,0,0,0,0,0,0,39,0,0,0,0,0,0,0,40,0
novelMiR_405,0,0,0,0,0,0,0,0,6,0,0,0,0,0,0,0,0,0,0,0,0,0,0,0,0,0,0,0,5,7
novelMiR_406,0,0,17,0,0,0,0,0,0,0,0,0,0,0,0,0,0,0,0,0,12,0,0,0,0,0,0,0,11,0
novelMiR_407,0,0,0,0,0,0,0,0,0,0,0,0,0,0,0,0,0,0,0,0,0,0,0,0,0,0,0,0,8,0
novelMiR_408,0,0,0,0,0,0,0,0,11,0,0,0,0,0,0,0,21,0,0,0,0,0,0,0,0,0,0,0,23,9
novelMiR_341-6,0,0,6,0,0,0,0,0,0,0,0,0,0,0,0,0,0,0,0,0,0,0,0,9,0,0,0,0,5,0
novelMiR_160-2,0,0,0,0,0,0,0,0,0,0,0,0,0,0,0,0,0,0,0,0,28,0,0,15,0,15,0,424,23,0
novelMiR_416,0,0,0,0,0,0,0,0,0,0,0,0,0,0,0,0,0,0,0,0,0,0,0,0,0,0,0,0,21,0
novelMiR_75_1-6,0,0,0,32,24,0,0,0,32,0,0,0,0,0,28,0,36,0,0,0,0,0,0,28,20,0,40,0,56,0
novelMiR_341-11,0,0,6,0,0,0,0,0,0,0,0,0,0,0,0,0,0,0,0,0,0,0,0,9,0,0,0,0,5,0
novelMiR_398-3,0,0,0,0,0,0,0,0,0,0,0,0,0,0,0,0,0,0,0,0,0,0,0,0,0,0,0,0,83,13
novelMiR_398-2,0,0,0,0,0,0,0,0,0,0,0,0,0,0,0,0,0,0,0,0,0,0,0,0,0,0,0,0,10,0
novelMiR_31-2,0,37,0,0,0,0,0,0,18,0,0,0,0,0,67,18,0,0,13,0,0,0,0,0,0,0,0,0,45,34
novelMiR_424,0,0,0,0,0,0,0,0,0,0,0,0,0,0,0,0,0,0,0,0,0,0,0,0,0,0,0,0,7,0
novelMiR_75-2,0,0,0,930,0,0,0,0,852,96,0,0,108,0,2391,747,534,0,0,0,1377,474,0,1023,0,0,1878,1089,591,315
novelMiR_75-1,0,796,1752,300,0,744,312,0,200,32,0,0,0,0,920,344,236,0,60,0,512,200,0,292,308,704,1080,528,220,172
novelMiR_429,0,0,46,0,17,0,10,0,14,0,0,14,0,13,0,0,22,0,0,0,25,0,0,0,62,0,0,0,7,0
novelMiR_182-2,0,1540,3603,0,0,1330,685,8,87,19,0,201,0,0,656,0,0,0,0,0,382,118,0,278,0,1315,235,0,96,0
novelMiR_434,0,0,0,0,0,0,0,0,0,0,0,0,0,0,0,0,0,0,0,0,0,0,0,0,11,0,0,0,21,0
novelMiR_98-2,60,288,508,844,340,0,144,0,932,0,0,88,0,100,448,208,456,0,76,0,428,80,0,200,288,356,852,0,760,776
novelMiR_341-5,0,0,6,0,0,0,0,0,0,0,0,0,0,0,0,0,0,0,0,0,0,0,0,9,0,0,0,0,5,0
novelMiR_440,0,0,0,0,0,0,0,0,0,0,0,0,0,0,0,0,0,0,0,0,0,0,0,0,0,0,0,0,6,0
novelMiR_442,0,0,7,0,0,0,0,0,0,0,0,0,0,0,0,0,5,0,0,0,6,0,0,0,0,6,0,0,12,0
novelMiR_115-2,0,43,70,0,267,204,36,0,98,0,0,16,0,20,102,59,138,0,0,0,118,23,0,69,64,0,0,48,140,0
novelMiR_446,0,0,0,0,0,0,0,0,0,0,0,0,0,0,0,0,0,0,0,0,0,0,0,0,0,0,0,0,18,20
novelMiR_448,0,0,0,0,0,0,0,0,0,0,0,0,0,0,0,0,0,0,0,0,0,0,0,0,0,0,0,0,9,0
novelMiR_452,0,0,0,0,0,0,0,0,0,0,0,0,0,0,0,0,0,0,0,0,0,0,0,0,0,0,0,0,14,0
novelMiR_453,0,0,0,0,0,0,0,0,0,0,0,0,0,0,0,0,0,0,0,0,0,0,0,0,0,0,0,0,5,0
novelMiR_3-2,0,250,470,165,350,150,105,0,260,0,0,60,0,50,385,50,480,0,0,0,735,80,0,435,150,300,690,165,445,160
novelMiR_460,0,0,0,0,0,0,0,0,0,0,0,0,0,0,0,0,0,0,0,0,0,0,0,0,0,0,0,0,12,0
novelMiR_461,0,0,0,0,0,0,0,0,0,0,0,0,0,0,0,0,0,0,0,0,0,0,0,0,0,0,0,0,13,0
novelMiR_341-7,0,0,12,0,0,0,0,0,0,0,0,0,0,0,0,0,0,0,0,0,0,0,0,18,0,0,0,0,10,0
novelMiR_206_1-2,0,7,0,0,10,0,11,0,0,0,0,0,0,7,0,0,25,0,0,0,22,0,0,0,0,0,8,7,16,0
novelMiR_272-1,0,0,0,0,0,0,0,0,746,0,0,0,0,0,0,0,0,0,0,0,0,0,0,0,3332,0,732,0,634,682
novelMiR_341-1,0,0,12,0,0,0,0,0,0,0,0,0,0,0,0,0,0,0,0,0,0,0,0,18,0,0,0,0,10,0
novelMiR_160-1,0,0,0,0,0,0,0,0,0,0,0,0,0,0,0,0,0,0,0,0,0,0,0,0,0,15,0,0,23,0
novelMiR_471,0,0,0,0,0,0,0,0,0,0,0,0,0,0,0,0,0,0,0,0,0,0,0,0,0,0,0,0,8,0
novelMiR_472,0,0,0,0,0,15,0,0,7,0,0,0,0,0,0,0,0,0,0,0,0,0,0,0,0,12,0,0,9,0
novelMiR_474,0,0,0,0,0,0,0,0,0,0,0,0,0,0,0,0,0,0,0,0,0,0,0,0,0,0,0,0,10,0
novelMiR_479,0,0,0,0,0,0,0,0,0,0,0,0,0,0,0,0,0,0,0,0,0,0,0,0,0,0,0,0,16,0
novelMiR_481,0,0,0,0,0,0,0,0,0,0,0,0,0,0,0,0,0,0,0,0,0,0,0,0,0,0,0,0,53,36
novelMiR_482,0,0,0,0,0,0,0,0,0,0,0,0,0,0,0,0,0,0,0,0,0,0,0,0,0,0,0,0,10,0
novelMiR_124_1-2,0,0,0,0,0,0,0,0,0,0,0,0,0,0,0,0,0,0,0,0,0,0,0,0,0,0,0,0,19,0
novelMiR_485,0,0,0,0,0,0,0,0,0,0,0,0,0,0,0,0,0,0,0,0,0,0,0,0,0,0,0,0,15,0
novelMiR_265-2,0,0,0,8,0,0,0,0,12,0,0,0,0,0,0,0,0,0,0,0,0,0,0,0,0,0,18,0,17,18
novelMiR_398-1,0,0,0,0,0,0,0,0,0,0,0,0,0,0,0,0,0,0,0,0,0,0,0,0,0,0,0,0,14,0
