,new_name,chr,chr_start,chr_end,miRNA_sequence,CL152_NS_Run18_0815,CL172_NS_Run18_0815,CL187_NS_Run18_0815,CL183,CL53_NS_Run18_0815,CL50_NS_Run18_0815,CL191,CL244,CL162_NS_Run18_0815,CL240_NS_Run18_0815,CL164_NS_Run18_0815,CL228,CL154_NS_Run18_0815,Male-Ctrl_NS_Run18_0815,CL203_NS_Run18_0815,Female-Ctrl_NS_Run18_0815,CL236,CL146_NS_Run18_0815,CL196_NS_Run18_0815,CL214_NS_Run18_0815,CL219_NS_Run18_0815,CL176,CL41_NS_Run18_0815,CL56_NS_Run18_0815,CL167,CL105_NS_Run18_0815,CL253,CL213,CL85_NS_Run18_0815,CL156_NS_Run18_0815
novelMiR_0,hsa-mir-12257*,chr1,16104418,16104434,tgcctgtgggctggcct,10,0,0,0,0,0,0,0,0,0,0,0,0,0,0,0,0,0,0,0,0,0,0,0,0,0,0,0,0,0
novelMiR_1,hsa-miR-19761*,chr1,26881066,26881086,ctcctgccctccttgctgtag,40,48,0,0,0,0,0,0,46,0,38,0,0,36,0,0,0,0,0,0,0,0,38,0,0,0,0,46,12,34
novelMiR_3,hsa-mir-12396*,chr1,28202664,28202682,tgattttgtagctgtacac,9,0,0,0,0,0,0,0,0,0,0,0,0,0,0,0,0,0,0,0,0,0,0,0,0,0,0,0,0,0
novelMiR_4,hsa-mir-12256*,chr1,28833877,28833898,tccaacgtggatacacccggga,15,0,0,0,0,0,0,0,0,0,0,0,0,0,0,0,0,0,0,0,0,0,0,0,0,0,0,0,0,0
novelMiR_6,hsa-mir-12185*,chr1,62116165,62116182,aaaagtaatcgcagtttt,94,52,12,0,60,30,0,16,30,147,21,0,33,32,76,89,0,50,10,96,0,0,87,138,0,0,0,10,33,70
novelMiR_7,hsa-mir-12412*,chr1,79152795,79152813,caaaaatcgcaattacttt,6,0,0,0,0,0,0,0,0,0,0,0,0,0,0,5,0,0,0,0,0,0,9,0,0,0,0,0,0,0
novelMiR_7-14,hsa-mir-12412-1*,chr1,143876949,143876967,caaaaatcgcaattacttt,6,0,0,0,0,0,0,0,0,0,0,0,0,0,0,5,0,0,0,0,0,0,9,0,0,0,0,0,0,0
novelMiR_11,hsa-mir-12331*,chr1,161500933,161500954,ccttccaagcagttgacccggg,1476,0,0,0,550,0,0,0,1060,0,495,0,112,33,1156,74,0,1148,0,0,0,0,292,373,0,260,0,0,0,0
novelMiR_14,hsa-mir-12318*,chr1,167683975,167683991,aggggtatgattctcgc,2133,443,606,44,1969,1356,0,0,2326,2095,1171,420,540,76,2468,439,0,1422,464,822,140,0,1062,1105,47,542,9,208,437,1681
novelMiR_15,hsa-mir-12288*,chr1,174317458,174317479,aaaaactgtgattacttttgca,126,0,0,0,0,0,0,0,44,0,25,6,0,0,0,0,0,0,0,0,0,0,0,0,0,5,0,0,0,0
novelMiR_16,hsa-mir-12337*,chr1,178712726,178712746,ttagttctgtggcaacatcga,15,0,0,0,12,0,0,0,0,0,0,0,0,0,22,21,0,16,0,30,0,0,0,18,0,0,0,0,0,16
novelMiR_17,hsa-mir-12421*,chr1,203274672,203274688,cgctgtcttgtggaccc,16,0,0,0,0,0,0,0,0,0,0,0,10,0,0,0,0,0,0,0,0,0,0,0,0,0,0,0,0,0
novelMiR_18,hsa-mir-12172*,chr1,203430671,203430689,taggttatacaacataatg,12,0,0,0,0,0,0,0,0,0,0,0,0,0,0,0,0,0,0,0,0,0,0,0,0,0,0,0,0,0
novelMiR_19,hsa-mir-12415*,chr1,203698707,203698730,ttgcagactcactatgcacctgac,15,0,0,0,0,0,0,0,0,0,0,0,0,0,0,0,0,0,0,0,0,0,7,0,0,0,0,0,0,0
novelMiR_7-2,hsa-mir-12412-2*,chr1,219563130,219563148,caaaaatcgcaattacttt,6,0,0,0,0,0,0,0,0,0,0,0,0,0,0,5,0,0,0,0,0,0,9,0,0,0,0,0,0,0
novelMiR_21,hsa-mir-12205*,chr1,226249965,226249981,ctccccgccgcggcccg,8,0,0,0,0,0,0,0,0,0,0,0,0,0,5,0,0,0,0,0,0,0,0,0,0,0,0,0,0,0
novelMiR_22,hsa-mir-12334*,chr1,249168057,249168077,aggatggccgagtggtctaag,83,166,16,7,110,97,0,14,0,206,73,20,86,0,0,124,0,41,70,130,14,0,42,59,0,37,0,57,70,179
novelMiR_81a,hsa-mir-12266*,chr10,19806814,19806831,atcccacttctgacacca,88652,7476,8260,372,37912,15488,852,5456,26488,20052,33700,6592,12928,5336,50800,21192,0,87440,10984,10168,3056,720,19552,11616,192,17112,72,25348,4332,72428
novelMiR_24,hsa-mir-12381*,chr10,43966686,43966705,tggctggctgctccgggcac,36,20,0,0,24,0,0,0,0,0,0,0,20,0,24,24,0,0,0,20,0,0,20,0,0,0,0,0,24,20
novelMiR_236b,hsa-mir-12370*,chr10,44091950,44091967,ctcctggctggcttgcca,16,0,0,0,8,0,0,0,0,0,0,0,10,0,0,0,0,0,0,0,0,0,0,0,0,0,0,0,0,0
novelMiR_27,hsa-mir-12429*,chr10,54715329,54715345,tctcgctggggcctcca,36570,11290,3385,265,14905,25530,510,6600,10675,11890,17415,2785,15525,5805,17940,11580,30,25920,17730,9815,4165,1110,19430,10680,420,17945,165,27470,6370,39865
novelMiR_15-7,hsa-mir-12288-1*,chr10,56367686,56367707,aaaaactgtgattacttttgca,252,84,20,0,104,46,0,12,88,228,50,12,52,32,118,126,0,92,16,152,0,0,102,206,0,10,0,0,60,142
novelMiR_30,hsa-mir-12202*,chr10,74959581,74959599,atcatgtctggtggctccg,12,0,0,0,0,0,0,0,0,0,0,0,0,0,0,0,0,16,0,0,0,0,0,0,0,0,0,0,0,0
novelMiR_33,hsa-mir-12252*,chr11,13299393,13299411,acccgcgccggactcaccg,20,32,0,0,0,0,0,0,0,0,20,0,0,0,0,0,0,0,0,24,0,0,0,0,0,0,0,34,0,34
novelMiR_36,hsa-mir-12158*,chr11,122874328,122874347,ggtttttcatatcattggtc,22,0,0,0,0,21,0,0,0,0,6,0,0,0,0,16,0,6,5,0,0,0,0,0,0,0,0,0,0,0
novelMiR_37,hsa-mir-12269*,chr12,29760179,29760196,cactagaatgtgagctcc,46,18,0,110,26,38,64,126,44,34,26,48,20,16,34,34,0,26,10,44,0,138,38,32,0,0,0,62,16,32
novelMiR_38,hsa-mir-12197*,chr12,30846810,30846833,gtctacggccataccaccctgaac,96,0,0,0,0,0,0,0,1114,198,56,0,0,0,0,194,0,0,0,0,0,0,102,0,0,0,0,0,424,82
novelMiR_41,hsa-mir-12320*,chr12,54230985,54231001,aggagaagcaggagctg,8,0,0,0,0,0,0,0,0,0,0,0,0,0,0,0,0,0,0,0,0,0,0,0,0,0,0,0,0,0
novelMiR_42,hsa-mir-12391*,chr12,95841406,95841423,tcctcacacggggcacca,566,30,54,0,0,108,0,0,54,36,62,0,0,0,86,16,0,128,164,0,0,0,0,14,0,332,0,0,0,212
novelMiR_15-12,hsa-mir-12288-2*,chr12,105721735,105721756,aaaaactgtgattacttttgca,126,0,0,0,0,0,0,0,44,0,25,6,0,0,0,0,0,0,0,0,0,0,0,0,0,5,0,0,0,0
novelMiR_47,hsa-mir-12378*,chr14,28507636,28507657,gtcaggatggccgagtggtcta,21,0,0,0,16,0,0,0,0,0,0,0,0,0,0,27,0,0,0,0,0,0,0,0,0,0,0,0,0,0
novelMiR_48,hsa-mir-12176*,chr14,50053374,50053391,ttctgggctgtagtgcgc,21,0,0,0,0,0,0,0,0,0,0,0,0,0,0,0,0,0,0,0,0,0,0,0,0,0,0,0,0,0
novelMiR_45-1,hsa-mir-12344*,chr14,96851053,96851076,aaatggatttttggagcagggaga,70,67,0,0,0,76,0,9,0,22,0,0,76,0,66,0,0,0,128,0,0,0,0,0,0,78,0,0,0,138
novelMiR_52,hsa-mir-12152*,chr14,98478733,98478749,agtggagagcatttgac,72,12,14,0,56,76,0,0,32,72,0,0,20,0,32,12,0,68,28,0,0,0,28,80,0,102,0,0,30,48
novelMiR_53,hsa-mir-12229*,chr15,25430836,25430859,ctcaataggattacgctgaggccc,58,0,0,0,0,0,0,0,0,98,13,0,0,0,36,0,0,0,0,0,0,0,0,0,0,0,0,0,0,0
novelMiR_53-1,hsa-mir-12229-1*,chr15,25438526,25438549,ctcaataggattacgctgaggccc,58,6,0,0,0,0,0,0,21,98,13,0,0,0,36,0,0,15,0,0,0,0,0,0,0,0,0,0,0,0
novelMiR_55,hsa-mir-12303*,chr15,25451433,25451454,tgtcctgaagagaggtgatgac,28,8,0,0,87,0,0,0,41,62,0,0,13,0,0,0,0,24,14,27,0,0,15,37,0,0,0,0,0,0
novelMiR_55-1,hsa-mir-12303-1*,chr15,25460712,25460733,tgtcctgaagagaggtgatgac,28,8,0,0,87,15,0,0,41,62,0,0,13,0,15,0,0,24,14,27,0,0,15,37,0,0,0,0,0,0
novelMiR_59,hsa-mir-12403*,chr15,75966831,75966847,cagaggcctgcctggcc,16,18,20,0,40,36,0,0,14,40,20,10,0,0,30,30,0,22,16,42,0,0,28,0,0,10,0,0,0,14
novelMiR_61,hsa-mir-12227*,chr15,85923870,85923893,tgaagcgcctgtgctctgccgaga,364,392,68,0,162,100,0,50,268,190,136,30,140,284,364,238,0,94,68,392,0,0,114,268,0,40,0,100,66,288
novelMiR_63,hsa-mir-12443*,chr16,9185523,9185540,gcggtgcaggccgagctg,14,0,0,0,0,0,0,0,0,12,0,0,0,0,0,20,0,0,0,0,0,0,16,18,0,0,0,0,0,20
novelMiR_221_1a,hsa-mir-12308*,chr16,33964034,33964054,ctgactggctcagcgtgtgcc,234,388,58,0,98,0,0,0,1784,282,112,24,0,92,0,148,0,94,138,0,26,0,224,304,16,148,0,70,0,100
novelMiR_66,hsa-mir-12419*,chr16,86842550,86842570,cctgtgagaatctaatgccgc,7,0,0,0,5,0,0,0,0,0,0,0,0,0,0,0,0,0,0,0,0,0,0,0,0,0,0,0,0,0
novelMiR_67,hsa-mir-12444*,chr17,4621160,4621182,tcctgcccctactctgatcccag,11,27,0,0,0,0,0,0,10,9,5,0,23,8,8,26,0,0,0,14,0,0,17,19,0,0,0,34,0,0
novelMiR_68,hsa-mir-12273*,chr17,7480249,7480271,tcagtctttgtactctgagagca,1069,1328,200,36,736,378,31,182,479,2131,341,54,198,153,1226,984,0,321,187,627,124,33,314,513,0,163,0,199,644,1068
novelMiR_69,hsa-mir-12411*,chr17,18965419,18965440,ggagagaacgcggtctgagtgg,452,0,92,0,823,0,0,100,525,725,324,48,0,0,502,679,0,486,147,502,0,25,599,1155,0,0,0,315,516,1043
novelMiR_69-2,hsa-mir-12411-1*,chr17,19091523,19091544,ggagagaacgcggtctgagtgg,452,0,92,0,823,0,0,100,525,725,324,48,0,0,502,679,0,486,147,502,0,25,599,1155,0,0,0,315,516,1043
novelMiR_15-8,hsa-mir-12288-3*,chr17,37453710,37453731,aaaaactgtgattacttttgca,126,42,10,0,52,23,0,6,44,114,25,6,26,16,59,63,0,46,8,76,0,0,51,103,0,5,0,0,30,71
novelMiR_72,hsa-mir-12335*,chr17,38699195,38699218,aggacagtgtctgaaatggggccc,11,0,0,0,0,0,0,0,0,0,0,0,0,0,0,0,0,0,0,0,0,0,0,0,0,0,0,0,0,0
novelMiR_75,hsa-mir-12258*,chr17,65821685,65821703,ttcggattgagccttctcc,14,0,0,0,0,0,0,0,0,0,0,0,0,0,0,0,0,0,0,0,0,0,0,0,0,0,0,0,0,0
novelMiR_7-23,hsa-mir-12412-3*,chr18,72008590,72008608,caaaaatcgcaattacttt,6,0,0,0,0,0,0,0,0,0,0,0,0,0,0,5,0,0,0,0,0,0,9,0,0,0,0,0,0,0
novelMiR_79,hsa-mir-12271*,chr19,1276364,1276380,ctccagctgtaggcagc,10,0,0,0,0,0,0,0,19,9,0,0,0,0,9,0,0,7,0,6,0,0,0,0,0,0,0,0,10,8
novelMiR_80,hsa-mir-12163*,chr19,3360223,3360239,cggccgccgccgggcgc,6,0,0,0,0,0,0,0,0,0,0,0,8,0,8,0,0,0,0,5,0,0,0,0,0,10,0,0,0,0
novelMiR_81,hsa-mir-12189*,chr19,7141874,7141890,atcccacttctgccacc,56,0,0,0,0,6,7,9,8,0,0,0,0,0,5,0,0,39,0,0,0,8,0,0,0,13,0,22,0,30
novelMiR_82,hsa-mir-12289*,chr19,9930749,9930770,ctaagggaccttggagacaggc,123,54,14,0,80,40,0,0,42,156,49,0,18,0,118,65,0,66,0,45,7,0,50,68,0,0,0,12,50,84
novelMiR_83,hsa-mir-12191*,chr19,35739932,35739951,ctgttggccggcgggctctc,48,0,0,0,0,0,0,24,92,0,60,24,64,0,0,0,0,0,52,0,0,0,0,0,0,0,0,0,0,36
novelMiR_85,hsa-mir-12353*,chr19,39902890,39902907,gccactggagctccggcc,240,48,0,0,270,0,0,0,153,123,198,0,168,0,0,87,0,165,114,240,66,27,285,216,0,0,0,0,111,213
novelMiR_6-8,hsa-mir-12185-1*,chr2,36662753,36662770,aaaagtaatcgcagtttt,188,104,24,0,120,60,0,32,60,294,42,0,66,64,154,178,0,100,20,192,0,0,174,276,0,0,0,20,66,140
novelMiR_87,hsa-mir-12274*,chr2,44497680,44497697,tttcggctcggaggaggc,11,0,0,0,0,0,0,0,9,0,0,0,0,0,0,0,0,0,0,0,0,0,0,0,0,0,0,0,0,0
novelMiR_88,hsa-mir-12301*,chr2,71440169,71440188,ctgtgcctggcctggggagc,9,27,0,0,0,0,0,0,0,0,0,0,0,0,0,0,0,0,0,0,0,0,0,0,0,0,0,0,0,0
novelMiR_91,hsa-mir-12326*,chr2,86363110,86363127,gttgcctcaatctgagcc,13,22,0,0,16,0,0,0,0,28,0,0,0,0,0,16,0,13,0,0,0,0,11,0,0,0,0,0,0,18
novelMiR_92,hsa-mir-12212*,chr2,111878501,111878518,gcgcagccgcctggtctg,9,24,0,0,0,6,0,0,0,10,0,0,0,21,0,34,0,0,11,40,6,0,12,0,0,0,0,0,0,13
novelMiR_93,hsa-mir-12255*,chr2,152252078,152252095,atcttggtggaacctcca,12,0,0,0,0,6,0,0,0,0,0,0,12,0,0,0,0,0,0,0,0,0,0,0,0,0,0,0,0,0
novelMiR_15-10,hsa-mir-12288-4*,chr2,155088291,155088312,aaaaactgtgattacttttgca,126,0,0,0,0,0,0,0,44,0,25,6,0,0,0,0,0,0,0,0,0,0,0,0,0,5,0,0,0,0
novelMiR_95,hsa-mir-12364*,chr2,203406252,203406268,aaccaatgatgtaatga,24,26,0,0,56,0,0,0,0,46,0,0,0,0,38,0,0,22,0,28,0,0,22,0,0,0,0,0,0,54
novelMiR_7-22,hsa-mir-12412-4*,chr2,216743609,216743627,caaaaatcgcaattacttt,6,0,0,0,0,0,0,0,0,0,0,0,0,0,0,5,0,0,0,0,0,0,9,0,0,0,0,0,0,0
novelMiR_97,hsa-mir-12290*,chr2,232576245,232576261,agtggcagtatcgtagc,9,0,0,0,0,5,0,0,0,0,0,0,0,0,0,0,0,0,0,0,0,0,0,6,0,0,0,0,29,0
novelMiR_98,hsa-mir-12159*,chr2,237160279,237160296,ggccagttttgtctgatg,2688,1317,816,81,2073,1392,42,288,645,3315,588,273,423,237,1311,1155,0,1314,525,1962,687,114,1131,1071,207,327,51,459,1263,2052
novelMiR_99,hsa-mir-12184*,chr22,17589559,17589576,aacatgatcctcccggac,5,0,0,0,0,0,0,0,0,0,0,0,0,0,5,0,0,0,0,0,0,0,0,0,0,0,0,0,0,0
novelMiR_101,hsa-mir-12376*,chr22,47167351,47167371,tatactgaacagtgcacccga,74,0,0,0,22,18,0,0,18,0,44,0,0,0,20,0,0,30,0,36,0,0,24,42,0,0,0,0,0,42
novelMiR_102,hsa-mir-12287*,chr22,47488499,47488520,tcagcctgtggacatgcccacc,6,0,0,0,0,0,0,0,0,0,0,0,0,0,0,8,0,0,0,0,0,0,0,0,0,0,0,0,0,0
novelMiR_103,hsa-mir-12432*,chr3,51567680,51567696,cccaggtttcggcacca,22,9,23,0,0,14,0,8,9,9,49,8,5,0,44,29,0,24,17,0,31,0,0,0,0,43,0,50,19,20
novelMiR_15-6,hsa-mir-12288-5*,chr3,53090874,53090895,aaaaactgtgattacttttgca,252,84,20,0,104,46,0,12,88,228,50,12,52,32,118,126,0,92,16,152,0,0,102,206,0,10,0,0,60,142
novelMiR_7-43,hsa-mir-12412-5*,chr3,73708736,73708754,caaaaatcgcaattacttt,6,0,0,0,0,0,0,0,0,0,0,0,0,0,0,5,0,0,0,0,0,0,9,0,0,0,0,0,0,0
novelMiR_108,hsa-mir-12232*,chr3,112191977,112191998,tgagtttgttctgaaatagaga,20,0,0,0,24,0,0,0,17,17,0,0,0,0,19,0,0,0,0,23,0,0,29,0,0,0,0,0,0,0
novelMiR_109,hsa-mir-12313*,chr3,142392444,142392460,tgtgagggcgatctggc,5,14,0,0,0,0,0,0,0,0,0,0,0,0,0,18,0,0,0,7,0,0,0,0,0,0,0,0,0,0
novelMiR_7-18,hsa-mir-12412-6*,chr3,162961152,162961170,caaaaatcgcaattacttt,6,0,0,0,0,0,0,0,0,0,0,0,0,0,0,5,0,0,0,0,0,0,9,0,0,0,0,0,0,0
novelMiR_27-1,hsa-mir-12429-1*,chr3,164059155,164059171,tctcgctggggcctcca,21942,6774,2031,159,8943,15318,306,3960,6405,7134,10449,1671,9315,3483,10764,6948,18,15552,10638,5889,2499,666,11658,6408,252,10767,99,16482,3822,23919
novelMiR_113,hsa-mir-12157*,chr3,182496165,182496181,tagaatgatgaggaaaa,56,42,0,0,182,78,0,20,58,100,16,0,22,16,0,98,0,48,12,138,0,0,142,98,0,0,0,0,30,148
novelMiR_114,hsa-mir-12201*,chr3,186505088,186505108,aaagcaggattcagactacaa,162,116,0,0,0,142,0,30,0,198,86,0,40,0,0,190,0,176,0,0,0,0,92,162,0,0,0,54,92,154
novelMiR_23-1,hsa-mir-12266-1*,chr3,193330826,193330843,atcccacttctgacacca,44432,3756,4132,188,19002,7802,426,2750,13272,10052,16904,3304,6498,2676,25450,10612,0,43832,5520,5098,1532,360,9828,5854,96,8618,36,12858,2168,36282
novelMiR_32_1a,hsa-mir-12330*,chr4,2538420,2538437,gccgcggcgccgggactg,22,10,14,0,28,10,0,0,10,14,16,0,0,14,0,14,0,0,38,38,14,0,42,32,0,0,0,0,16,30
novelMiR_120,hsa-mir-12224*,chr4,86594817,86594837,atgcttagatctccccactgg,10,0,0,0,7,0,0,0,0,0,0,0,0,0,0,0,0,0,0,0,0,0,0,0,0,0,0,0,0,0
novelMiR_121,hsa-mir-12329*,chr4,120158659,120158682,tattgaaagtcagccctcgacaca,274,425,0,0,129,0,0,0,0,413,0,0,0,0,506,462,0,182,0,0,0,12,88,0,0,0,0,0,0,0
novelMiR_15-16,hsa-mir-12288-6*,chr4,155140112,155140133,aaaaactgtgattacttttgca,126,42,10,0,52,23,0,6,44,114,25,6,26,16,59,63,0,46,8,76,0,0,51,103,0,5,0,0,30,71
novelMiR_37a,hsa-mir-12449*,chr5,31972616,31972633,cactagattgtaagctcc,118,134,58,0,134,166,0,54,320,208,188,20,80,46,338,122,0,118,62,124,0,0,118,102,0,36,0,94,126,82
novelMiR_124,hsa-mir-12409*,chr5,118824431,118824450,tggtggtctagtggttagga,127,0,18,0,57,0,0,0,98,0,30,0,38,0,0,0,0,21,15,0,0,0,0,21,0,0,0,0,0,38
novelMiR_125,hsa-mir-12181*,chr5,123273804,123273821,atcccagacgagccccca,239,63,134,0,46,119,0,30,92,43,310,83,65,99,194,191,0,472,140,5,189,0,28,0,0,214,0,426,100,135
novelMiR_126,hsa-mir-12361*,chr5,140090932,140090954,gacccgcgggcgctctccagtcc,84,302,0,0,0,77,0,0,86,92,0,0,0,186,0,247,0,69,0,0,0,0,67,74,0,128,0,344,0,91
novelMiR_127,hsa-mir-12450*,chr5,140105797,140105815,ttgttcgagacccgcgggc,44,48,0,0,86,42,0,7,13,63,70,0,42,0,73,52,0,27,47,98,0,0,47,89,0,0,0,0,27,27
novelMiR_6-14,hsa-mir-12185-2*,chr5,178921611,178921628,aaaagtaatcgcagtttt,156,100,24,0,98,54,0,28,60,272,32,0,60,64,134,164,0,92,18,170,0,0,170,234,0,0,0,20,64,126
novelMiR_6-17,hsa-mir-12185-3*,chr6,25150523,25150540,aaaagtaatcgcagtttt,94,52,12,0,60,30,0,16,30,147,21,0,33,32,77,89,0,50,10,96,0,0,87,138,0,0,0,10,33,70
novelMiR_131,hsa-mir-12291*,chr6,26328368,26328386,gggccagtggcgcaatgga,51,0,0,0,0,27,0,0,0,0,0,0,0,0,0,27,0,0,0,0,0,0,0,0,0,0,0,0,0,0
novelMiR_132,hsa-mir-12304*,chr6,26988141,26988157,cggttagcgcgcggtac,9,0,0,0,0,13,0,0,0,16,7,0,0,0,0,0,0,9,9,14,0,0,0,0,0,0,0,0,0,8
novelMiR_133,hsa-mir-12213*,chr6,27791887,27791903,actcctcttgctcgtca,37,0,0,0,0,0,0,0,0,0,10,0,0,0,7,0,0,12,16,0,7,0,13,15,0,0,0,0,0,14
novelMiR_68b,hsa-mir-12280*,chr6,28448529,28448550,tcagtctcataatctgaaggtc,22,0,0,0,0,0,0,0,0,0,0,0,0,0,0,0,0,0,0,0,0,0,0,0,0,0,0,0,0,0
novelMiR_135,hsa-mir-12426*,chr6,30923465,30923481,gtcccggcggagtcgca,17,0,0,0,0,0,0,0,0,0,9,0,0,0,0,0,0,0,6,0,0,0,0,0,0,32,0,9,0,11
novelMiR_137,hsa-mir-12279*,chr6,90430881,90430897,aggtaggagtcgactcc,10,0,0,0,0,0,0,0,0,0,0,0,0,0,0,0,0,0,0,7,0,0,0,0,0,0,0,0,0,0
novelMiR_6-33,hsa-mir-12185-4*,chr6,105639149,105639166,aaaagtaatcgcagtttt,94,52,12,0,60,30,0,16,30,147,21,0,33,32,77,89,0,50,10,96,0,0,87,138,0,0,0,10,33,70
novelMiR_6-6,hsa-mir-12185-5*,chr6,124991182,124991199,aaaagtaatcgcagtttt,94,52,12,0,60,30,0,16,30,147,21,0,33,32,76,89,0,50,10,96,0,0,87,138,0,0,0,10,33,70
novelMiR_68a,hsa-mir-12242*,chr6,138188403,138188420,gcagtcttcgtggcgggc,7,5,0,0,0,0,0,0,0,0,0,0,0,0,0,9,0,0,0,17,0,0,0,0,0,0,0,0,0,10
novelMiR_135b,hsa-mir-12186*,chr6,147863449,147863466,atcccggacaagccccca,117,21,34,0,58,46,0,8,42,38,82,19,34,27,83,33,0,110,33,14,35,0,15,12,0,72,0,80,18,74
novelMiR_6-13,hsa-mir-12185-6*,chr6,148845304,148845321,aaaagtaatcgcagtttt,188,104,24,0,120,60,0,32,60,294,42,0,66,64,154,178,0,100,20,192,0,0,174,276,0,0,0,20,66,140
novelMiR_7-15,hsa-mir-12412-7*,chr6,153373645,153373663,caaaaatcgcaattacttt,6,0,0,0,0,0,0,0,0,0,0,0,0,0,0,5,0,0,0,0,0,0,9,0,0,0,0,0,0,0
novelMiR_6-39,hsa-mir-12185-7*,chr7,36098201,36098218,aaaagtaatcgcagtttt,94,52,12,0,60,30,0,16,30,147,21,0,33,32,76,89,0,50,10,96,0,0,87,138,0,0,0,10,33,70
novelMiR_151,hsa-mir-12339*,chr7,101685195,101685211,agtggttaggatttggc,7,0,0,0,0,0,0,0,0,0,0,0,0,0,0,0,0,0,0,0,0,0,0,0,0,0,0,0,0,0
novelMiR_7-5,hsa-mir-12412-8*,chr7,112155312,112155330,caaaaatcgcaattacttt,6,0,0,0,0,0,0,0,0,0,0,0,0,0,0,5,0,0,0,0,0,0,9,0,0,0,0,0,0,0
novelMiR_154,hsa-mir-12217*,chr8,27290930,27290951,ttggctggtctctgctccgcag,180,158,34,0,116,92,20,64,76,112,68,22,126,110,122,252,0,96,50,116,28,0,106,136,0,40,0,64,60,94
novelMiR_7-21,hsa-mir-12412-9*,chr8,33112785,33112803,caaaaatcgcaattacttt,6,0,0,0,0,0,0,0,0,0,0,0,0,0,0,5,0,0,0,0,0,0,9,0,0,0,0,0,0,0
novelMiR_6-15,hsa-mir-12185-8*,chr8,89985795,89985812,aaaagtaatcgcagtttt,94,52,12,0,60,30,0,16,30,147,21,0,33,32,77,89,0,50,10,96,0,0,87,138,0,0,0,10,33,70
novelMiR_48-1,hsa-mir-12176-1*,chr8,120874978,120874995,ttctgggctgtagtgcgc,21,0,0,0,0,0,0,0,0,0,0,0,0,0,0,0,0,0,0,0,0,0,0,0,0,0,0,0,0,0
novelMiR_48-5,hsa-mir-12176-2*,chr9,9442136,9442153,ttctgggctgtagtgcgc,21,0,0,0,0,0,0,0,0,0,0,0,0,0,0,0,0,0,0,0,0,0,0,0,0,0,0,0,0,0
novelMiR_48-4,hsa-mir-12176-3*,chr9,26895752,26895769,ttctgggctgtagtgcgc,21,0,0,0,0,0,0,0,0,0,0,0,0,0,0,0,0,0,0,0,0,0,0,0,0,0,0,13,17,0
novelMiR_7-35,hsa-mir-12412-10*,chr9,32764347,32764365,caaaaatcgcaattacttt,6,0,0,0,0,0,0,0,0,0,0,0,0,0,0,5,0,0,0,0,0,0,9,0,0,0,0,0,0,0
novelMiR_97-2,hsa-mir-12290-1*,chr9,36267790,36267806,agtggcagtatcgtagc,9,0,0,0,0,5,0,0,0,0,0,0,0,0,0,0,0,0,0,0,0,0,0,6,0,0,0,0,29,0
novelMiR_165,hsa-mir-12366*,chr9,90989228,90989250,aagtttctctgaacgtgtagagc,254,466,0,0,178,144,0,40,0,214,72,38,422,388,224,380,0,144,50,228,0,0,100,426,0,30,0,104,0,170
novelMiR_7-7,hsa-mir-12412-11*,chr9,102803599,102803617,caaaaatcgcaattacttt,6,0,0,0,0,0,0,0,0,0,0,0,0,0,0,5,0,0,0,0,0,0,9,0,0,0,0,0,0,0
novelMiR_6-11,hsa-mir-12185-9*,chr9,132698256,132698273,aaaagtaatcgcagtttt,188,104,24,0,120,60,0,32,60,294,42,0,66,64,154,178,0,100,20,192,0,0,174,276,0,0,0,20,66,140
novelMiR_168,hsa-mir-12315*,chr9,132883127,132883143,cagttacagatcgaact,16,0,7,0,5,0,0,0,0,10,0,0,0,0,13,0,0,0,0,0,0,0,8,0,0,0,0,0,0,0
novelMiR_169,hsa-mir-12392*,chr9,140135749,140135766,gcgcccgctcttctgctg,7,0,0,0,0,0,0,0,0,0,0,0,0,0,0,0,0,0,0,0,0,0,0,0,0,0,0,0,0,0
novelMiR_174,hsa-mir-12325*,chrX,70721748,70721765,gtcccatctgggtcgcca,24,0,0,0,0,0,0,0,0,0,0,0,0,0,24,0,0,0,12,0,0,0,0,0,0,0,0,0,0,0
novelMiR_176,hsa-mir-12427*,chrX,129118106,129118124,cggcgggcggcggggcggg,10,0,0,0,0,0,0,0,0,0,0,0,0,0,0,0,0,0,0,0,0,0,0,0,0,0,0,0,0,0
novelMiR_3-1,hsa-mir-12396-1*,chr1,28202705,28202723,tgattttgtagctgtacac,9,0,0,0,0,0,0,0,0,0,0,0,0,0,0,0,0,0,0,0,0,0,0,0,0,0,0,0,0,0
novelMiR_179,hsa-mir-12233*,chr1,28907007,28907024,cagcatgtttccaagggc,132,84,27,0,78,33,0,0,33,102,27,0,24,0,126,21,0,72,39,78,0,0,60,51,0,0,0,0,132,105
novelMiR_45a,hsa-mir-12418*,chr1,31408536,31408559,taatggactcaagttctgagccag,1233,783,108,0,624,426,0,150,453,1848,342,48,162,69,1125,606,0,489,159,573,66,57,243,582,45,126,0,123,828,1119
novelMiR_180-1,hsa-mir-12418-1*,chr1,31421965,31421988,taatggactcaagttctgagccag,411,261,36,0,208,142,0,50,151,616,114,16,54,23,375,202,0,163,53,191,22,19,81,194,15,42,0,41,276,373
novelMiR_182,hsa-mir-12292*,chr1,58970026,58970042,cttttaggctgaggaag,5,0,0,0,0,0,0,0,0,0,0,0,0,0,0,0,0,0,0,0,0,0,0,0,0,0,0,0,0,0
novelMiR_7-8,hsa-mir-12412-12*,chr1,79152760,79152778,caaaaatcgcaattacttt,6,0,0,0,0,0,0,0,0,0,0,0,0,0,0,5,0,0,0,0,0,0,9,0,0,0,0,0,0,0
novelMiR_7-37,hsa-mir-12412-13*,chr1,97287594,97287612,caaaaatcgcaattacttt,6,0,0,0,0,0,0,0,0,0,0,0,0,0,0,5,0,0,0,0,0,0,9,0,0,0,0,0,0,0
novelMiR_186,hsa-mir-12160*,chr1,121126676,121126693,atgatgtatgctttgaca,7,0,0,0,0,0,0,0,0,0,0,0,0,0,0,0,0,0,0,0,0,0,0,0,0,0,0,0,0,0
novelMiR_187,hsa-mir-12385*,chr1,150573014,150573036,gatacatataagaagggatatta,13,8,0,0,0,0,0,0,0,19,0,0,0,0,7,0,0,0,0,0,0,0,0,0,0,0,0,0,0,9
novelMiR_189,hsa-mir-12243*,chr1,175937576,175937595,tatggaggtctctgtctggc,100,102,15,0,86,69,0,0,111,104,22,17,96,106,103,169,0,0,44,117,0,0,118,116,0,23,0,52,47,70
novelMiR_190,hsa-mir-12399*,chr1,182913553,182913569,cagggtcgggcctggtt,15,0,0,0,0,0,0,0,0,0,0,0,0,0,0,0,0,0,0,10,0,0,0,0,0,0,0,11,0,0
novelMiR_26-1,hsa-mir-12370-1*,chr1,186972664,186972681,ctcctggctggcttgcca,16,0,0,0,8,0,0,0,0,0,0,0,10,0,0,0,0,0,0,0,0,0,0,0,0,0,0,0,0,0
novelMiR_18-1,hsa-mir-12172-1*,chr1,203430709,203430727,taggttatacaacataatg,12,0,0,0,0,0,0,0,0,0,0,0,0,0,0,0,0,0,0,0,0,0,0,0,0,0,0,0,0,0
novelMiR_7-3,hsa-mir-12412-14*,chr1,204622246,204622264,caaaaatcgcaattacttt,6,0,0,0,0,0,0,0,0,0,0,0,0,0,0,5,0,0,0,0,0,0,9,0,0,0,0,0,0,0
novelMiR_48-3,hsa-mir-12176-4*,chr1,226614610,226614627,ttctgggctgtagtgcgc,21,0,0,0,0,0,0,0,0,0,0,0,0,0,0,0,0,0,0,0,0,0,0,0,0,0,0,0,0,0
novelMiR_75-1,hsa-mir-12258-1*,chr10,27541862,27541880,ttcggattgagccttctcc,14,0,0,0,0,0,0,0,0,0,0,0,0,0,0,0,0,0,0,0,0,0,0,0,0,0,0,0,0,0
novelMiR_197,hsa-mir-12261*,chr11,2985002,2985020,ttcaggtcttggagacaaa,40,22,0,0,24,18,0,0,0,48,0,0,0,0,70,20,0,0,0,0,0,0,28,16,0,0,0,0,0,30
novelMiR_198,hsa-mir-12166*,chr11,13347814,13347835,ggctggtccgaaggtagtgagt,210,294,48,0,0,192,0,69,612,354,108,0,0,0,306,420,0,129,60,414,0,0,207,0,0,0,0,177,144,801
novelMiR_199,hsa-mir-12349*,chr11,31858439,31858458,gcatgggtggttcagtggta,334,0,0,0,286,0,0,14,0,0,0,0,0,0,64,0,0,46,0,0,0,0,0,21,0,37,0,0,0,0
novelMiR_200,hsa-mir-12293*,chr11,64646051,64646068,ctgggctgtgcgcctgcg,6,0,0,0,0,0,0,0,0,0,0,0,0,0,0,0,0,0,0,0,0,0,0,0,0,0,0,0,0,0
novelMiR_201,hsa-mir-12171*,chr11,75046213,75046231,cctcatctgtctgttgggc,9,47,0,0,11,0,0,0,0,0,13,0,31,0,0,0,0,0,13,27,0,0,13,20,0,0,0,0,0,0
novelMiR_7-24,hsa-mir-12412-15*,chr11,92053317,92053335,caaaaatcgcaattacttt,6,0,0,0,0,0,0,0,0,0,0,0,0,0,0,5,0,0,0,0,0,0,9,0,0,0,0,0,0,0
novelMiR_204,hsa-mir-12259*,chr11,93464209,93464228,ttgctgtggacatgaccata,8,0,0,0,0,0,0,0,0,0,0,0,0,0,0,0,0,0,0,0,0,0,0,0,0,0,0,0,0,0
novelMiR_236a,hsa-mir-12161*,chr11,104361071,104361088,atcctggacgagccccca,446,70,174,0,76,180,0,30,182,90,404,126,180,156,286,248,0,482,252,0,124,0,30,0,0,276,0,568,126,206
novelMiR_208,hsa-mir-12199*,chr12,57037511,57037533,ctcactgatgagtacgttctgac,34,72,0,0,30,44,0,0,26,32,0,0,0,0,0,60,0,0,0,46,0,0,14,44,0,68,0,20,0,60
novelMiR_209,hsa-mir-12388*,chr12,58360951,58360968,aggaagaccaggtttctg,5,0,0,0,0,0,0,0,0,0,0,0,0,0,0,0,0,0,0,0,0,0,0,0,0,0,0,0,0,0
novelMiR_211,hsa-mir-12374*,chr12,127650940,127650959,accatctgtgggattatgac,48,54,0,0,0,0,0,0,0,0,13,0,31,0,0,0,0,0,16,0,0,0,0,0,0,61,0,0,0,0
novelMiR_81f,hsa-mir-12170*,chr13,6690167,6690183,gtcccaccagagtcgcc,13,0,0,0,0,0,0,0,0,0,0,0,0,0,0,0,0,0,0,0,0,0,0,0,0,0,0,8,0,7
novelMiR_7-31,hsa-mir-12412-16*,chr13,19227657,19227675,caaaaatcgcaattacttt,6,0,0,0,0,0,0,0,0,0,0,0,0,0,0,5,0,0,0,0,0,0,9,0,0,0,0,0,0,0
novelMiR_214,hsa-mir-12350*,chr13,23270863,23270880,agtgcttggacggaaccc,15,0,0,0,8,0,0,0,0,0,0,0,0,0,0,0,0,0,0,0,0,0,0,0,0,8,0,0,0,0
novelMiR_7-32,hsa-mir-12412-17*,chr13,40226738,40226756,caaaaatcgcaattacttt,6,0,0,0,0,0,0,0,0,0,0,0,0,0,0,5,0,0,0,0,0,0,9,0,0,0,0,0,0,0
novelMiR_219,hsa-mir-12430*,chr14,21125680,21125696,agagcggaggactgtag,29,0,0,0,0,0,0,0,0,0,0,0,0,0,0,0,0,0,0,0,0,0,0,0,0,0,0,0,0,0
novelMiR_219-1,hsa-mir-12430-1*,chr14,21131408,21131424,agagcggaggactgtag,29,0,0,0,0,0,0,0,0,0,0,0,0,0,0,0,0,0,0,0,0,0,0,0,0,0,0,0,0,0
novelMiR_48-2,hsa-mir-12176-5*,chr14,50320539,50320556,ttctgggctgtagtgcgc,21,0,0,0,0,0,0,0,0,0,0,0,0,0,0,0,0,0,0,0,0,0,0,0,0,0,0,0,0,0
novelMiR_224,hsa-mir-12341*,chr14,96180431,96180447,ttgagaggctctggctc,34,0,16,0,24,0,0,0,22,58,12,10,0,0,82,0,0,0,14,0,0,0,0,20,0,0,0,0,0,16
novelMiR_225,hsa-mir-12162*,chr14,104192071,104192090,ccactgcttcacttgactag,40,98,0,0,40,22,0,0,48,36,42,0,22,32,40,76,0,30,26,30,0,0,40,52,0,82,0,56,0,88
novelMiR_230,hsa-mir-12251*,chr15,69978134,69978153,gaggcactgactctcagggc,116,0,34,0,114,110,0,0,0,172,18,0,0,0,0,0,0,0,0,46,0,0,0,46,0,0,0,14,42,214
novelMiR_231,hsa-mir-12362*,chr15,73643313,73643335,cgcttctcggccttttggctaag,47,0,0,0,0,0,0,0,34,0,0,0,0,0,0,0,0,0,0,0,0,0,0,0,0,0,0,0,0,0
novelMiR_231-4,hsa-mir-12362-1*,chr15,85545850,85545872,cgcttctcggccttttggctaag,47,0,0,0,0,0,0,0,34,0,0,0,0,0,0,0,0,0,0,0,0,0,0,0,0,0,0,0,0,0
novelMiR_7-38,hsa-mir-12412-18*,chr15,94624345,94624363,caaaaatcgcaattacttt,6,0,0,0,0,0,0,0,0,0,0,0,0,0,0,5,0,0,0,0,0,0,9,0,0,0,0,0,0,0
novelMiR_234,hsa-mir-12348*,chr16,2846454,2846472,actggtcttgattcactgg,16,0,0,0,0,0,0,0,0,0,0,0,0,0,0,0,0,0,0,0,0,0,0,0,0,0,0,0,0,0
novelMiR_235,hsa-mir-12193*,chr16,30969181,30969197,tcgcctcggccggcgcc,5,0,0,0,0,0,0,0,0,0,0,0,0,0,0,0,0,0,0,0,0,0,0,0,0,7,0,0,0,0
novelMiR_236,hsa-mir-12413*,chr16,58582451,58582471,ttcctggctctctgttgcaca,13,0,0,0,0,0,0,0,0,0,0,0,0,0,0,11,0,9,0,0,0,0,0,0,0,0,0,0,0,0
novelMiR_237,hsa-mir-12225*,chr17,8129986,8130009,gtagtcgtggccgagtggttaagg,47,0,0,0,0,0,0,0,0,0,0,0,0,0,0,0,0,0,0,0,0,0,0,0,0,0,0,0,0,0
novelMiR_69-1,hsa-mir-12411-2*,chr17,19093343,19093364,ggagagaacgcggtctgagtgg,1356,0,276,0,2469,0,0,300,1575,2175,972,144,0,0,1506,2037,0,1458,441,1506,0,75,1797,3465,0,0,0,945,1548,3129
novelMiR_165-5,hsa-mir-12366-1*,chr17,19093492,19093514,aagtttctctgaacgtgtagagc,127,233,0,0,0,0,0,0,0,0,0,19,211,194,112,0,0,72,0,0,0,0,0,0,0,0,0,0,0,0
novelMiR_81m,hsa-mir-12267*,chr17,48463512,48463534,ctcccactgcttcacttgactag,1180,3252,151,23,1325,616,34,307,1393,979,1108,141,357,1404,719,2710,0,944,425,1178,113,45,1032,1861,46,998,0,1062,681,3789
novelMiR_244,hsa-mir-12294*,chr17,62502375,62502392,accggtctctagtagtgc,78,0,0,0,82,0,0,0,0,88,68,0,0,0,0,0,0,66,64,0,24,0,114,96,0,38,0,0,30,208
novelMiR_211-1,hsa-mir-12374-1*,chr17,75158347,75158366,accatctgtgggattatgac,48,54,0,0,0,0,0,0,0,0,13,0,31,0,0,0,0,0,16,0,0,0,0,0,0,61,0,0,0,0
novelMiR_6-4,hsa-mir-12185-10*,chr18,23588770,23588787,aaaagtaatcgcagtttt,282,156,36,0,180,90,0,48,90,441,63,0,99,96,231,267,0,150,30,288,0,0,261,414,0,0,0,30,99,210
novelMiR_251,hsa-mir-12270*,chr19,4636359,4636375,ccgcggccggggcgggc,14,14,0,0,0,10,0,0,0,0,0,0,12,0,30,0,0,0,0,10,0,0,16,10,0,0,0,0,0,20
novelMiR_252,hsa-mir-12283*,chr19,4724667,4724687,tcacacgcgaaaggtccccgg,238,0,0,0,144,0,0,0,0,34,70,0,0,0,132,0,0,308,0,0,0,0,0,36,0,0,0,0,0,54
novelMiR_231-1,hsa-mir-12362-2*,chr19,49137519,49137541,cgcttctcggccttttggctaag,47,0,0,0,0,0,0,0,34,0,0,0,0,0,0,0,0,0,0,0,0,0,0,0,0,0,0,0,0,0
novelMiR_81l,hsa-mir-12267-1*,chr2,25231720,25231742,ctcccactgcttcacttgactag,1180,3252,151,23,1325,616,34,307,1393,979,1108,141,357,1404,719,2710,0,944,425,1178,113,45,1032,1861,46,998,0,1062,681,3789
novelMiR_256,hsa-mir-12175*,chr2,30111695,30111711,taacaacatttttctga,12,24,0,0,18,30,0,0,0,20,0,0,12,0,54,0,0,14,0,16,0,0,64,18,0,0,0,0,32,22
novelMiR_257,hsa-mir-12379*,chr2,38978404,38978421,gccgagcacgcgggtctg,12,0,0,0,34,0,0,0,0,22,0,0,0,0,10,0,0,0,22,0,0,0,26,0,0,0,0,0,0,32
novelMiR_165-3,hsa-mir-12275*,chr2,55806562,55806582,aagtttctctgaacgtgtaga,12,12,0,0,11,12,0,0,14,11,0,0,6,0,0,12,0,0,0,14,0,0,7,14,0,0,0,0,0,12
novelMiR_231-2,hsa-mir-12362-3*,chr2,113268918,113268940,cgcttctcggccttttggctaag,47,0,0,0,0,0,0,0,34,0,0,0,0,0,0,0,0,0,0,0,0,0,0,0,0,0,0,0,0,0
novelMiR_165-1,hsa-mir-12366-2*,chr2,114763166,114763188,aagtttctctgaacgtgtagagc,126,232,22,0,86,69,0,20,0,106,34,18,209,193,111,184,0,70,23,110,0,0,48,212,0,15,0,52,47,82
novelMiR_65-1,hsa-mir-12308-1*,chr2,133012227,133012247,ctgactggctcagcgtgtgcc,117,194,0,0,0,0,0,0,0,141,0,0,0,46,0,74,0,47,69,208,13,0,112,152,8,74,0,35,0,0
novelMiR_264,hsa-mir-12372*,chr2,133037413,133037430,gccaaatgcctcgtcatc,138,72,41,0,34,248,0,0,0,87,0,48,63,69,0,124,0,43,42,0,13,0,61,88,0,0,0,114,142,71
novelMiR_7-40,hsa-mir-12412-19*,chr2,157788698,157788716,caaaaatcgcaattacttt,6,0,0,0,0,0,0,0,0,0,0,0,0,0,0,0,0,0,0,0,0,0,9,0,0,0,0,0,0,0
novelMiR_266,hsa-mir-12322*,chr2,161374905,161374923,tagcgagaccccgtctcta,10,13,0,0,12,28,0,0,8,8,0,0,7,5,34,6,0,9,7,9,0,0,8,20,0,5,0,5,0,5
novelMiR_267,hsa-mir-12218*,chr2,175422702,175422719,aaattcgtgaagcgttcc,21,0,0,0,0,0,0,0,0,0,0,0,11,0,0,12,0,6,7,48,0,0,0,0,0,0,0,0,0,0
novelMiR_270,hsa-mir-12262*,chr2,204229171,204229188,agtggtagaattctcgcc,18836,1120,0,0,0,5492,276,1054,6760,0,4586,1074,3436,306,0,376,0,2290,0,1308,178,0,0,0,60,2048,34,454,1332,4866
novelMiR_271,hsa-mir-12406*,chr2,209129353,209129374,tcccactgcttcacttgactag,1018,2028,126,12,1110,600,0,258,1128,886,872,114,304,922,820,1908,0,850,414,1066,84,12,838,1430,32,826,0,638,506,2790
novelMiR_7-16,hsa-mir-12412-20*,chr2,218087399,218087417,caaaaatcgcaattacttt,6,0,0,0,0,0,0,0,0,0,0,0,0,0,0,0,0,0,0,0,0,0,9,0,0,0,0,0,0,0
novelMiR_87-1,hsa-mir-12274-1*,chr20,19804650,19804667,tttcggctcggaggaggc,11,0,0,0,0,0,0,0,9,0,0,0,0,0,0,0,0,0,0,0,0,0,0,0,0,0,0,0,0,0
novelMiR_7-4,hsa-mir-12412-21*,chr21,15122954,15122972,caaaaatcgcaattacttt,12,0,0,0,0,0,0,0,0,0,0,0,0,0,0,10,0,0,0,0,0,0,18,0,0,0,0,0,0,0
novelMiR_277,hsa-mir-12246*,chr21,27151855,27151872,gtcccttcgtggtcgcca,43,0,0,0,0,0,0,0,21,16,0,0,0,0,58,0,0,28,0,0,0,0,0,0,0,14,0,0,0,0
novelMiR_109-2,hsa-mir-12313-1*,chr22,37451368,37451384,tgtgagggcgatctggc,7,10,0,0,0,0,0,0,0,0,0,0,0,0,0,24,0,0,0,7,0,0,0,0,0,0,0,0,0,0
novelMiR_279,hsa-mir-12342*,chr22,39715058,39715076,ctgattgtcacgttctgat,17790,12360,0,535,15080,10255,325,1830,5170,24000,6490,1270,3635,2480,22995,11775,0,9190,3615,9785,0,610,8585,13795,0,4205,145,3005,10560,15395
novelMiR_281,hsa-mir-12231*,chr22,46508677,46508693,agtagattgtatagtta,24,0,0,0,24,0,0,0,0,18,15,0,0,0,15,36,0,24,0,0,0,0,27,18,0,0,0,0,0,0
novelMiR_282,hsa-mir-12380*,chr3,12881813,12881834,attggaagacactctgcgacag,4540,2615,520,145,2490,0,105,535,1680,6000,1295,175,715,0,3485,3430,0,2105,505,2160,390,95,1275,1415,155,530,0,780,1955,3585
novelMiR_284,hsa-mir-12237*,chr3,33071772,33071790,taagatcaagtgtagtatc,18,0,0,0,0,0,0,0,0,0,0,0,0,0,0,0,0,0,0,0,0,0,0,0,0,0,0,0,0,0
novelMiR_285,hsa-mir-12424*,chr3,51728481,51728497,accgggtgctgtaggct,9756,7540,1872,96,4764,9300,80,0,0,0,3180,660,3712,5408,20512,1671,0,3168,3552,0,0,0,11972,14544,624,13684,0,6200,7348,3456
novelMiR_286,hsa-mir-12153*,chr3,59849313,59849330,acacagggagtagagctg,5,0,0,0,0,0,0,0,0,0,0,0,0,0,0,0,0,0,0,0,0,0,0,0,0,0,0,0,0,0
novelMiR_287,hsa-mir-12305*,chr3,60485523,60485539,actaacgaggagggacc,27,0,0,0,21,15,0,0,18,21,21,0,0,0,15,0,0,0,15,63,0,0,30,36,0,0,0,0,0,45
novelMiR_7-10,hsa-mir-12412-22*,chr3,72311492,72311510,caaaaatcgcaattacttt,12,0,0,0,0,0,0,0,0,0,0,0,0,0,0,10,0,0,0,0,0,0,18,0,0,0,0,0,0,0
novelMiR_108-1,hsa-mir-12164*,chr3,112191934,112191956,tgagtttgttctgaaatagagaa,20,0,0,0,0,0,0,0,0,0,0,0,0,0,0,0,0,0,0,0,0,0,0,0,0,0,0,0,0,0
novelMiR_292,hsa-mir-12295*,chr3,131602380,131602396,ttggaggatgaaagtac,84,30,10,0,70,32,0,14,10,38,26,0,28,12,26,44,0,42,20,66,0,0,84,98,0,20,0,26,14,80
novelMiR_37-1,hsa-mir-12269-1*,chr3,147946893,147946910,cactagaatgtgagctcc,23,9,0,55,13,19,32,63,22,17,13,24,10,0,17,17,0,13,0,22,0,69,19,16,0,0,0,31,0,16
novelMiR_294,hsa-mir-12298*,chr3,170587920,170587937,gatgtcttggtgggagtg,7,0,0,0,0,0,0,0,0,0,0,0,0,0,0,0,0,0,0,0,0,0,0,0,0,0,0,0,0,0
novelMiR_120-2,hsa-mir-12151*,chr4,86594850,86594870,atgcttagatccccccactgg,17,0,0,0,0,0,0,0,0,12,0,0,0,0,0,11,0,0,0,0,0,0,0,0,0,0,0,0,0,0
novelMiR_300,hsa-mir-12346*,chr4,164512184,164512202,tattaataattattgtcac,320,184,0,0,384,128,0,0,284,300,200,40,100,0,592,100,0,272,200,412,36,0,312,132,0,112,0,0,36,528
novelMiR_81c,hsa-mir-12267-2*,chr4,166321861,166321883,ctcccactgcttcacttgactag,1179,3251,151,23,1325,614,34,307,1392,978,1107,141,357,1402,719,2707,0,942,425,1177,113,45,1031,1860,46,996,0,1057,680,3787
novelMiR_231-3,hsa-mir-12362-4*,chr4,171003016,171003038,cgcttctcggccttttggctaag,47,0,0,0,0,0,0,0,34,0,0,0,0,0,0,0,0,0,0,0,0,0,0,0,0,0,0,0,0,0
novelMiR_306,hsa-mir-12435*,chr5,180615466,180615488,gtttccgtagtgtagtggtcatc,1314,150,0,0,528,231,0,150,558,384,234,45,225,129,690,165,0,597,0,177,0,24,219,810,0,0,0,258,396,0
novelMiR_307,hsa-mir-12410*,chr6,17731108,17731124,agtgtagtatctgttct,138,42,42,0,0,186,0,0,0,75,30,0,0,0,0,21,0,0,39,66,0,0,0,0,0,0,0,0,0,51
novelMiR_308,hsa-mir-12148*,chr6,27173908,27173925,gtggttatcacgttcgcc,7206,174,402,0,2630,0,0,236,2660,764,1370,0,0,0,1312,192,0,3080,0,0,0,38,556,470,16,0,0,0,0,0
novelMiR_43-1,hsa-mir-12382*,chr6,27551260,27551276,ctgtcacgcgggagacc,518,0,229,15,0,0,8,31,280,204,202,83,0,0,0,0,0,0,0,0,21,0,0,0,7,0,0,0,0,254
novelMiR_133-1,hsa-mir-12213-1*,chr6,27799305,27799321,actcctcttgctcgtca,37,0,0,0,0,0,0,0,0,0,10,0,0,0,7,0,0,12,16,0,7,0,13,15,0,0,0,0,0,14
novelMiR_312,hsa-mir-12236*,chr6,41701291,41701312,gcccggagagctgggagccaga,19,17,0,0,29,0,0,0,68,22,18,0,0,0,20,0,0,15,11,28,0,0,25,22,0,0,0,0,7,21
novelMiR_313,hsa-mir-12332*,chr6,42713767,42713784,gctgtcaggaccggagac,9,0,0,0,11,0,0,0,0,9,8,0,0,0,0,0,0,0,0,0,0,0,21,35,0,0,0,0,0,0
novelMiR_165-4,hsa-mir-12366-3*,chr6,69375071,69375093,aagtttctctgaacgtgtagagc,254,466,44,0,178,144,0,40,0,214,72,38,422,388,224,380,0,144,50,228,0,0,100,426,0,30,0,104,0,170
novelMiR_315,hsa-mir-12245*,chr6,69848146,69848162,acaacatttttctgatg,8,0,0,0,6,0,0,0,9,7,0,0,0,0,10,0,0,0,0,6,0,0,5,5,0,0,0,0,6,7
novelMiR_220_1a,hsa-mir-12238*,chr6,108097509,108097527,taaaaaccgtgactacttc,58,56,10,0,124,78,0,14,90,120,10,0,38,34,76,96,0,50,20,86,0,0,234,34,0,0,0,56,0,14
novelMiR_320,hsa-mir-12359*,chr7,1538190,1538211,tctgtaccctcacctcacccag,14,0,0,0,12,0,0,0,0,12,0,0,0,0,0,24,0,0,0,10,0,0,0,0,0,0,0,0,0,0
novelMiR_198-2,hsa-mir-12166-1*,chr7,6252350,6252371,ggctggtccgaaggtagtgagt,70,98,16,0,0,64,0,23,204,118,36,0,0,0,102,140,0,43,20,138,0,0,69,0,0,0,0,59,48,267
novelMiR_168-1,hsa-mir-12315-1*,chr7,40167772,40167788,cagttacagatcgaact,16,0,7,0,5,0,0,0,0,10,0,0,0,0,13,0,0,0,0,0,0,0,8,0,0,0,0,0,0,0
novelMiR_325,hsa-mir-12149*,chr7,138728847,138728865,tctcggacaagctgtaggt,97,0,0,0,60,41,0,0,55,0,36,0,0,0,0,0,0,0,15,0,9,9,0,0,0,17,0,0,24,34
novelMiR_326,hsa-mir-12285*,chr7,142157388,142157408,tcggctgtgtatctctgtgcc,56,440,0,0,144,0,0,32,32,0,52,196,1308,200,196,1464,0,368,84,288,0,48,168,1028,0,0,0,164,0,0
novelMiR_329,hsa-mir-12354*,chr8,36936551,36936567,agaggctgtttctgagc,725,900,100,0,745,810,0,75,295,910,325,55,435,315,640,450,0,380,355,745,110,30,1150,1240,45,295,0,165,800,850
novelMiR_174-1,hsa-mir-12325-1*,chr8,107801366,107801383,gtcccatctgggtcgcca,25,0,0,0,0,0,0,0,0,0,0,0,0,0,24,0,0,0,0,0,0,0,0,0,0,0,0,0,0,0
novelMiR_334,hsa-mir-12221*,chr8,113997936,113997954,cctataagaatctaatgcc,192,76,24,0,228,68,0,0,112,124,56,0,68,0,104,72,0,120,40,240,0,0,244,132,0,28,0,0,60,188
novelMiR_97-3,hsa-mir-12290-2*,chr8,129022831,129022847,agtggcagtatcgtagc,18,0,0,0,0,10,0,0,0,0,0,0,0,0,0,0,0,0,0,0,0,0,0,12,0,0,0,0,58,0
novelMiR_338,hsa-mir-12253*,chr9,35710715,35710733,ccctggggttctgaggaca,18,0,0,0,0,0,0,0,0,0,0,0,118,213,30,174,0,45,0,0,0,0,25,93,0,0,0,24,0,0
novelMiR_339,hsa-mir-12248*,chr9,74980089,74980105,gagctgtgtgcatctcc,6,0,0,0,5,0,0,0,0,8,0,0,0,0,0,0,0,0,0,0,0,0,0,13,0,0,0,0,0,0
novelMiR_7-6,hsa-mir-12412-23*,chr9,90359833,90359851,caaaaatcgcaattacttt,18,0,0,0,0,0,0,0,0,0,0,0,0,0,0,15,0,0,0,0,0,0,27,0,0,0,0,0,0,0
novelMiR_15-17,hsa-mir-12288-7*,chr9,117010151,117010172,aaaaactgtgattacttttgca,121,0,0,0,0,0,0,0,40,0,25,5,0,0,0,0,0,0,0,0,0,0,0,0,0,5,0,0,0,0
novelMiR_97-4,hsa-mir-12290-3*,chr9,127649801,127649817,agtggcagtatcgtagc,18,0,0,0,0,10,0,0,0,0,0,0,0,0,0,0,0,0,0,0,0,0,0,12,0,0,0,0,58,0
novelMiR_198a,hsa-mir-12425*,chrX,16930418,16930440,ggctggtccgagtgcagtggtgt,594,1248,120,0,570,0,0,156,480,612,330,0,0,414,558,1038,0,252,216,624,0,0,360,948,0,0,0,426,0,1464
novelMiR_124-2,hsa-mir-12409-1*,chrX,20630310,20630329,tggtggtctagtggttagga,127,0,18,0,57,46,0,0,98,0,0,0,38,0,0,0,0,21,15,0,0,0,0,21,0,0,0,0,0,38
novelMiR_20_1,hsa-mir-12228*,chr11,8706986,8707006,gccgagactagagtcacatcc,0,6,0,0,0,0,0,0,9,0,0,0,7,0,108,0,0,0,0,0,0,0,0,0,0,0,0,0,15,0
novelMiR_22_1,hsa-mir-12230*,chr11,129159807,129159824,ccataccaccctgaacgc,0,0,0,0,0,0,0,0,0,0,0,0,0,0,0,0,0,0,0,0,0,0,0,0,0,0,0,0,39,0
novelMiR_28_1,hsa-mir-12314*,chr12,96011534,96011556,ttctcactactgcacttgactag,0,0,0,0,0,0,0,0,0,0,0,0,0,0,0,3925,0,0,0,0,0,0,0,1155,0,0,0,1957,934,0
novelMiR_29_1,hsa-mir-12373*,chr12,96429831,96429847,tgtcacgcgggagaccg,0,0,0,0,0,0,0,0,0,0,0,0,0,0,0,0,0,0,0,0,0,0,0,0,0,0,0,0,104,0
novelMiR_31_1,hsa-mir-12451*,chr13,21186381,21186402,atggatttttggagcagggaga,0,0,0,0,0,0,0,0,79,0,0,0,0,31,0,26,0,21,0,42,0,0,26,71,0,0,0,0,33,0
novelMiR_32_1,hsa-mir-12200*,chr11,639736,639752,tccgcggcggtggcggc,0,0,0,0,0,0,0,0,0,0,0,0,0,0,0,0,0,0,0,7,0,0,0,0,0,0,0,0,0,5
novelMiR_154a,hsa-mir-12188*,chr14,90088277,90088293,ctggctgcgacatctgt,0,0,0,0,0,0,0,0,0,0,0,0,0,0,0,0,0,0,0,0,0,0,0,0,0,0,0,0,16,0
novelMiR_36_1,hsa-mir-12387*,chr12,1100465,1100482,gcagtagcggcagccctg,0,0,0,0,0,0,0,0,0,0,0,0,0,0,0,0,0,0,0,0,0,0,0,0,0,0,0,0,0,7
novelMiR_6-10,hsa-mir-12185-11*,chr14,53493708,53493725,aaaagtaatcgcagtttt,282,156,36,0,180,90,0,48,90,441,63,0,99,96,231,267,0,150,30,288,0,0,261,414,0,0,0,30,99,210
novelMiR_54_1,hsa-mir-12219*,chr14,90422357,90422378,tcgcgggctgcggtcgggcccg,0,0,0,0,0,0,0,0,0,0,0,0,0,0,0,0,0,0,0,0,0,0,0,0,0,0,0,0,0,26
novelMiR_97-6,hsa-mir-12290-4*,chr3,175327277,175327293,agtggcagtatcgtagc,18,0,0,0,0,10,0,0,0,0,0,0,0,0,0,0,0,0,0,0,0,0,0,12,0,0,0,0,58,0
novelMiR_76_1,hsa-mir-12417*,chr17,51816092,51816111,cactgctaaatttgactggc,0,0,0,0,0,0,0,0,0,51,0,0,0,0,0,85,0,39,0,90,0,0,61,0,0,0,0,0,0,66
novelMiR_79_1,hsa-mir-12393*,chr17,74557205,74557228,atttcaagttatccctgtctgaag,0,55,0,0,0,38,0,0,12,121,17,0,8,12,38,127,0,20,0,0,6,0,0,36,0,0,0,8,44,92
novelMiR_81_1,hsa-mir-12345*,chr18,40488777,40488796,tgcaaaaataattgtggttt,0,8,0,0,0,5,0,0,0,0,0,0,8,0,7,14,0,0,0,9,0,0,7,10,0,0,0,0,0,6
novelMiR_83_1,hsa-mir-12210*,chr5,157120868,157120884,cggggctgcacgcgcgc,0,0,0,0,0,0,0,0,0,0,0,0,0,5,0,0,0,0,0,0,0,0,0,0,0,0,0,0,14,0
novelMiR_306-1,hsa-mir-12357*,chr5,180524070,180524092,gtttccgtagtgtagtggttatc,0,284,0,0,0,0,36,158,0,459,0,0,310,105,797,197,0,0,0,178,0,32,341,626,0,0,0,249,363,0
novelMiR_89_1,hsa-mir-12358*,chr19,43858393,43858409,cacggaggccaaggacc,0,0,0,0,0,0,0,0,0,0,0,0,0,0,0,5,0,0,0,0,0,0,0,0,0,0,0,0,0,8
novelMiR_91a,hsa-mir-12198*,chr6,127440599,127440615,cttgcctctcggcgccc,0,0,0,0,0,0,0,0,0,0,0,0,0,0,0,0,0,0,0,0,0,0,0,0,0,0,0,0,11,0
novelMiR_91_1,hsa-mir-12400*,chr6,132141507,132141525,accccattgatcgccaggg,0,0,0,0,0,0,0,0,0,0,0,0,0,0,0,0,0,0,0,0,0,0,0,0,0,0,0,0,16,0
novelMiR_135a,hsa-mir-12186-1*,chr6,147863449,147863466,atcccggacaagccccca,117,21,34,0,58,46,0,8,42,38,82,19,34,27,83,33,0,110,33,14,35,0,15,12,0,72,0,80,18,74
novelMiR_15-3,hsa-mir-12288-8*,chr7,16179201,16179222,aaaaactgtgattacttttgca,363,117,24,0,135,51,0,18,120,315,75,15,72,48,165,174,0,117,21,201,0,0,138,282,0,15,0,0,84,186
novelMiR_99_1,hsa-mir-12165*,chr2,162406426,162406444,ctggtcaacatagcgagac,0,0,0,0,0,0,0,0,0,0,0,0,0,0,0,0,0,0,0,0,0,0,0,0,0,0,0,0,0,5
novelMiR_101_1,hsa-mir-12340*,chr2,220144100,220144117,accgctgacgcatgcctg,0,10,0,0,0,0,0,0,0,7,0,0,0,34,0,43,0,11,8,21,7,0,13,20,0,0,0,0,10,14
novelMiR_102_1,hsa-mir-12422*,chr2,234197571,234197587,tgttcaagctgagacct,0,13,11,0,19,25,0,0,11,21,8,0,0,0,0,6,0,18,13,35,0,0,0,21,0,0,0,0,0,26
novelMiR_81_1-11,hsa-mir-12345-1*,chr20,37644076,37644095,tgcaaaaataattgtggttt,0,8,0,0,0,5,0,0,0,0,0,0,8,0,7,14,0,0,0,9,0,0,7,10,0,0,0,0,0,6
novelMiR_97-1,hsa-mir-12290-5*,chr9,36267790,36267806,agtggcagtatcgtagc,9,0,0,0,0,5,0,0,0,0,0,0,0,0,0,0,0,0,0,0,0,0,0,6,0,0,0,0,29,0
novelMiR_91_1-1,hsa-mir-12400-1*,chr9,77414844,77414862,accccattgatcgccaggg,0,0,0,0,0,0,0,0,0,0,0,0,0,0,0,0,0,0,0,0,0,0,0,0,0,0,0,0,16,0
novelMiR_111_1,hsa-mir-12338*,chrY,3235818,3235839,cctgtggtctagtggttaggat,0,0,0,0,0,0,0,0,0,0,0,0,0,0,0,0,0,0,0,0,0,0,0,0,0,0,0,0,45,0
novelMiR_112_1,hsa-mir-12223*,chr1,24063306,24063324,gagttctgggctgtagtgc,0,0,0,0,0,0,0,0,0,0,0,0,0,0,0,0,0,0,0,0,0,0,0,0,0,0,0,0,25,0
novelMiR_112_1-2,hsa-mir-12177*,chr1,70646029,70646049,gagttctgggctgtagtgcgc,0,0,0,0,0,0,0,0,0,0,0,0,0,0,0,0,0,0,0,0,0,0,0,0,0,0,0,98,101,0
novelMiR_118_1,hsa-mir-12156*,chr1,145396928,145396951,ccgtgatcgtatagtggttagtac,0,349,0,0,0,0,0,0,0,0,0,0,0,55,0,63,0,0,0,0,0,0,0,0,0,0,0,0,227,0
novelMiR_306-2,hsa-mir-12357-1*,chr1,149298605,149298627,gtttccgtagtgtagtggttatc,0,285,0,0,0,0,36,158,0,459,0,0,310,105,797,197,0,0,0,178,0,32,341,626,0,0,0,249,363,0
novelMiR_81_1-3,hsa-mir-12345-2*,chr5,42180709,42180728,tgcaaaaataattgtggttt,0,8,0,0,0,5,0,0,0,0,0,0,8,0,7,14,0,0,0,9,0,0,7,10,0,0,0,0,0,6
novelMiR_112_1-3,hsa-mir-12177-1*,chr1,226614610,226614630,gagttctgggctgtagtgcgc,0,0,0,0,0,0,0,0,0,0,0,0,0,0,0,0,0,0,0,0,0,0,0,0,0,0,0,108,117,0
novelMiR_124_1,hsa-mir-12434*,chr10,50911149,50911167,gttgagcttgactctagtc,0,0,0,0,0,0,0,0,0,0,0,0,0,0,0,0,0,0,0,0,0,0,0,0,0,0,0,0,38,0
novelMiR_125_1,hsa-mir-12327*,chr10,115463433,115463450,atctattgaaagtcagcc,0,0,0,0,0,0,0,0,0,0,0,0,0,0,0,0,0,0,0,0,0,0,0,0,0,0,0,0,103,0
novelMiR_125-1,hsa-mir-12181-1*,chr11,386833,386850,atcccagacgagccccca,480,124,272,0,92,236,0,60,184,86,622,166,132,194,392,382,0,950,278,10,378,0,56,0,0,428,0,854,200,270
novelMiR_129_1,hsa-mir-12167*,chr11,111692687,111692706,tgcccagtgctctgaatgtc,0,0,0,0,34,0,0,18,0,0,0,49,0,58,0,72,0,0,31,0,0,0,0,0,0,314,0,148,133,0
novelMiR_34_1-1,hsa-mir-12420*,chr12,14706868,14706889,ctggctgcgacatctgtcaccc,0,0,0,0,0,0,0,0,0,0,0,0,0,0,0,0,0,0,0,0,0,0,0,0,0,0,0,0,81,0
novelMiR_133_1,hsa-mir-12369*,chr13,20466989,20467011,gcggtggcgcgtgcctgtagtcc,0,0,0,0,0,0,0,0,0,0,0,0,0,0,0,0,0,0,0,0,0,0,0,0,0,0,0,0,20,0
novelMiR_134_1,hsa-mir-12383*,chr13,23270890,23270908,gagagtcgtcggggtttcc,0,0,0,0,0,0,0,0,0,42,22,0,0,0,0,24,0,12,14,44,0,0,0,16,0,0,0,0,14,18
novelMiR_135_1,hsa-mir-12155*,chr13,45911721,45911744,ctgcatccactgatagaccttgaa,0,0,0,0,0,0,0,0,13,0,0,0,0,0,0,0,0,0,0,0,0,0,0,0,0,0,0,0,21,0
novelMiR_136_1,hsa-mir-12377*,chr13,54250584,54250601,ctggactctgaatccagc,0,0,0,0,0,0,0,0,0,0,0,0,0,0,0,0,0,0,0,0,0,0,0,0,0,0,0,0,95,0
novelMiR_89_1a,hsa-mir-12436*,chr13,78521703,78521722,aacggagcaggtcaaaactc,0,0,0,0,0,0,0,0,0,0,0,0,0,0,0,0,0,0,0,0,0,0,0,0,0,0,0,0,43,0
novelMiR_69-3,hsa-mir-12411-3*,chr17,18967234,18967255,ggagagaacgcggtctgagtgg,1356,0,276,0,2469,0,0,300,1575,2175,972,144,0,0,1506,2037,0,1458,441,1506,0,75,1797,3465,0,0,0,945,1548,3129
novelMiR_149_1,hsa-mir-12367*,chr17,19093463,19093483,ccacgaggaagagaggtagcg,0,0,50,0,189,0,0,0,0,197,0,0,0,0,0,0,0,0,0,0,0,12,171,0,0,0,0,0,96,0
novelMiR_112_1-1,hsa-mir-12223-1*,chr19,17021504,17021522,gagttctgggctgtagtgc,0,0,0,0,0,0,0,0,0,0,0,0,0,0,0,0,0,0,0,0,0,0,0,0,0,0,0,0,25,0
novelMiR_156_1,hsa-mir-12317*,chr19,41792519,41792535,gttctgggctgtagtgc,0,0,0,0,0,0,0,0,0,0,0,0,0,0,0,0,0,0,0,0,0,0,0,0,0,0,0,0,9,0
novelMiR_81b,hsa-mir-12267-3*,chr2,25231720,25231742,ctcccactgcttcacttgactag,1180,3252,151,23,1325,616,34,307,1393,979,1108,141,357,1404,719,2710,0,944,425,1178,113,45,1032,1861,46,998,0,1062,681,3789
novelMiR_158_1,hsa-mir-12203*,chr9,32820263,32820279,tagtgagttatctcaat,0,0,0,0,0,0,0,0,0,0,0,0,0,0,0,0,0,0,0,0,0,0,0,0,0,0,0,0,0,7
novelMiR_112_1-4,hsa-mir-12223-2*,chr2,96670506,96670524,gagttctgggctgtagtgc,0,0,0,0,0,0,0,0,0,0,0,0,0,0,0,0,0,0,0,0,0,0,0,0,0,0,0,0,25,0
novelMiR_165-2,hsa-mir-12366-4*,chr2,114763166,114763188,aagtttctctgaacgtgtagagc,126,232,22,0,86,69,0,20,0,106,34,18,209,193,111,184,0,70,23,110,0,0,48,212,0,15,0,52,47,82
novelMiR_81_1-19,hsa-mir-12345-3*,chrX,8148869,8148888,tgcaaaaataattgtggttt,0,8,0,0,0,5,0,0,0,0,0,0,8,0,7,14,0,0,0,9,0,0,7,10,0,0,0,0,0,6
novelMiR_173_1,hsa-mir-12416*,chr1,28906277,28906297,tgtgggctagtttcagacagg,0,0,0,0,0,0,0,0,0,0,0,0,0,0,0,0,0,0,0,0,0,0,0,40,0,0,0,0,0,52
novelMiR_180-2,hsa-mir-12418-2*,chr1,31421965,31421988,taatggactcaagttctgagccag,411,261,36,0,208,142,0,50,151,616,114,16,54,23,375,202,0,163,53,191,22,19,81,194,15,42,0,41,276,373
novelMiR_6-1,hsa-mir-12185-12*,chr1,64911125,64911142,aaaagtaatcgcagtttt,282,156,36,0,180,90,0,48,90,441,63,0,99,96,231,267,0,150,30,288,0,0,261,414,0,0,0,30,99,210
novelMiR_81_1-1,hsa-mir-12345-4*,chr10,127531567,127531586,tgcaaaaataattgtggttt,0,8,0,0,0,5,0,0,0,0,0,0,8,0,7,14,0,0,0,9,0,0,7,10,0,0,0,0,0,6
novelMiR_125-2,hsa-mir-12181-2*,chr11,386833,386850,atcccagacgagccccca,240,62,136,0,46,118,0,30,92,43,311,83,66,97,196,191,0,475,139,5,189,0,28,0,0,214,0,427,100,135
novelMiR_190_1,hsa-mir-12324*,chr11,10830287,10830303,accggatcctgaggagg,0,0,0,0,0,0,0,0,0,0,0,0,0,0,0,0,0,0,0,0,0,0,0,0,0,0,0,0,0,6
novelMiR_192_1,hsa-mir-12278*,chr11,14521321,14521339,gccgcagtagacggatccg,0,0,0,0,0,0,0,0,0,0,0,0,0,0,0,0,0,0,0,0,0,0,0,0,0,0,0,0,0,5
novelMiR_193_1,hsa-mir-12395*,chr11,17097326,17097348,accttccttggatgtctgagtga,0,0,0,0,0,0,0,0,0,0,0,0,0,0,16,0,0,0,0,0,0,0,0,0,0,0,0,0,0,20
novelMiR_194_1,hsa-mir-12179*,chr11,64568504,64568524,catctgtgaccccacctctag,0,0,0,0,0,0,0,0,0,0,0,0,0,0,0,9,0,0,0,0,0,0,0,0,0,0,0,0,0,5
novelMiR_20_1a,hsa-mir-12438*,chr11,71823284,71823301,gccgagatcgctggtctg,0,0,0,0,0,0,0,0,0,9,0,0,0,0,0,0,0,0,0,0,0,0,9,6,0,0,0,0,0,7
novelMiR_197_1,hsa-mir-12272*,chr6,3080073,3080094,gttagtacttggatgggagacc,0,0,0,0,0,0,0,0,0,0,0,0,0,0,0,0,0,0,0,0,0,0,0,22,0,0,0,0,684,0
novelMiR_198_1,hsa-mir-12407*,chr6,17731109,17731126,caagtgtagtatctgttc,0,0,0,0,0,0,0,0,0,0,0,0,0,0,0,0,0,0,0,0,0,0,0,0,0,0,0,0,88,0
novelMiR_6-18,hsa-mir-12185-13*,chr12,64275892,64275909,aaaagtaatcgcagtttt,282,156,36,0,180,90,0,48,90,441,63,0,99,96,231,267,0,150,30,288,0,0,261,414,0,0,0,30,99,210
novelMiR_81_1-26,hsa-mir-12345-5*,chr12,117716136,117716155,tgcaaaaataattgtggttt,0,8,0,0,0,5,0,0,0,0,0,0,8,0,7,14,0,0,0,9,0,0,7,10,0,0,0,0,0,6
novelMiR_81e,hsa-mir-12170-1*,chr13,6690167,6690183,gtcccaccagagtcgcc,13,0,0,0,0,0,0,0,0,0,0,0,0,0,0,0,0,0,0,0,0,0,0,0,0,0,0,8,0,7
novelMiR_81_1-7,hsa-mir-12345-6*,chr13,79845291,79845310,tgcaaaaataattgtggttt,0,8,0,0,0,5,0,0,0,0,0,0,8,0,7,14,0,0,0,9,0,0,7,10,0,0,0,0,0,6
novelMiR_213_1,hsa-mir-12302*,chr14,82126944,82126961,ttggtggttcagtggtag,0,0,140,0,0,0,0,0,0,0,232,32,0,17,0,25,0,0,0,0,0,0,0,0,0,0,0,20,0,199
novelMiR_38-2,hsa-mir-12197-1*,chr15,40623826,40623849,gtctacggccataccaccctgaac,48,0,0,0,0,0,0,0,557,99,28,0,0,0,0,97,0,0,0,0,0,0,51,0,0,0,0,0,212,41
novelMiR_220_1,hsa-mir-12384*,chr15,81378219,81378237,caaaaactgtgattacttt,0,0,0,0,0,0,0,0,0,6,0,0,0,0,0,0,0,0,0,0,0,0,0,6,0,0,0,0,0,9
novelMiR_221_1,hsa-mir-12323*,chr15,93447406,93447423,gtgactgagctggacctg,0,8,0,0,10,0,0,0,0,0,6,0,0,34,0,23,0,0,0,10,0,0,7,7,0,0,0,5,0,6
novelMiR_222_1,hsa-mir-12174*,chr16,47177814,47177831,cgcgggcggagctgcctg,0,0,0,0,0,0,0,0,0,0,0,0,0,0,0,0,0,0,0,0,0,0,0,0,0,0,0,0,0,7
novelMiR_223_1,hsa-mir-12439*,chr17,7210188,7210207,accctcagtccgtattggtc,0,0,0,0,0,0,0,0,0,10,13,0,0,0,0,0,0,0,0,17,0,0,0,0,0,0,0,0,0,19
novelMiR_69-4,hsa-mir-12411-4*,chr17,19015734,19015755,ggagagaacgcggtctgagtgg,1356,1029,276,0,2469,0,0,300,1575,2175,972,144,729,0,1506,2037,0,1458,441,1506,0,75,1797,3465,0,0,0,945,1548,3129
novelMiR_227_1,hsa-mir-12310*,chr17,39845535,39845552,actgagacgccgggcccg,0,0,0,0,0,0,0,0,0,0,0,0,0,23,0,17,0,0,0,0,0,0,0,0,0,0,0,0,0,7
novelMiR_81_1-23,hsa-mir-12345-7*,chr17,44995916,44995935,tgcaaaaataattgtggttt,0,8,0,0,0,5,0,0,0,0,0,0,8,0,7,14,0,0,0,9,0,0,7,10,0,0,0,0,0,6
novelMiR_229_1,hsa-mir-12183*,chr17,46199550,46199567,cccctgggctgttactgt,0,0,0,0,17,0,0,0,0,10,8,0,0,0,0,0,0,21,9,11,0,0,0,27,0,0,0,0,0,8
novelMiR_81h,hsa-mir-12267-4*,chr17,48463512,48463534,ctcccactgcttcacttgactag,1180,3252,151,23,1325,616,34,307,1393,979,1108,141,357,1404,719,2710,0,944,425,1178,113,45,1032,1861,46,998,0,1062,681,3789
novelMiR_81_1-20,hsa-mir-12345-8*,chr17,52124363,52124382,tgcaaaaataattgtggttt,0,8,0,0,0,5,0,0,0,0,0,0,8,0,7,14,0,0,0,9,0,0,7,10,0,0,0,0,0,6
novelMiR_234_1,hsa-mir-12401*,chr17,62833215,62833238,cggctcggaggctgaggggctgcc,0,0,0,0,0,0,0,0,0,0,0,0,0,0,0,12,0,0,7,9,0,0,0,0,0,0,0,0,0,8
novelMiR_99_1-1,hsa-mir-12165-1*,chr18,33674193,33674211,ctggtcaacatagcgagac,0,0,0,0,0,0,0,0,0,0,0,0,0,0,0,0,0,0,0,0,0,0,0,0,0,0,0,0,0,5
novelMiR_81_1-15,hsa-mir-12345-9*,chr18,66687871,66687890,tgcaaaaataattgtggttt,0,8,0,0,0,5,0,0,0,0,0,0,8,0,7,14,0,0,0,9,0,0,7,10,0,0,0,0,0,6
novelMiR_244_1,hsa-mir-12249*,chr19,18392208,18392225,agcttcgcgtccccgggc,0,0,0,0,0,0,0,0,0,0,0,0,0,0,0,0,0,0,0,0,0,0,0,0,0,0,0,0,0,12
novelMiR_246_1,hsa-mir-12390*,chr19,41769348,41769368,tgcacgcgaccatagagcctt,0,0,0,0,0,0,0,0,0,0,0,0,0,0,0,13,0,0,0,15,0,0,0,0,0,0,0,0,0,21
novelMiR_247_1,hsa-mir-12192*,chr19,55756554,55756575,tccctcgccttctcaccctcag,0,0,0,0,13,25,0,0,13,9,0,0,18,17,0,18,0,0,0,20,0,0,11,0,0,0,0,11,0,10
novelMiR_81g,hsa-mir-12267-5*,chr2,25231720,25231742,ctcccactgcttcacttgactag,1180,3252,151,23,1325,616,34,307,1393,979,1108,141,357,1404,719,2710,0,944,425,1178,113,45,1032,1861,46,998,0,1062,681,3789
novelMiR_81_1-13,hsa-mir-12345-10*,chr2,25945122,25945141,tgcaaaaataattgtggttt,0,8,0,0,0,5,0,0,0,0,0,0,8,0,7,14,0,0,0,9,0,0,7,10,0,0,0,0,0,6
novelMiR_355_1a,hsa-mir-12414*,chr21,17102153,17102170,cgggcggcggggcggggc,0,0,0,0,22,36,0,0,0,12,0,0,0,0,16,0,0,0,0,36,0,0,14,16,0,0,0,0,0,0
novelMiR_258_1,hsa-mir-12446*,chr22,36682893,36682913,aagcctctgtccccaccccag,0,0,0,0,0,0,0,0,0,0,0,0,0,10,0,0,0,0,0,0,0,0,0,8,0,0,0,0,0,0
novelMiR_263_1,hsa-mir-12300*,chr3,16837784,16837805,tataacctctgagtattccccg,0,0,0,0,0,0,0,0,0,0,0,0,0,0,0,0,0,0,0,0,0,0,0,8,0,0,0,0,0,0
novelMiR_6a,hsa-mir-12428*,chr3,46969974,46969995,aaaagtaattgtggtttctgcc,0,24,0,0,0,0,0,0,0,0,0,0,14,36,0,34,0,0,0,0,0,0,0,36,0,0,0,0,0,0
novelMiR_99_1-2,hsa-mir-12165-2*,chr22,17836987,17837005,ctggtcaacatagcgagac,0,0,0,0,0,0,0,0,0,0,0,0,0,0,0,0,0,0,0,0,0,0,0,0,0,0,0,0,0,5
novelMiR_273_1,hsa-mir-12234*,chr22,40440499,40440516,ttagagcatgatggcggc,0,0,0,0,20,0,0,0,0,38,0,12,0,0,0,16,0,0,16,32,0,0,0,0,0,0,0,0,0,20
novelMiR_271-2,hsa-mir-12406-1*,chr22,42044099,42044120,tcccactgcttcacttgactag,462,847,60,6,486,253,0,114,520,387,394,48,117,320,343,763,0,378,180,459,37,6,375,605,15,378,0,250,228,1278
novelMiR_276_1,hsa-mir-12260*,chr3,16837784,16837804,ataacctctgagtattccccg,0,0,0,0,0,0,0,0,0,0,0,0,0,0,0,0,0,0,0,0,0,0,0,0,0,0,0,0,0,20
novelMiR_282-2,hsa-mir-12380-1*,chr3,129116055,129116076,attggaagacactctgcgacag,908,524,104,29,497,0,21,107,336,1199,259,35,144,0,698,686,0,421,101,432,78,19,256,285,31,106,0,156,393,716
novelMiR_81d,hsa-mir-12267-6*,chr4,166321861,166321883,ctcccactgcttcacttgactag,1179,3251,151,23,1325,614,34,307,1392,978,1107,141,357,1402,719,2707,0,942,425,1177,113,45,1031,1860,46,996,0,1057,680,3787
novelMiR_286_1,hsa-mir-12351*,chr5,85756416,85756432,tcccggtcagggaacca,0,0,0,0,0,0,0,0,0,0,0,0,0,0,0,0,0,0,0,0,0,0,0,24,0,0,0,0,12,0
novelMiR_81i,hsa-mir-12267-7*,chr4,166321861,166321883,ctcccactgcttcacttgactag,1179,3251,151,23,1325,614,34,307,1392,978,1107,141,357,1402,719,2707,0,942,425,1177,113,45,1031,1860,46,996,0,1057,680,3787
novelMiR_296_1,hsa-mir-12178*,chr5,90679099,90679118,cactgagacgagcgggagcg,0,0,0,0,14,0,0,0,42,0,0,0,0,0,0,40,0,0,24,0,0,0,0,0,0,0,0,0,0,52
novelMiR_297_1,hsa-mir-12254*,chr5,95297326,95297344,accgtactgcatgtgaagc,0,0,0,0,0,0,0,0,0,0,0,0,0,0,0,0,0,0,0,0,0,0,0,0,0,0,0,0,0,5
novelMiR_298_1,hsa-mir-12408*,chr5,131826428,131826451,cttagtcgaggcaagacgtgcgcc,0,0,0,0,0,0,0,0,0,0,0,0,0,0,0,0,0,0,0,36,0,0,0,0,0,0,0,0,0,34
novelMiR_81_1-17,hsa-mir-12345-11*,chr5,168241768,168241787,tgcaaaaataattgtggttt,0,16,0,0,0,10,0,0,0,0,0,0,16,0,14,28,0,0,0,18,0,0,14,20,0,0,0,0,0,12
novelMiR_302_1,hsa-mir-12204*,chr6,27100542,27100559,ttcgttggcgctttatag,0,14,0,0,16,0,0,0,0,12,0,0,0,48,0,82,0,0,0,0,0,0,0,0,0,0,0,14,0,30
novelMiR_237-2,hsa-mir-12437*,chr6,27521251,27521273,gtagtcgtggccgagtggttaag,0,159,0,0,0,50,0,10,250,62,0,11,47,22,84,110,0,0,21,73,0,0,0,77,0,0,0,151,199,45
novelMiR_43-2,hsa-mir-12382-1*,chr6,27551260,27551276,ctgtcacgcgggagacc,518,0,229,15,0,0,8,31,280,204,202,83,0,0,0,0,0,0,0,0,21,0,0,0,7,0,0,0,0,254
novelMiR_133-2,hsa-mir-12213-2*,chr6,27799305,27799321,actcctcttgctcgtca,37,0,0,0,0,0,0,0,0,0,10,0,0,0,7,0,0,12,16,0,7,0,13,15,0,0,0,0,0,14
novelMiR_306_1,hsa-mir-12182*,chr6,31795002,31795019,gcctgagaaacggaccgg,0,0,0,0,14,0,0,0,14,0,0,0,0,14,0,20,0,0,18,20,0,0,0,16,0,0,0,0,0,20
novelMiR_312_1,hsa-mir-12296*,chr7,75801332,75801349,gctggaactacagacgcc,0,0,0,0,0,0,0,0,12,16,0,0,0,0,0,0,0,10,0,10,0,0,26,32,0,0,0,0,0,12
novelMiR_313_1,hsa-mir-12216*,chr7,138728883,138728903,aattacagattgtctcagaga,0,0,0,0,0,0,0,45,0,195,0,0,216,147,267,375,0,204,0,297,0,0,0,249,0,0,0,147,0,0
novelMiR_6-23,hsa-mir-12185-14*,chr7,155664644,155664661,aaaagtaatcgcagtttt,376,208,48,0,240,120,0,64,120,588,84,0,132,128,308,356,0,200,40,384,0,0,348,552,0,0,0,40,132,280
novelMiR_198-1,hsa-mir-12166-2*,chr7,6252350,6252371,ggctggtccgaaggtagtgagt,140,196,32,0,0,128,0,46,408,236,72,0,0,0,204,280,0,86,40,276,0,0,138,0,0,0,0,118,96,534
novelMiR_319_1,hsa-mir-12263*,chr7,23531421,23531440,actcccactgcttcacttga,0,0,0,0,0,0,0,0,0,0,0,0,0,0,0,0,0,0,0,0,0,0,0,0,0,0,0,0,0,8
novelMiR_323_1,hsa-mir-12282*,chr9,35605292,35605309,gcgggcgggcgggcggcg,0,0,0,0,0,0,0,0,0,0,0,0,0,0,0,0,0,0,0,0,0,0,0,22,0,0,0,0,0,0
novelMiR_23-2,hsa-mir-12266-2*,chr3,193330826,193330843,atcccacttctgacacca,22216,1878,2066,94,9501,3901,213,1375,6636,5026,8452,1652,3249,1338,12725,5306,0,21916,2760,2549,766,180,4914,2927,48,4309,18,6429,1084,18141
novelMiR_27-2,hsa-mir-12429-2*,chr7,7034868,7034884,tctcgctggggcctcca,23336,7584,2504,204,10376,15284,388,4716,7696,8612,10964,2072,10764,4192,12404,8608,24,16800,11036,6976,2656,788,13724,7100,316,8836,132,17736,4212,24156
novelMiR_13_1,hsa-mir-12319*,chr11,8705774,8705793,atcgaggctagagtcacgct,0,0,0,0,27,0,0,0,39,0,13,0,13,15,19,30,0,24,0,26,0,0,0,0,0,0,0,12,0,0
novelMiR_37_1,hsa-mir-12343*,chr14,103804182,103804203,ttgcaagcaacactctgtggca,0,0,0,0,0,0,0,0,28,0,0,0,0,0,0,0,0,0,0,0,0,0,0,0,0,0,0,0,24,20
novelMiR_38_1,hsa-mir-12306*,chr15,25302078,25302101,tcgttctcatcggaactgaggtcc,0,0,0,0,0,0,0,0,0,249,0,0,33,0,0,0,0,0,0,0,0,0,0,0,0,0,0,0,94,0
novelMiR_91_1-2,hsa-mir-12400-2*,chr15,77029015,77029033,accccattgatcgccaggg,0,0,0,0,0,0,0,0,0,0,0,0,0,0,0,0,0,0,0,0,0,0,0,0,0,0,0,0,16,0
novelMiR_156_1a,hsa-mir-12276*,chr12,102091452,102091473,cttctggggctggggccccggc,0,0,0,0,0,0,0,0,13,0,0,0,0,0,8,0,0,0,0,0,0,0,0,0,0,0,0,0,0,6
novelMiR_6-24,hsa-mir-12185-15*,chr12,105721698,105721715,aaaagtaatcgcagtttt,0,104,24,0,120,60,0,32,0,294,0,0,66,64,154,178,0,100,20,192,0,0,174,276,0,0,0,20,66,140
novelMiR_49_1,hsa-mir-12328*,chr12,110197058,110197075,acaggatggtgagggctg,0,5,0,0,0,0,0,0,0,0,0,0,0,0,0,0,0,0,0,0,0,0,0,0,0,0,0,0,0,5
novelMiR_50_1,hsa-mir-12431*,chr12,121354472,121354488,ctcggaggaggccaagg,0,11,0,0,0,0,0,5,0,5,0,0,0,19,0,29,0,5,0,14,0,0,0,0,0,0,0,0,0,12
novelMiR_15-2,hsa-mir-12288-9*,chr13,33103426,33103447,aaaaactgtgattacttttgca,242,78,16,0,90,34,0,12,80,210,50,10,48,32,110,116,0,78,14,134,0,0,92,188,0,10,0,0,56,124
novelMiR_45-2,hsa-mir-12344-1*,chr14,96851053,96851076,aaatggatttttggagcagggaga,70,67,0,0,0,76,0,9,0,22,0,0,76,0,66,0,0,0,128,0,0,0,0,0,0,78,0,0,0,138
novelMiR_22_1-1,hsa-mir-12206*,chr19,58378639,58378659,ccataccaccctgaacgcgcc,0,0,0,0,0,0,0,0,0,0,0,0,0,0,0,0,0,0,0,0,0,0,0,0,0,0,0,0,1120,0
novelMiR_97_1,hsa-mir-12207*,chr7,25304438,25304458,ccattgatgatcgttcttctc,0,0,0,0,0,0,0,0,0,0,0,0,0,0,0,0,0,0,0,0,0,0,0,0,0,0,0,0,76,0
novelMiR_38-1,hsa-mir-12197-2*,chr15,40623826,40623849,gtctacggccataccaccctgaac,240,0,0,0,0,0,0,0,2785,495,140,0,0,0,0,485,0,0,0,0,0,0,255,0,0,0,0,0,1060,205
novelMiR_143_1,hsa-mir-12398*,chr15,66793591,66793613,aatgattttgtggaagttctgat,0,0,0,0,0,0,0,0,0,54,0,0,0,0,0,19,0,0,12,0,0,0,0,0,0,0,0,0,39,0
novelMiR_81j,hsa-mir-12267-8*,chr17,48463512,48463534,ctcccactgcttcacttgactag,1180,3252,151,23,1325,616,34,307,1393,979,1108,141,357,1404,719,2710,0,944,425,1178,113,45,1032,1861,46,998,0,1062,681,3789
novelMiR_81_1-14,hsa-mir-12345-12*,chr8,30927639,30927658,tgcaaaaataattgtggttt,0,8,0,0,0,5,0,0,0,0,0,0,8,0,7,14,0,0,0,9,0,0,7,10,0,0,0,0,0,6
novelMiR_23-3,hsa-mir-12368*,chr18,1691857,1691874,atcccactcctgacacca,26886,10302,2640,114,11472,14559,195,1554,10572,8373,13065,3123,8643,6630,23736,9282,0,17664,8895,10239,2067,195,9804,9675,324,8442,27,13278,5034,28080
novelMiR_133_1-1,hsa-mir-12369-1*,chr14,77318143,77318165,gcggtggcgcgtgcctgtagtcc,0,0,0,0,0,0,0,0,0,0,0,0,0,0,0,0,0,0,0,0,0,0,0,0,0,0,0,0,17,0
novelMiR_99_1-4,hsa-mir-12165-3*,chr9,97020744,97020762,ctggtcaacatagcgagac,0,0,0,0,0,0,0,0,0,0,0,0,0,0,0,0,0,0,0,0,0,0,0,0,0,0,0,0,0,5
novelMiR_6-2,hsa-mir-12185-16*,chrX,8946869,8946886,aaaagtaatcgcagtttt,282,156,36,0,180,90,0,48,90,441,63,0,99,96,228,267,0,150,30,288,0,0,261,414,0,0,0,30,99,210
novelMiR_158_1-1,hsa-mir-12203-1*,chrX,12167259,12167275,tagtgagttatctcaat,0,0,0,0,0,0,0,0,0,0,0,0,0,0,0,0,0,0,0,0,0,0,0,0,0,0,0,0,0,7
novelMiR_170_1,hsa-mir-12195*,chr2,208031539,208031555,gcttcttctctgcaccc,0,0,0,0,0,0,0,0,0,0,0,0,0,0,0,0,0,0,0,0,0,0,0,0,0,0,0,0,5,0
novelMiR_172_1,hsa-mir-12363*,chr1,16861797,16861814,ctttcaccgccgcggccc,0,0,0,0,0,0,0,0,0,0,0,20,0,0,0,0,0,0,0,0,0,0,0,0,0,0,0,0,0,37
novelMiR_180_1,hsa-mir-12371*,chr22,42961116,42961135,tgcgctcccctgctagaacc,0,0,0,0,0,0,0,0,0,0,0,0,0,0,0,0,0,0,0,0,0,0,0,0,0,0,0,0,13,0
novelMiR_183_1,hsa-mir-12268*,chr3,33071772,33071791,ctaagatcaagtgtagtatc,0,0,0,0,0,0,0,0,0,0,0,0,0,0,0,0,0,0,0,0,0,0,0,0,0,0,0,0,133,0
novelMiR_99_1-3,hsa-mir-12165-4*,chr10,15173342,15173360,ctggtcaacatagcgagac,0,0,0,0,0,0,0,0,0,0,0,0,0,0,0,0,0,0,0,0,0,0,0,0,0,0,0,0,0,5
novelMiR_186_1,hsa-mir-12194*,chr10,43903196,43903214,gccgcgtgtcctcggagcg,0,0,0,0,0,0,0,0,0,0,6,0,0,0,0,0,0,0,11,0,0,0,0,0,0,0,0,0,0,21
novelMiR_254_1,hsa-mir-12307*,chr20,54606321,54606338,tgaggtagtagtttgtgt,0,0,0,0,0,0,0,0,0,0,0,0,0,0,7,0,0,0,0,0,0,0,0,12,0,0,0,0,0,0
novelMiR_255_1,hsa-mir-12196*,chr20,54780157,54780173,gcagggtcgggcctggt,0,20,0,0,22,54,0,0,52,42,0,0,0,12,0,38,0,0,0,0,0,0,24,32,0,0,0,14,564,0
novelMiR_7-11,hsa-mir-12412-24*,chr5,84538742,84538760,caaaaatcgcaattacttt,18,0,0,0,0,0,0,0,0,0,0,0,0,0,0,15,0,0,0,0,0,0,27,0,0,0,0,0,0,0
novelMiR_323_1-1,hsa-mir-12282-1*,chr7,32931434,32931451,gcgggcgggcgggcggcg,0,0,0,0,0,0,0,0,0,0,0,0,0,0,0,0,0,0,0,0,0,0,0,10,0,0,0,0,0,0
novelMiR_310_1,hsa-mir-12402*,chr7,72407888,72407907,aaagggatccaaggattgaa,0,0,0,0,0,0,0,0,0,0,0,0,0,0,0,0,0,0,0,0,0,0,0,6,0,0,0,0,0,0
novelMiR_310_1-1,hsa-mir-12402-1*,chr7,72705927,72705946,aaagggatccaaggattgaa,0,0,0,0,0,0,0,0,0,0,0,0,0,0,0,0,0,0,0,0,0,0,0,6,0,0,0,0,0,0
novelMiR_334_1,hsa-mir-12316*,chr9,74384349,74384366,accagaagagctgccctg,0,0,0,0,0,0,0,0,0,0,18,0,0,0,0,0,0,0,0,0,0,0,16,10,0,0,0,0,0,10
novelMiR_335_1,hsa-mir-12309*,chr9,74980090,74980107,cggagctgtgtgcatctc,0,0,0,0,0,0,0,0,0,0,0,0,0,0,0,0,0,0,0,30,0,0,0,0,0,0,0,0,0,18
novelMiR_265_1-2,hsa-mir-12428-1*,chrX,82178789,82178810,aaaagtaattgtggtttctgcc,0,24,0,0,0,0,0,0,0,0,0,0,16,36,0,34,0,0,0,0,0,0,0,36,0,0,0,0,0,0
novelMiR_342_1,hsa-mir-12440*,chrM,3429,3446,gtagtagcccgtaggggc,0,0,0,0,0,0,0,0,0,16,0,0,0,0,0,0,0,0,0,0,0,0,12,0,0,0,0,0,0,38
novelMiR_343_1,hsa-mir-12235*,chrM,16001,16024,cagagaatagtttaaattagaatc,0,24,0,0,0,0,0,21,0,63,0,0,0,0,111,0,0,0,36,27,0,0,0,0,0,0,0,0,0,48
novelMiR_6-3,hsa-mir-12185-17*,chr9,117010188,117010205,aaaagtaatcgcagtttt,0,208,48,0,240,120,0,64,0,588,0,0,132,128,308,356,0,200,40,384,0,0,348,552,0,0,0,40,132,280
novelMiR_353,hsa-mir-12168*,chrM,3429,3445,tagtagcccgtaggggc,0,0,0,0,0,0,0,0,0,0,0,0,0,0,13,0,0,0,0,0,0,0,0,0,0,0,0,0,0,0
novelMiR_151a,hsa-mir-12445*,chrM,14677,14699,cgtggttgtagtccgtgcgagaa,0,0,0,0,0,0,0,0,0,0,0,0,0,0,72,0,0,0,0,0,0,0,0,0,0,0,0,0,0,0
novelMiR_357,hsa-mir-12311*,chrX,20009039,20009062,gcggcggcggcggcggcggcgggg,0,0,0,0,0,0,0,0,10,18,0,0,0,0,18,0,0,0,0,0,0,0,16,0,0,0,0,0,0,0
novelMiR_355_1,hsa-mir-12397*,chrX,57936798,57936814,agggcggcggcggcggc,0,0,0,0,0,0,0,0,0,0,0,0,0,0,0,0,0,0,0,0,0,0,7,0,0,0,0,0,0,0
novelMiR_357_1,hsa-mir-12214*,chr7,26240327,26240348,tcccgtgcggaggtgctcctcg,0,0,0,0,0,0,0,0,0,0,0,0,0,0,0,0,0,0,0,30,0,0,0,0,0,0,0,0,0,0
novelMiR_358_1,hsa-mir-12220*,chr7,35770224,35770240,accagaccactagacct,0,0,0,0,0,0,0,0,0,14,0,0,0,0,0,12,0,0,0,18,0,0,0,0,0,0,0,0,0,0
novelMiR_6-7,hsa-mir-12185-18*,chr2,180912007,180912024,aaaagtaatcgcagtttt,188,104,24,0,120,60,0,32,60,294,42,0,66,64,152,178,0,100,20,192,0,0,174,276,0,0,0,20,66,140
novelMiR_7-9,hsa-mir-12412-25*,chr2,200273275,200273293,caaaaatcgcaattacttt,12,0,0,0,0,0,0,0,0,0,0,0,0,0,0,10,0,0,0,0,0,0,18,0,0,0,0,0,0,0
novelMiR_364,hsa-mir-12190*,chr2,232536441,232536462,gccggctggcagagtgaactgc,0,0,0,0,0,0,0,0,0,8,0,0,0,0,0,44,0,0,0,0,0,0,0,0,0,0,0,0,0,0
novelMiR_366,hsa-mir-12347*,chr20,26189013,26189034,gaggatggacgagaatcacgag,0,0,0,0,0,0,0,0,0,8,0,0,0,239,0,167,0,0,12,138,0,0,0,0,0,0,0,33,10,0
novelMiR_15-1,hsa-mir-12288-10*,chr20,32506340,32506361,aaaaactgtgattacttttgca,378,126,30,0,156,69,0,18,132,342,75,18,78,48,177,189,0,138,24,228,0,0,153,309,0,15,0,0,90,213
novelMiR_368,hsa-mir-12150*,chr20,44563652,44563670,gcggaggggccctagagcc,0,0,0,0,0,0,0,0,0,0,0,0,0,0,0,11,0,0,0,0,0,0,0,0,0,0,0,0,0,0
novelMiR_369,hsa-mir-12299*,chr20,52198080,52198100,tgacctcgccgcccctctgga,0,14,0,0,0,0,0,0,20,0,0,0,0,14,0,36,0,0,0,0,0,0,0,0,0,0,0,0,0,0
novelMiR_373,hsa-mir-12247*,chr22,32917966,32917984,gtaatggttagcactctgg,0,0,0,0,0,0,0,0,0,0,0,0,0,21,0,36,0,0,0,0,0,0,0,0,0,0,0,22,0,0
novelMiR_109-1,hsa-mir-12313-2*,chr22,37451368,37451384,tgtgagggcgatctggc,7,10,0,0,0,0,0,0,0,0,0,0,0,0,0,24,0,0,0,7,0,0,0,0,0,0,0,0,0,0
novelMiR_377,hsa-mir-12389*,chr22,41347026,41347043,ccgcctgagccagacctg,0,0,0,0,0,0,0,0,0,0,0,0,0,14,0,16,0,0,0,0,0,0,0,0,0,0,0,0,0,0
novelMiR_271-1,hsa-mir-12406-2*,chr22,42044099,42044120,tcccactgcttcacttgactag,1848,3388,240,24,1944,1012,0,456,2080,1548,1576,192,468,1280,1372,3052,0,1512,720,1836,148,24,1500,2420,60,1512,0,1000,912,5112
novelMiR_265_1-1,hsa-mir-12428-2*,chr3,65218620,65218641,aaaagtaattgtggtttctgcc,0,12,0,0,0,0,0,0,0,0,0,0,8,18,0,17,0,0,0,0,0,0,0,18,0,0,0,0,0,0
novelMiR_386,hsa-mir-12375*,chr3,115143092,115143113,aaagtgattgtggtttttgcca,0,0,0,0,0,0,0,0,0,0,0,0,0,0,0,5,0,0,0,0,0,0,0,0,0,0,0,0,0,0
novelMiR_282-1,hsa-mir-12380-2*,chr3,129116055,129116076,attggaagacactctgcgacag,1816,1048,208,58,994,0,42,214,672,2398,518,70,288,0,1396,1372,0,842,202,864,156,38,512,570,62,212,0,312,786,1432
novelMiR_389,hsa-mir-12281*,chr3,134502366,134502386,taccaccctgaacgcgcccga,0,373,0,0,0,1666,0,0,0,0,0,0,0,341,0,317,0,0,0,0,0,0,0,366,0,0,0,0,0,0
novelMiR_37-2,hsa-mir-12269-2*,chr3,147946893,147946910,cactagaatgtgagctcc,23,9,0,55,13,19,32,63,22,17,13,24,10,0,17,17,0,13,0,22,0,69,19,16,0,0,0,31,0,16
novelMiR_391,hsa-mir-12297*,chr3,148812190,148812207,agttacagatcgaactcc,0,0,0,0,0,18,0,0,0,0,0,0,0,0,0,9,0,0,0,0,0,0,0,0,0,14,0,0,0,0
novelMiR_392,hsa-mir-12209*,chr3,152917690,152917712,aggagttctgggctgtagtgcgc,0,0,0,0,0,0,0,0,0,0,0,0,0,143,0,52,0,0,0,0,0,0,0,23,0,0,0,0,0,0
novelMiR_81_1-9,hsa-mir-12345-13*,chr3,171080189,171080208,tgcaaaaataattgtggttt,0,8,0,0,0,5,0,0,0,0,0,0,8,0,7,14,0,0,0,9,0,0,7,10,0,0,0,0,0,6
novelMiR_389-1,hsa-mir-12281-1*,chr3,179879734,179879754,taccaccctgaacgcgcccga,0,373,0,0,0,1666,0,0,0,0,0,0,0,341,0,317,0,0,0,0,0,0,0,366,0,0,0,0,0,0
novelMiR_395,hsa-mir-12241*,chr3,195270107,195270124,gctggagctctaggccgg,0,0,0,0,0,0,0,0,0,0,0,0,0,0,0,17,0,0,0,0,0,0,0,6,0,0,0,0,0,0
novelMiR_396,hsa-mir-12264*,chr3,196159263,196159280,cggcggtaagatggctgc,0,0,0,0,0,0,0,0,0,0,0,0,0,0,0,10,0,0,0,0,0,0,0,0,0,0,0,0,0,0
novelMiR_397,hsa-mir-12154*,chr3,197476578,197476595,aggcgctcgcgaggaccg,0,0,0,0,0,0,0,0,0,0,0,0,0,0,0,7,0,0,0,18,0,0,0,0,0,0,0,0,0,0
novelMiR_398,hsa-mir-12360*,chr4,4922744,4922762,tgtcaccccattgatcgcc,0,0,0,0,0,0,0,0,0,0,0,0,0,0,0,28,0,0,0,0,0,0,0,0,0,0,0,0,0,0
novelMiR_403,hsa-mir-12286*,chr4,48271818,48271835,ggactccgcggcgcagac,0,0,0,0,0,0,0,0,0,0,0,0,0,32,0,21,0,0,0,0,0,0,0,0,0,0,0,0,0,0
novelMiR_404,hsa-mir-12312*,chr4,70296685,70296706,cacctgccgaatcaactagccc,0,0,0,0,0,0,0,0,0,39,0,0,0,0,0,40,0,0,0,0,0,0,0,0,0,0,0,0,0,0
novelMiR_405,hsa-mir-12333*,chr4,76862140,76862159,acccgggctccgacagcggc,0,6,0,0,0,0,0,0,0,0,0,0,0,7,0,5,0,0,0,0,0,0,0,0,0,0,0,0,0,0
novelMiR_120-1,hsa-mir-12151-1*,chr4,86594850,86594870,atgcttagatccccccactgg,17,0,0,0,0,0,0,0,0,12,0,0,0,0,0,11,0,0,0,0,0,0,0,0,0,0,0,0,0,0
novelMiR_407,hsa-mir-12277*,chr4,108910816,108910833,gagcgcgggcttgagacc,0,0,0,0,0,0,0,0,0,0,0,0,0,0,0,8,0,0,0,0,0,0,0,0,0,0,0,0,0,0
novelMiR_408,hsa-mir-12239*,chr4,113207031,113207050,gccccgggcgcgagaggacg,0,11,0,0,0,0,0,0,0,0,0,0,0,9,0,23,0,0,0,21,0,0,0,0,0,0,0,0,0,0
novelMiR_81_1-21,hsa-mir-12345-14*,chr4,122323794,122323813,tgcaaaaataattgtggttt,0,16,0,0,0,10,0,0,0,0,0,0,16,0,14,28,0,0,0,18,0,0,14,20,0,0,0,0,0,12
novelMiR_7-1,hsa-mir-12412-26*,chr4,125526004,125526022,caaaaatcgcaattacttt,12,0,0,0,0,0,0,0,0,0,0,0,0,0,0,10,0,0,0,0,0,0,18,0,0,0,0,0,0,0
novelMiR_81_1-2,hsa-mir-12345-15*,chr4,138149350,138149369,tgcaaaaataattgtggttt,0,16,0,0,0,10,0,0,0,0,0,0,16,0,14,28,0,0,0,18,0,0,14,20,0,0,0,0,0,12
novelMiR_81k,hsa-mir-12267-9*,chr4,166321861,166321883,ctcccactgcttcacttgactag,1179,3251,151,23,1325,614,34,307,1392,978,1107,141,357,1402,719,2707,0,942,425,1177,113,45,1031,1860,46,996,0,1057,680,3787
novelMiR_255_1-1,hsa-mir-12196-1*,chr4,178378311,178378327,gcagggtcgggcctggt,0,0,0,0,15,0,0,0,0,28,0,0,0,0,0,23,0,0,0,0,0,0,15,0,0,0,0,0,424,0
novelMiR_80a,hsa-mir-12187*,chr5,69697361,69697380,cggccgcgggcggagctgcc,0,0,0,0,0,0,0,0,0,0,0,0,0,0,0,21,0,0,0,0,0,0,0,0,0,0,0,0,0,0
novelMiR_81_1-6,hsa-mir-12345-16*,chr5,77444560,77444579,tgcaaaaataattgtggttt,0,24,0,0,0,15,0,0,0,0,0,0,24,0,21,42,0,0,0,27,0,0,21,30,0,0,0,0,0,18
novelMiR_398-3,hsa-mir-12355*,chr5,109035484,109035506,tgtcaccccattgatcgccaggg,0,0,0,0,0,0,0,0,0,0,0,0,0,13,0,83,0,0,0,0,0,0,0,0,0,0,0,0,0,0
novelMiR_398-1,hsa-mir-12360-1*,chr5,124686777,124686795,tgtcaccccattgatcgcc,0,0,0,0,0,0,0,0,0,0,0,0,0,0,0,10,0,0,0,0,0,0,0,0,0,0,0,0,0,0
novelMiR_422,hsa-mir-12433*,chr5,132093253,132093272,tcaaggagctcacagtctag,0,18,0,0,0,0,0,0,0,0,0,13,0,34,67,45,0,37,0,0,0,0,0,0,0,0,0,18,0,0
novelMiR_424,hsa-mir-12265*,chr5,156924098,156924118,tcctctcattccttggctcag,0,0,0,0,0,0,0,0,0,0,0,0,0,0,0,7,0,0,0,0,0,0,0,0,0,0,0,0,0,0
novelMiR_306-3,hsa-mir-12357-2*,chr5,180529303,180529325,gtttccgtagtgtagtggttatc,0,284,0,0,0,0,36,158,0,459,0,0,310,105,797,197,0,0,0,178,0,32,341,626,0,0,0,249,363,0
novelMiR_397a,hsa-mir-12284*,chr6,11232870,11232888,aggcgctgcgactgacaag,0,11,0,0,0,0,0,0,0,0,0,0,0,24,0,43,0,0,0,23,0,0,0,0,0,0,0,14,0,0
novelMiR_237-1,hsa-mir-12437-1*,chr6,27521251,27521273,gtagtcgtggccgagtggttaag,45,318,0,0,0,100,0,20,500,124,0,22,94,44,168,220,0,0,42,146,0,0,0,154,0,0,0,302,398,90
novelMiR_434,hsa-mir-12215*,chr6,41701291,41701311,cccggagagctgggagccaga,0,0,0,0,0,11,0,0,0,0,0,0,0,0,0,21,0,0,0,0,0,0,0,0,0,0,0,0,0,0
novelMiR_81_1-10,hsa-mir-12345-17*,chr6,80536564,80536583,tgcaaaaataattgtggttt,0,8,0,0,0,5,0,0,0,0,0,0,8,0,7,14,0,0,0,9,0,0,7,10,0,0,0,0,0,6
novelMiR_7-27,hsa-mir-12412-27*,chr6,91216772,91216790,caaaaatcgcaattacttt,12,0,0,0,0,0,0,0,0,0,0,0,0,0,0,10,0,0,0,0,0,0,18,0,0,0,0,0,0,0
novelMiR_440,hsa-mir-12222*,chr6,143770781,143770802,tccattataatcttataggacc,0,0,0,0,0,0,0,0,0,0,0,0,0,0,0,6,0,0,0,0,0,0,0,0,0,0,0,0,0,0
novelMiR_6-19,hsa-mir-12185-19*,chr6,148845341,148845358,aaaagtaatcgcagtttt,188,104,24,0,120,60,0,32,60,294,42,0,66,64,152,178,0,100,20,192,0,0,174,276,0,0,0,20,66,140
novelMiR_446,hsa-mir-12448*,chr7,26240346,26240366,agtagcagcagcgccgggtcc,0,0,0,0,0,0,0,0,0,0,0,0,0,20,0,18,0,0,0,0,0,0,0,0,0,0,0,0,0,0
novelMiR_448,hsa-mir-12404*,chr7,63924047,63924063,ccttttcaggcagggct,0,0,0,0,0,0,0,0,0,0,0,0,0,0,0,9,0,0,0,0,0,0,0,0,0,0,0,0,0,0
novelMiR_450,hsa-mir-12336*,chr7,74459145,74459165,gcaagaaagtgagactctgcc,0,0,0,0,0,0,0,0,0,0,0,0,0,0,14,16,0,0,0,0,0,0,0,0,0,0,0,0,0,0
novelMiR_452,hsa-mir-12405*,chr7,84569554,84569572,ctctgcgtgcgccggaggc,0,0,0,0,0,0,0,0,0,0,0,0,0,0,0,14,0,0,0,0,0,0,0,0,0,0,0,0,0,0
novelMiR_453,hsa-mir-12321*,chr7,92237935,92237954,aaaagagatgcggtagcagc,0,0,0,0,0,0,0,0,0,0,0,0,0,0,0,5,0,0,0,0,0,0,0,0,0,0,0,0,0,0
novelMiR_37b,hsa-mir-12173*,chr7,96611485,96611502,cactagattgtgagttcc,0,0,0,0,0,0,0,0,10,0,0,0,0,0,18,10,0,0,0,12,0,0,0,0,0,0,0,0,0,0
novelMiR_460,hsa-mir-12244*,chr8,42698200,42698220,cgcctacggctgcaagaaccg,0,0,0,0,0,0,0,0,0,0,0,0,0,0,0,12,0,0,0,0,0,0,0,0,0,0,0,0,0,0
novelMiR_461,hsa-mir-12208*,chr8,48173340,48173359,gccccgcggagagtcgagct,0,0,0,0,0,0,0,0,0,0,0,0,0,0,0,13,0,0,0,0,0,0,0,0,0,0,0,0,0,0
novelMiR_7-19,hsa-mir-12412-28*,chr8,49851420,49851438,caaaaatcgcaattacttt,18,0,0,0,0,0,0,0,0,0,0,0,0,0,0,15,0,0,0,0,0,0,27,0,0,0,0,0,0,0
novelMiR_7-12,hsa-mir-12412-29*,chr8,67042002,67042020,caaaaatcgcaattacttt,12,0,0,0,0,0,0,0,0,0,0,0,0,0,0,10,0,0,0,0,0,0,18,0,0,0,0,0,0,0
novelMiR_134_1-2,hsa-mir-12383-1*,chr8,82434630,82434648,gagagtcgtcggggtttcc,0,0,0,0,0,0,0,0,0,22,11,0,0,0,0,16,0,7,7,25,0,0,0,8,0,0,0,0,7,10
novelMiR_389-2,hsa-mir-12281-2*,chr8,93179747,93179767,taccaccctgaacgcgcccga,0,373,0,0,0,1666,0,0,0,0,0,0,0,341,0,317,0,0,0,0,0,0,0,366,0,0,0,0,0,0
novelMiR_466,hsa-mir-12211*,chr8,102550180,102550196,tagacacaagggtttgt,0,0,0,0,0,0,0,0,0,0,0,0,0,0,28,14,0,0,0,36,0,0,0,0,0,0,0,0,0,0
novelMiR_7-36,hsa-mir-12412-30*,chr8,122199044,122199062,caaaaatcgcaattacttt,12,0,0,0,0,0,0,0,0,0,0,0,0,0,0,10,0,0,0,0,0,0,18,0,0,0,0,0,0,0
novelMiR_469,hsa-mir-12441*,chr8,134573604,134573620,tctcagtggaacctcca,0,0,0,0,0,0,0,0,0,0,0,0,0,0,0,8,0,5,0,0,0,0,0,0,0,0,0,13,0,0
novelMiR_255_1-2,hsa-mir-12196-2*,chr8,139815650,139815666,gcagggtcgggcctggt,0,0,0,0,15,0,0,0,0,0,0,0,0,0,0,23,0,0,0,0,0,0,0,0,0,0,0,0,0,0
novelMiR_471,hsa-mir-12365*,chr9,7478344,7478362,gcagccgggctgagaggag,0,0,0,0,0,0,0,0,0,0,0,0,0,0,0,8,0,0,0,0,0,0,0,0,0,0,0,0,0,0
novelMiR_472,hsa-mir-12423*,chr9,35657999,35658015,ggttcgtgctgaaggcc,0,7,0,0,12,0,0,0,15,0,0,0,0,0,0,9,0,0,0,0,0,0,0,0,0,0,0,0,0,0
novelMiR_474,hsa-mir-12394*,chr9,37326497,37326517,atagaaagctgtgtagactgc,0,0,0,0,0,0,0,0,0,0,0,0,0,0,0,10,0,0,0,0,0,0,0,0,0,0,0,0,0,0
novelMiR_479,hsa-mir-12169*,chr9,125872481,125872501,taggacttgcttctcagcggc,0,0,0,0,0,0,0,0,0,0,0,0,0,0,0,16,0,0,0,0,0,0,0,0,0,0,0,0,0,0
novelMiR_481,hsa-mir-12226*,chr9,131102416,131102434,gcaatggatagcgcattgg,0,0,0,0,0,0,0,0,0,0,0,0,0,36,0,53,0,0,0,0,0,0,0,0,0,0,0,0,0,0
novelMiR_482,hsa-mir-12180*,chrX,15671958,15671975,actggctgctctgaaaag,0,0,0,0,0,0,0,0,0,0,0,0,0,0,0,10,0,0,0,0,0,0,0,0,0,0,0,0,0,0
novelMiR_124-1,hsa-mir-12356*,chrX,20630309,20630329,tggtggtctagtggttaggat,0,0,0,0,0,0,0,0,0,0,0,0,0,0,0,19,0,0,0,0,0,0,0,0,0,0,0,0,0,0
novelMiR_485,hsa-mir-12250*,chrX,23502797,23502815,tgtagtatctgttcttatc,0,0,0,0,0,0,0,0,0,0,0,0,0,0,0,15,0,0,0,0,0,0,0,0,0,0,0,0,0,0
novelMiR_398-2,hsa-mir-12360-2*,chrX,136723283,136723301,tgtcaccccattgatcgcc,0,0,0,0,0,0,0,0,0,0,0,0,0,0,0,14,0,0,0,0,0,0,0,0,0,0,0,0,0,0
novelMiR_360_1,hsa-mir-12447*,chr7,72300695,72300715,aaactgctagggctactgaga,0,0,0,0,0,0,0,0,0,0,0,0,0,0,0,0,0,0,0,8,0,0,0,0,0,0,0,0,0,0
novelMiR_361_1,hsa-mir-12240*,chr7,74267334,74267355,cccgtcgtacgtggggcgctcg,0,0,0,0,0,0,0,0,0,0,0,0,0,0,0,0,0,0,0,15,0,0,0,0,0,0,0,0,0,0
novelMiR_365_1,hsa-mir-12386*,chr7,140086580,140086602,ggaataccgggtgctgtaggctt,0,0,0,0,0,0,0,531,0,4092,0,0,0,0,0,0,0,0,0,9314,0,0,0,0,0,0,0,0,0,0
novelMiR_134_1-1,hsa-mir-12383-2*,chr8,82434630,82434648,gagagtcgtcggggtttcc,0,0,0,0,0,0,0,0,0,22,11,0,0,0,0,16,0,7,7,25,0,0,0,8,0,0,0,0,7,10
novelMiR_229_1a,hsa-mir-12442*,chr9,35710713,35710734,gccctggggttctgaggacatg,0,0,0,0,0,0,0,0,0,0,0,0,0,0,0,0,0,0,0,25,0,0,0,0,0,0,0,0,0,0
novelMiR_81_1-4,hsa-mir-12345-18*,chr9,119155921,119155940,tgcaaaaataattgtggttt,0,32,0,0,0,20,0,0,0,0,0,0,32,0,28,56,0,0,0,36,0,0,28,40,0,0,0,0,0,24
novelMiR_383_1,hsa-mir-12352*,chrX,5441178,5441197,caacaaagtgagactctgcc,0,0,0,0,0,0,0,0,0,0,0,0,0,0,0,0,0,0,0,11,0,0,0,0,0,0,0,0,0,0
