,New name assigned to novel miRNAs,chr,chr_start,chr_end,miRNA_sequence,CL152_NS_Run18_0815,CL172_NS_Run18_0815,CL187_NS_Run18_0815,CL183,CL53_NS_Run18_0815,CL50_NS_Run18_0815,CL191,CL244,CL162_NS_Run18_0815,CL240_NS_Run18_0815,CL164_NS_Run18_0815,CL228,CL154_NS_Run18_0815,Male-Ctrl_NS_Run18_0815,CL203_NS_Run18_0815,Female-Ctrl_NS_Run18_0815,CL236,CL146_NS_Run18_0815,CL196_NS_Run18_0815,CL214_NS_Run18_0815,CL219_NS_Run18_0815,CL176,CL41_NS_Run18_0815,CL56_NS_Run18_0815,CL167,CL105_NS_Run18_0815,CL253,CL213,CL85_NS_Run18_0815,CL156_NS_Run18_0815
hsa-mir-30c-1,-,chr1,41222972.0,41222994.0,tgtaaacatcctacactctcagc,9012.0,8367.0,1026.0,256.0,8518.0,9488.0,208.0,1629.0,7855.0,10996.0,5523.0,963.0,5258.0,5045.0,8409.0,15510.0,9.0,7873.0,1927.0,9484.0,393.0,226.0,7288.0,10503.0,338.0,2018.0,23.0,4391.0,2535.0,5505.0
hsa-mir-197,-,chr1,110141562.0,110141582.0,ttcaccaccttctccacccag,1426.0,0.0,315.0,0.0,1056.0,0.0,16.0,0.0,1204.0,1474.0,0.0,0.0,0.0,0.0,0.0,0.0,0.0,0.0,0.0,2265.0,0.0,21.0,1755.0,0.0,0.0,0.0,0.0,0.0,0.0,1044.0
hsa-mir-92b,-,chr1,155165028.0,155165046.0,tattgcactcgtcccggcc,695.0,389.0,137.0,64.0,562.0,272.0,0.0,0.0,194.0,485.0,282.0,0.0,332.0,0.0,254.0,0.0,0.0,300.0,71.0,340.0,0.0,17.0,712.0,720.0,67.0,242.0,0.0,164.0,99.0,351.0
hsa-mir-146b,-,chr10,104196277.0,104196297.0,tgagaactgaattccataggc,25815.0,27947.0,0.0,120.0,19169.0,2288.0,0.0,0.0,10818.0,9511.0,0.0,3089.0,0.0,0.0,8397.0,0.0,0.0,9342.0,3412.0,26354.0,233.0,168.0,36625.0,0.0,396.0,3724.0,0.0,0.0,2471.0,4010.0
hsa-mir-21,-,chr17,57918634.0,57918655.0,tagcttatcagactgatgttga,226214.0,174927.0,47307.0,11739.0,103058.0,89588.0,8249.0,26245.0,95471.0,203767.0,79554.0,21800.0,0.0,0.0,151069.0,0.0,0.0,199505.0,0.0,220515.0,14328.0,11486.0,95218.0,182885.0,9491.0,0.0,0.0,45608.0,46065.0,102810.0
hsa-mir-128-1,-,chr2,136423016.0,136423033.0,tcacagtgaaccggtctc,1725.0,0.0,344.0,0.0,1489.0,0.0,0.0,0.0,923.0,0.0,0.0,0.0,0.0,0.0,0.0,0.0,0.0,0.0,0.0,1233.0,0.0,0.0,1592.0,0.0,75.0,322.0,24.0,0.0,276.0,0.0
hsa-mir-155,-,chr21,26946295.0,26946316.0,ttaatgctaatcgtgatagggg,63685.0,10267.0,6600.0,1211.0,26121.0,33262.0,561.0,6550.0,54549.0,50916.0,28154.0,1781.0,19654.0,3420.0,31790.0,9401.0,0.0,32854.0,5511.0,71654.0,1749.0,625.0,26257.0,84661.0,1234.0,3089.0,161.0,5526.0,18190.0,43285.0
hsa-mir-155*,-,chr21,26946295.0,26946316.0,ttaatgctaatcgtgatagggg,63685.0,10267.0,6600.0,1211.0,26121.0,33262.0,561.0,6550.0,54549.0,50916.0,28154.0,1781.0,19654.0,3420.0,31790.0,9401.0,0.0,32854.0,5511.0,71654.0,1749.0,625.0,26257.0,84661.0,1234.0,3089.0,161.0,5526.0,18190.0,43285.0
hsa-mir-128-2,-,chr3,35786019.0,35786036.0,tcacagtgaaccggtctc,1725.0,0.0,344.0,0.0,1489.0,0.0,0.0,0.0,923.0,0.0,0.0,0.0,0.0,0.0,0.0,0.0,0.0,0.0,0.0,1233.0,0.0,0.0,1592.0,0.0,75.0,322.0,24.0,0.0,276.0,0.0
hsa-mir-576,-,chr4,110409869.0,110409887.0,attctaatttctccacgtc,92.0,0.0,37.0,0.0,86.0,112.0,5.0,0.0,117.0,0.0,0.0,19.0,61.0,0.0,255.0,0.0,0.0,77.0,64.0,167.0,16.0,0.0,141.0,168.0,0.0,67.0,0.0,0.0,38.0,90.0
hsa-mir-143,-,chr5,148808541.0,148808559.0,tgagatgaagcactgtagc,10939.0,8119.0,1108.0,32.0,795.0,3100.0,0.0,0.0,0.0,0.0,4628.0,0.0,13377.0,0.0,0.0,0.0,0.0,3301.0,1897.0,0.0,0.0,131.0,2995.0,0.0,67.0,3862.0,0.0,4258.0,450.0,5161.0
hsa-mir-1271,-,chr5,175794963.0,175794984.0,cttggcacctagcaagcactca,19.0,18.0,0.0,0.0,39.0,0.0,0.0,0.0,117.0,23.0,52.0,0.0,0.0,0.0,63.0,0.0,0.0,45.0,23.0,58.0,0.0,0.0,66.0,113.0,0.0,13.0,0.0,11.0,0.0,58.0
hsa-mir-335,-,chr7,130135967.0,130135986.0,tcaagagcaataacgaaaaa,538.0,261.0,0.0,0.0,358.0,503.0,16.0,288.0,183.0,481.0,344.0,0.0,0.0,0.0,936.0,0.0,0.0,384.0,0.0,0.0,0.0,16.0,278.0,0.0,0.0,0.0,0.0,101.0,154.0,501.0
hsa-mir-671,-,chr7,150935574.0,150935594.0,tccggttctcagggctccacc,167.0,122.0,34.0,7.0,196.0,163.0,8.0,31.0,226.0,218.0,105.0,28.0,160.0,265.0,115.0,371.0,0.0,218.0,44.0,243.0,25.0,10.0,273.0,365.0,0.0,22.0,0.0,128.0,69.0,142.0
hsa-mir-23b,-,chr9,97847547.0,97847563.0,atcacattgccagggat,1712.0,1006.0,567.0,0.0,1322.0,0.0,33.0,0.0,743.0,1012.0,0.0,278.0,0.0,0.0,1904.0,0.0,0.0,845.0,494.0,1965.0,109.0,51.0,1305.0,0.0,98.0,529.0,0.0,0.0,323.0,1073.0
hsa-mir-1295a,-,chr1,171070879.0,171070899.0,ttaggccgcagatctgggtga,149.0,66.0,25.0,8.0,122.0,313.0,0.0,19.0,208.0,140.0,134.0,6.0,29.0,0.0,286.0,6.0,0.0,164.0,12.0,231.0,10.0,0.0,149.0,230.0,6.0,25.0,0.0,36.0,95.0,214.0
hsa-mir-29b-2,-,chr1,207975796.0,207975817.0,tagcaccatttgaaatcagtgt,4395.0,1706.0,420.0,51.0,2692.0,0.0,0.0,0.0,0.0,2818.0,1179.0,0.0,820.0,0.0,3684.0,0.0,0.0,1729.0,1367.0,3999.0,106.0,0.0,0.0,0.0,82.0,0.0,0.0,0.0,753.0,4070.0
hsa-mir-144,-,chr17,27188567.0,27188585.0,tacagtatagatgatgtac,24.0,313.0,36.0,0.0,9707.0,39.0,0.0,0.0,0.0,13.0,106.0,43.0,0.0,0.0,514.0,0.0,0.0,0.0,51.0,1542.0,21.0,36.0,0.0,0.0,33.0,7578.0,0.0,0.0,0.0,24.0
hsa-mir-23a,-,chr19,13947413.0,13947429.0,atcacattgccagggat,1712.0,0.0,567.0,0.0,1322.0,0.0,0.0,0.0,743.0,1012.0,0.0,278.0,0.0,0.0,1904.0,0.0,0.0,0.0,494.0,1965.0,109.0,0.0,1305.0,0.0,98.0,529.0,0.0,0.0,323.0,1073.0
hsa-mir-30c-2,-,chr6,72086706.0,72086728.0,tgtaaacatcctacactctcagc,9012.0,8367.0,1026.0,256.0,8518.0,9488.0,208.0,1629.0,7855.0,10996.0,5523.0,963.0,5258.0,5045.0,8409.0,15510.0,9.0,7873.0,1927.0,9484.0,393.0,226.0,7288.0,10503.0,338.0,2018.0,23.0,4391.0,2535.0,5506.0
hsa-mir-106b,-,chr7,99691667.0,99691686.0,taaagtgctgacagtgcaga,2205.0,0.0,347.0,0.0,2227.0,1067.0,0.0,0.0,1294.0,1783.0,706.0,293.0,1000.0,0.0,1834.0,0.0,0.0,1005.0,0.0,2186.0,130.0,50.0,0.0,0.0,57.0,718.0,0.0,0.0,0.0,1426.0
hsa-mir-29a,-,chr7,130561509.0,130561528.0,tagcaccatctgaaatcggt,68384.0,0.0,0.0,1461.0,0.0,39727.0,0.0,6691.0,0.0,59037.0,0.0,0.0,0.0,0.0,79114.0,0.0,32.0,0.0,0.0,83536.0,2139.0,1429.0,0.0,0.0,0.0,12279.0,132.0,0.0,0.0,0.0
hsa-mir-29b-1,-,chr7,130562227.0,130562248.0,tagcaccatttgaaatcagtgt,4395.0,1706.0,420.0,51.0,2692.0,0.0,0.0,0.0,0.0,2818.0,1180.0,0.0,820.0,0.0,3683.0,0.0,0.0,1729.0,1367.0,3999.0,106.0,0.0,0.0,0.0,82.0,0.0,0.0,0.0,753.0,4070.0
hsa-mir-486,-,chr8,41518002.0,41518023.0,tcctgtactgagctgccccgag,53248.0,29744.0,6225.0,722.0,302717.0,23429.0,768.0,6402.0,29495.0,25511.0,15858.0,8524.0,24599.0,62820.0,40761.0,46945.0,14.0,20522.0,13873.0,78479.0,2092.0,1416.0,38629.0,68060.0,1345.0,95582.0,71.0,17566.0,9512.0,17644.0
hsa-mir-486*,-,chr8,41518002.0,41518023.0,tcctgtactgagctgccccgag,53248.0,29744.0,6225.0,722.0,302717.0,23429.0,768.0,6402.0,29495.0,25511.0,15858.0,8524.0,24599.0,62820.0,40761.0,46945.0,14.0,20522.0,13873.0,78479.0,2092.0,1416.0,38629.0,68060.0,1345.0,95582.0,71.0,17566.0,9512.0,17644.0
hsa-mir-221,-,chrX,45605610.0,45605630.0,agctacattgtctgctgggtt,5068.0,0.0,0.0,172.0,5100.0,2020.0,172.0,953.0,0.0,6274.0,4427.0,0.0,5552.0,0.0,0.0,0.0,0.0,4697.0,0.0,7654.0,0.0,0.0,4487.0,11115.0,0.0,0.0,0.0,0.0,0.0,7361.0
hsa-mir-222,-,chrX,45606443.0,45606462.0,agctacatctggctactggg,1090.0,0.0,361.0,0.0,0.0,0.0,0.0,0.0,1812.0,0.0,0.0,312.0,0.0,0.0,0.0,0.0,0.0,0.0,789.0,0.0,0.0,0.0,0.0,0.0,0.0,376.0,0.0,0.0,0.0,0.0
hsa-let-7d,-,chr9,96941123.0,96941145.0,agaggtagtaggttgcatagtt,4620.0,3646.0,793.0,76.0,5709.0,2325.0,63.0,498.0,3648.0,4030.0,2527.0,594.0,2801.0,5236.0,4070.0,6657.0,0.0,4097.0,1230.0,3996.0,305.0,77.0,4265.0,6809.0,150.0,820.0,8.0,1998.0,1565.0,3522.0
hsa-let-7e,-,chr19,52196046.0,52196068.0,tgaggtaggaggttgtatagtt,58.0,252.0,27.0,0.0,48.0,13.0,10.0,29.0,31.0,56.0,25.0,81.0,178.0,1267.0,86.0,588.0,0.0,152.0,27.0,96.0,5.0,6.0,141.0,378.0,7.0,12.0,0.0,63.0,11.0,17.0
hsa-mir-1295a_1,-,chr1,171070879.0,171070899.0,ttaggccgcagatctgggtga,149.0,66.0,25.0,8.0,122.0,313.0,0.0,19.0,208.0,140.0,134.0,6.0,29.0,0.0,286.0,6.0,0.0,164.0,12.0,231.0,10.0,0.0,149.0,230.0,6.0,25.0,0.0,36.0,95.0,214.0
hsa-mir-26a-2_1,-,chr12,58218403.0,58218424.0,cctattcttgattacttgtttc,79.0,63.0,18.0,8.0,80.0,80.0,6.0,10.0,45.0,94.0,45.0,16.0,29.0,8.0,236.0,43.0,0.0,91.0,58.0,128.0,12.0,8.0,61.0,81.0,8.0,25.0,0.0,11.0,26.0,79.0
hsa-mir-30a_1,-,chr6,72113298.0,72113319.0,tgtaaacatcctcgactggaag,101.0,0.0,0.0,0.0,69.0,117.0,7.0,51.0,203.0,121.0,95.0,0.0,0.0,0.0,272.0,0.0,0.0,263.0,88.0,0.0,17.0,10.0,0.0,0.0,24.0,33.0,0.0,92.0,94.0,80.0
hsa-mir-411_1,-,chr14,101489677.0,101489698.0,tagtagaccgtatagcgtacg,45.0,0.0,27.0,10.0,17.0,0.0,0.0,38.0,31.0,15.0,21.0,106.0,49.0,0.0,0.0,0.0,0.0,122.0,14.0,157.0,20.0,5.0,148.0,115.0,5.0,16.0,0.0,256.0,0.0,9.0
hsa-mir-423_1,-,chr17,28444149.0,28444172.0,agctcggtctgaggcccctcagt,6698.0,7157.0,1221.0,194.0,9536.0,6020.0,115.0,1163.0,7425.0,10303.0,6337.0,694.0,6661.0,9021.0,6678.0,19317.0,5.0,8035.0,1826.0,7043.0,671.0,218.0,9808.0,9927.0,420.0,1618.0,16.0,6575.0,2572.0,7978.0
hsa-mir-4524a_1,-,chr17,67095711.0,67095732.0,tgagacaggcttatgctgctat,181.0,11.0,51.0,0.0,80.0,48.0,0.0,0.0,33.0,97.0,39.0,10.0,8.0,0.0,94.0,0.0,0.0,44.0,9.0,92.0,6.0,0.0,52.0,94.0,5.0,8.0,0.0,8.0,39.0,69.0
hsa-mir-625_1,-,chr14,65937871.0,65937893.0,gactatagaactttccccctca,98.0,60.0,14.0,0.0,139.0,87.0,0.0,17.0,166.0,119.0,56.0,24.0,35.0,204.0,49.0,476.0,0.0,134.0,24.0,65.0,17.0,0.0,130.0,238.0,0.0,22.0,0.0,56.0,19.0,109.0
hsa-mir-671_1,-,chr7,150935574.0,150935595.0,tccggttctcagggctccacc,167.0,122.0,34.0,7.0,196.0,163.0,8.0,31.0,226.0,218.0,105.0,28.0,160.0,265.0,115.0,371.0,0.0,218.0,44.0,243.0,25.0,10.0,273.0,365.0,0.0,22.0,0.0,128.0,69.0,142.0
hsa-mir-873,-,chr9,28888923.0,28888943.0,gcaggaacttgtgagtctcct,55.0,147.0,100.0,0.0,33.0,35.0,6.0,67.0,15.0,68.0,25.0,13.0,144.0,0.0,59.0,5.0,0.0,382.0,55.0,251.0,0.0,0.0,92.0,94.0,26.0,5.0,0.0,131.0,0.0,10.0
hsa-mir-98,-,chrX,53583260.0,53583281.0,tgaggtagtaagttgtattgtt,7630.0,3148.0,1220.0,162.0,5864.0,2083.0,162.0,717.0,2010.0,3869.0,3208.0,796.0,3282.0,6429.0,3082.0,5614.0,0.0,4656.0,791.0,5048.0,321.0,110.0,5153.0,7790.0,156.0,689.0,6.0,1552.0,1875.0,3504.0
hsa-mir-99b,-,chr19,52195871.0,52195893.0,cacccgtagaaccgaccttgcg,57.0,0.0,25.0,10.0,123.0,39.0,9.0,26.0,197.0,94.0,106.0,234.0,0.0,0.0,0.0,0.0,0.0,269.0,54.0,357.0,8.0,0.0,0.0,541.0,24.0,36.0,0.0,140.0,9.0,40.0
hsa-miR-486_1,-,chr8,41517962.0,41517983.0,tcctgtactgagctgccccgag,53102.0,29689.0,6215.0,732.0,302197.0,23385.0,778.0,6403.0,29449.0,25444.0,15831.0,8518.0,24575.0,62738.0,40653.0,46855.0,14.0,20489.0,13843.0,78293.0,2091.0,1444.0,38581.0,67943.0,1347.0,95410.0,72.0,17557.0,9494.0,17604.0
hsa-miR-574_2,-,chr13,91746876.0,91746895.0,tgagtgtgtgtgtgtgagtg,75.0,0.0,0.0,0.0,40.0,48.0,0.0,5.0,31.0,39.0,0.0,0.0,41.0,0.0,26.0,0.0,0.0,26.0,17.0,0.0,0.0,0.0,48.0,65.0,0.0,7.0,0.0,0.0,26.0,54.0
hsa-miR-574_3,-,chr2,45878209.0,45878228.0,tgagtgtgtgtgtgtgagtg,75.0,0.0,0.0,0.0,40.0,48.0,0.0,5.0,31.0,39.0,0.0,0.0,41.0,0.0,26.0,0.0,0.0,26.0,17.0,0.0,0.0,0.0,48.0,65.0,0.0,7.0,0.0,0.0,26.0,54.0
hsa-miR-339_2,-,chr20,611418.0,611437.0,tccctgtcctccaggagctc,247.0,408.0,69.0,16.0,121.0,115.0,0.0,0.0,137.0,162.0,149.0,96.0,0.0,0.0,312.0,0.0,0.0,176.0,241.0,177.0,12.0,17.0,253.0,0.0,13.0,108.0,0.0,0.0,49.0,234.0
hsa-miR-574_4,-,chr4,26969859.0,26969878.0,tgagtgtgtgtgtgtgagtg,75.0,0.0,0.0,0.0,39.0,48.0,0.0,5.0,31.0,38.0,0.0,0.0,41.0,0.0,26.0,0.0,0.0,26.0,17.0,0.0,0.0,0.0,48.0,65.0,0.0,7.0,0.0,0.0,26.0,54.0
hsa-miR-574_5,-,chr13,91746876.0,91746895.0,tgagtgtgtgtgtgtgagtg,75.0,0.0,0.0,0.0,40.0,48.0,0.0,5.0,31.0,39.0,0.0,0.0,41.0,0.0,26.0,0.0,0.0,26.0,17.0,0.0,0.0,0.0,48.0,65.0,0.0,7.0,0.0,0.0,26.0,54.0
hsa-miR-574_6,-,chr2,45878209.0,45878228.0,tgagtgtgtgtgtgtgagtg,75.0,0.0,0.0,0.0,40.0,48.0,0.0,5.0,31.0,39.0,0.0,0.0,41.0,0.0,26.0,0.0,0.0,26.0,17.0,0.0,0.0,0.0,48.0,65.0,0.0,7.0,0.0,0.0,26.0,54.0
hsa-miR-574_7,-,chr2,45878209.0,45878228.0,tgagtgtgtgtgtgtgagtg,75.0,0.0,0.0,0.0,40.0,48.0,0.0,5.0,31.0,39.0,0.0,0.0,41.0,0.0,26.0,0.0,0.0,26.0,17.0,0.0,0.0,0.0,48.0,65.0,0.0,7.0,0.0,0.0,26.0,54.0
hsa-miR-339_3,-,chr20,611418.0,611437.0,tccctgtcctccaggagctc,247.0,408.0,69.0,16.0,121.0,115.0,0.0,0.0,137.0,162.0,149.0,96.0,0.0,0.0,312.0,0.0,0.0,176.0,241.0,177.0,12.0,17.0,253.0,0.0,13.0,108.0,0.0,0.0,49.0,234.0
hsa-miR-574_8,-,chr4,26969859.0,26969878.0,tgagtgtgtgtgtgtgagtg,75.0,0.0,0.0,0.0,39.0,48.0,0.0,5.0,31.0,38.0,0.0,0.0,41.0,0.0,26.0,0.0,0.0,26.0,17.0,0.0,0.0,0.0,48.0,65.0,0.0,7.0,0.0,0.0,26.0,54.0
hsa-miR-486_2,-,chr8,41517962.0,41517983.0,tcctgtactgagctgccccgag,53102.0,29689.0,6215.0,732.0,302197.0,23385.0,778.0,6403.0,29449.0,25444.0,15831.0,8518.0,24575.0,62738.0,40653.0,46855.0,14.0,20489.0,13843.0,78293.0,2091.0,1444.0,38581.0,67943.0,1347.0,95410.0,72.0,17557.0,9494.0,17604.0
hsa-miR-574_9,-,chr13,91746876.0,91746895.0,tgagtgtgtgtgtgtgagtg,75.0,0.0,0.0,0.0,40.0,48.0,0.0,5.0,31.0,39.0,0.0,0.0,41.0,0.0,26.0,0.0,0.0,26.0,17.0,0.0,0.0,0.0,48.0,65.0,0.0,7.0,0.0,0.0,26.0,54.0
novelMiR_43,hsa-mir-12144*,chr12,96429830.0,96429846.0,ctgtcacgcgggagacc,1130.0,0.0,520.0,36.0,0.0,0.0,16.0,74.0,620.0,462.0,444.0,182.0,0.0,0.0,0.0,0.0,0.0,0.0,0.0,0.0,48.0,0.0,0.0,0.0,16.0,0.0,0.0,0.0,0.0,556.0
novelMiR_45,hsa-mir-12141*,chr13,21186379.0,21186402.0,aaatggatttttggagcagggaga,140.0,134.0,0.0,0.0,0.0,152.0,0.0,18.0,0.0,44.0,0.0,0.0,152.0,0.0,132.0,0.0,0.0,0.0,256.0,0.0,0.0,0.0,0.0,0.0,0.0,156.0,0.0,0.0,0.0,276.0
novelMiR_60,hsa-mir-12145*,chr15,83424761.0,83424780.0,aaggtagatagaacaggtct,2145.0,1587.0,0.0,57.0,1683.0,0.0,0.0,0.0,0.0,0.0,603.0,0.0,0.0,0.0,1353.0,0.0,0.0,0.0,507.0,1971.0,147.0,0.0,0.0,0.0,0.0,0.0,0.0,0.0,768.0,1197.0
novelMiR_204_2,hsa-mir-12146*,chr17,62223441.0,62223457.0,ctgctgtgatgacattc,2058.0,1065.0,564.0,0.0,2988.0,2964.0,57.0,0.0,513.0,1761.0,1578.0,384.0,996.0,0.0,0.0,0.0,0.0,1899.0,1119.0,1746.0,321.0,144.0,2292.0,2076.0,189.0,501.0,87.0,0.0,906.0,2352.0
novelMiR_90,hsa-mir-12142*,chr2,86362994.0,86363010.0,aggctgtgatgattggc,35.0,20.0,12.0,0.0,50.0,17.0,0.0,0.0,0.0,44.0,8.0,0.0,0.0,0.0,35.0,0.0,0.0,24.0,12.0,31.0,7.0,0.0,19.0,28.0,0.0,12.0,0.0,8.0,46.0,46.0
novelMiR_100,hsa-mir-12137*,chr22,43011374.0,43011393.0,gatgcctgggagttgcgatc,194.0,130.0,0.0,0.0,300.0,0.0,0.0,0.0,0.0,250.0,0.0,22.0,0.0,0.0,220.0,0.0,0.0,194.0,78.0,300.0,0.0,0.0,306.0,342.0,0.0,66.0,0.0,0.0,104.0,164.0
novelMiR_216,hsa-mir-12140*,chr13,54250588.0,54250605.0,cactctggactctgaatc,4602.0,0.0,370.0,0.0,1680.0,0.0,0.0,294.0,0.0,688.0,0.0,0.0,0.0,0.0,1702.0,0.0,0.0,0.0,490.0,188.0,38.0,140.0,0.0,1024.0,0.0,1138.0,0.0,152.0,0.0,532.0
novelMiR_255,hsa-mir-12143*,chr2,27363781.0,27363797.0,gctaaatttgactggct,464.0,0.0,0.0,0.0,572.0,404.0,0.0,0.0,226.0,0.0,0.0,0.0,0.0,0.0,1546.0,0.0,0.0,0.0,0.0,0.0,82.0,0.0,0.0,0.0,0.0,0.0,0.0,0.0,0.0,372.0
novelMiR_45_2,hsa-mir-12141_1*,chr3,127793991.0,127794014.0,aaatggatttttggagcagggaga,142.0,134.0,0.0,0.0,0.0,152.0,0.0,18.0,0.0,0.0,0.0,0.0,152.0,0.0,132.0,0.0,0.0,0.0,256.0,0.0,0.0,0.0,0.0,0.0,0.0,156.0,0.0,0.0,0.0,276.0
novelMiR_43_2,hsa-mir-12144_2*,chr6,27551260.0,27551276.0,ctgtcacgcgggagacc,1036.0,0.0,458.0,30.0,0.0,0.0,16.0,62.0,560.0,408.0,404.0,166.0,0.0,0.0,0.0,0.0,0.0,0.0,0.0,0.0,42.0,0.0,0.0,0.0,14.0,0.0,0.0,0.0,0.0,508.0
novelMiR_344,hsa-mir-12138*,chr9,131102415.0,131102431.0,atggatagcgcattgga,796.0,88.0,68.0,28.0,604.0,524.0,0.0,0.0,520.0,468.0,380.0,88.0,180.0,0.0,220.0,0.0,0.0,308.0,280.0,176.0,28.0,28.0,284.0,272.0,0.0,1252.0,0.0,104.0,0.0,252.0
novelMiR_23_1,hsa-mir-12139*,chr12,20704463.0,20704483.0,acgagactctggcatgctaac,0.0,779.0,0.0,0.0,0.0,0.0,0.0,0.0,0.0,0.0,165.0,0.0,0.0,0.0,0.0,0.0,0.0,0.0,0.0,470.0,0.0,0.0,0.0,0.0,0.0,0.0,0.0,248.0,1286.0,0.0
novelMiR_45_1,hsa-mir-12141_3*,chr14,96851053.0,96851076.0,aaatggatttttggagcagggaga,140.0,134.0,0.0,0.0,0.0,152.0,0.0,18.0,0.0,44.0,0.0,0.0,152.0,0.0,132.0,0.0,0.0,0.0,256.0,0.0,0.0,0.0,0.0,0.0,0.0,156.0,0.0,0.0,0.0,276.0
