,chr,chr_start,chr_end,miRNA_sequence,CL105_NS_Run18_0815_trimmed.result,CL146_NS_Run18_0815_trimmed.result,CL152_NS_Run18_0815_trimmed.result,CL196_NS_Run18_0815_trimmed.result,CL203_NS_Run18_0815_trimmed.result,CL240_NS_Run18_0815_trimmed.result,CL244_trimmed.result,CL253_trimmed.result,CL164_NS_Run18_0815_trimmed.result,CL167_trimmed.result,CL172_NS_Run18_0815_trimmed.result,CL176_trimmed.result,CL53_NS_Run18_0815_trimmed.result,CL56_NS_Run18_0815_trimmed.result,CL154_NS_Run18_0815_trimmed.result,CL156_NS_Run18_0815_trimmed.result,CL162_NS_Run18_0815_trimmed.result,CL219_NS_Run18_0815_trimmed.result,CL228_trimmed.result,CL236_trimmed.result,CL183_trimmed.result,CL187_NS_Run18_0815_trimmed.result,CL191_trimmed.result,CL41_NS_Run18_0815_trimmed.result,CL50_NS_Run18_0815_trimmed.result,CL85_NS_Run18_0815_trimmed.result,Female-Ctrl_NS_Run18_0815_trimmed.result,Male-Ctrl_NS_Run18_0815_trimmed.result,CL213_trimmed.result,CL214_NS_Run18_0815_trimmed.result
hsa-mir-92b,chr1,155165028.0,155165046.0,tattgcactcgtcccggcc,236.0,300.0,693.0,70.0,254.0,483.0,0.0,0.0,282.0,67.0,388.0,17.0,560.0,720.0,324.0,349.0,193.0,0.0,0.0,0.0,64.0,137.0,0.0,711.0,269.0,99.0,0.0,0.0,163.0,337.0
hsa-mir-146b,chr10,104196277.0,104196297.0,tgagaactgaattccataggc,3723.0,9341.0,25811.0,3412.0,8396.0,9511.0,0.0,0.0,0.0,396.0,27945.0,168.0,19168.0,0.0,0.0,4006.0,10815.0,233.0,3089.0,0.0,120.0,0.0,0.0,36616.0,2287.0,2471.0,0.0,0.0,0.0,26352.0
hsa-mir-148b,chr12,54731062.0,54731080.0,tcagtgcatcacagaactt,217.0,0.0,0.0,507.0,0.0,0.0,0.0,0.0,0.0,0.0,0.0,0.0,0.0,0.0,0.0,0.0,609.0,0.0,0.0,0.0,0.0,0.0,0.0,0.0,0.0,0.0,0.0,0.0,0.0,1263.0
hsa-mir-18a,chr13,92003010.0,92003029.0,taaggtgcatctagtgcaga,73.0,66.0,130.0,82.0,223.0,0.0,0.0,0.0,25.0,0.0,0.0,0.0,147.0,0.0,99.0,0.0,67.0,0.0,54.0,0.0,0.0,27.0,0.0,0.0,86.0,23.0,0.0,0.0,0.0,173.0
hsa-mir-21,chr17,57918634.0,57918652.0,tagcttatcagactgatgt,14211.0,0.0,0.0,13684.0,0.0,0.0,0.0,697.0,0.0,0.0,0.0,0.0,0.0,0.0,0.0,0.0,0.0,0.0,0.0,133.0,0.0,0.0,0.0,0.0,0.0,0.0,0.0,0.0,0.0,0.0
hsa-mir-128-1,chr2,136423016.0,136423033.0,tcacagtgaaccggtctc,272.0,0.0,1643.0,0.0,0.0,0.0,0.0,23.0,0.0,70.0,0.0,0.0,1456.0,0.0,0.0,0.0,897.0,0.0,0.0,0.0,0.0,321.0,0.0,1542.0,0.0,271.0,0.0,0.0,0.0,1182.0
hsa-mir-26b,chr2,219267380.0,219267400.0,ttcaagtaattcaggataggt,7501.0,41154.0,67453.0,12814.0,66379.0,44920.0,9451.0,181.0,36304.0,1342.0,38600.0,2602.0,42746.0,84200.0,32972.0,45675.0,36820.0,2622.0,5277.0,41.0,4017.0,6434.0,2148.0,55694.0,40655.0,20349.0,32681.0,13105.0,11709.0,65252.0
hsa-mir-155,chr21,26946295.0,26946316.0,ttaatgctaatcgtgatagggg,3082.0,32844.0,63646.0,5501.0,31716.0,50909.0,6542.0,161.0,28140.0,1231.0,10259.0,622.0,26115.0,84642.0,19644.0,43268.0,54523.0,1748.0,1778.0,0.0,1202.0,6590.0,558.0,26249.0,33242.0,18180.0,9401.0,3420.0,5524.0,71641.0
hsa-mir-155*,chr21,26946295.0,26946316.0,ttaatgctaatcgtgatagggg,3082.0,32844.0,63646.0,5501.0,31716.0,50909.0,6542.0,161.0,28140.0,1231.0,10259.0,622.0,26115.0,84642.0,19644.0,43268.0,54523.0,1748.0,1778.0,0.0,1202.0,6590.0,558.0,26249.0,33242.0,18180.0,9401.0,3420.0,5524.0,71641.0
hsa-mir-128-2,chr3,35786019.0,35786036.0,tcacagtgaaccggtctc,272.0,0.0,1643.0,0.0,0.0,0.0,0.0,23.0,0.0,70.0,0.0,0.0,1456.0,0.0,0.0,0.0,897.0,0.0,0.0,0.0,0.0,321.0,0.0,1542.0,0.0,271.0,0.0,0.0,0.0,1182.0
hsa-mir-576,chr4,110409869.0,110409887.0,attctaatttctccacgtc,67.0,77.0,92.0,64.0,255.0,0.0,0.0,0.0,0.0,0.0,0.0,0.0,86.0,168.0,61.0,90.0,117.0,16.0,19.0,0.0,0.0,37.0,5.0,141.0,112.0,38.0,0.0,0.0,0.0,167.0
hsa-mir-143,chr5,148808541.0,148808559.0,tgagatgaagcactgtagc,3856.0,3299.0,10931.0,1897.0,0.0,0.0,0.0,0.0,4626.0,67.0,8116.0,131.0,795.0,0.0,13371.0,5158.0,0.0,0.0,0.0,0.0,32.0,1108.0,0.0,2993.0,3098.0,450.0,0.0,0.0,4258.0,0.0
hsa-mir-1271,chr5,175794963.0,175794984.0,cttggcacctagcaagcactca,13.0,45.0,19.0,23.0,63.0,23.0,0.0,0.0,52.0,0.0,18.0,0.0,39.0,113.0,0.0,58.0,117.0,0.0,0.0,0.0,0.0,0.0,0.0,66.0,0.0,0.0,0.0,0.0,11.0,58.0
hsa-mir-335,chr7,130136003.0,130136023.0,tttttcattattgctcctgac,99.0,0.0,0.0,178.0,0.0,0.0,0.0,0.0,0.0,0.0,0.0,0.0,0.0,0.0,0.0,0.0,0.0,0.0,171.0,0.0,0.0,131.0,0.0,0.0,0.0,0.0,0.0,0.0,0.0,801.0
hsa-mir-101-2,chr9,4850345.0,4850365.0,tacagtactgtgataactgaa,13007.0,48080.0,99943.0,24355.0,98927.0,78391.0,8419.0,707.0,40466.0,3256.0,48468.0,3534.0,59322.0,53628.0,26324.0,57542.0,52061.0,4791.0,8847.0,151.0,3897.0,10231.0,2031.0,55258.0,47599.0,29004.0,37289.0,8046.0,5002.0,93121.0
hsa-mir-23b,chr9,97847547.0,97847564.0,atcacattgccagggatt,475.0,818.0,1676.0,491.0,1883.0,1003.0,159.0,0.0,753.0,87.0,947.0,49.0,1227.0,1047.0,613.0,1076.0,694.0,106.0,258.0,0.0,75.0,524.0,28.0,1244.0,1189.0,315.0,511.0,0.0,568.0,1924.0
hsa-mir-101-1,chr1,65524125.0,65524145.0,tacagtactgtgataactgaa,12763.0,46689.0,97393.0,23859.0,95472.0,76405.0,8061.0,685.0,39390.0,3209.0,47327.0,3419.0,57888.0,52186.0,25760.0,56317.0,50235.0,4734.0,8709.0,149.0,3791.0,10059.0,1996.0,53747.0,46401.0,28439.0,36487.0,7870.0,4884.0,90676.0
hsa-mir-1295a,chr1,171070879.0,171070899.0,ttaggccgcagatctgggtga,25.0,164.0,149.0,12.0,285.0,140.0,19.0,0.0,134.0,0.0,66.0,0.0,122.0,230.0,29.0,214.0,208.0,10.0,0.0,0.0,0.0,0.0,0.0,149.0,313.0,95.0,6.0,0.0,36.0,231.0
hsa-mir-199a-2,chr1,172113696.0,172113715.0,acagtagtctgcacattggt,197.0,1328.0,510.0,368.0,1222.0,197.0,222.0,0.0,315.0,27.0,2653.0,56.0,360.0,2295.0,2884.0,245.0,257.0,66.0,282.0,0.0,25.0,245.0,35.0,639.0,257.0,117.0,6008.0,3003.0,935.0,889.0
hsa-mir-144,chr17,27188567.0,27188585.0,tacagtatagatgatgtac,7540.0,0.0,24.0,51.0,513.0,11.0,0.0,0.0,106.0,33.0,312.0,35.0,9673.0,0.0,0.0,24.0,0.0,21.0,41.0,0.0,0.0,35.0,0.0,0.0,39.0,0.0,0.0,0.0,0.0,1536.0
hsa-mir-199a-1,chr19,10928107.0,10928126.0,acagtagtctgcacattggt,197.0,1328.0,510.0,368.0,1222.0,197.0,222.0,0.0,315.0,27.0,2653.0,56.0,360.0,2295.0,2884.0,245.0,257.0,66.0,282.0,0.0,25.0,245.0,35.0,639.0,257.0,117.0,6008.0,3003.0,935.0,889.0
hsa-mir-23a,chr19,13947412.0,13947429.0,atcacattgccagggatt,462.0,810.0,1614.0,487.0,1833.0,962.0,157.0,0.0,755.0,87.0,0.0,49.0,1228.0,1031.0,0.0,1055.0,671.0,105.0,251.0,0.0,71.0,513.0,0.0,1236.0,1158.0,305.0,0.0,0.0,560.0,1884.0
hsa-mir-106b,chr7,99691667.0,99691686.0,taaagtgctgacagtgcaga,713.0,1003.0,2202.0,0.0,1833.0,1781.0,0.0,0.0,705.0,57.0,0.0,50.0,2226.0,0.0,1000.0,1424.0,1291.0,129.0,291.0,0.0,0.0,345.0,0.0,0.0,1067.0,0.0,0.0,0.0,0.0,2184.0
hsa-mir-29a,chr7,130561509.0,130561528.0,tagcaccatctgaaatcggt,12240.0,0.0,68130.0,0.0,78777.0,58814.0,6681.0,130.0,0.0,0.0,0.0,1424.0,0.0,0.0,0.0,0.0,0.0,2124.0,0.0,32.0,1457.0,0.0,0.0,0.0,39645.0,0.0,0.0,0.0,0.0,83424.0
hsa-mir-598,chr8,10892731.0,10892752.0,tacgtcatcgttgtcatcgtca,165.0,222.0,0.0,151.0,611.0,0.0,0.0,0.0,0.0,0.0,286.0,0.0,0.0,0.0,153.0,0.0,0.0,0.0,0.0,0.0,0.0,0.0,0.0,0.0,228.0,204.0,0.0,0.0,67.0,442.0
hsa-mir-486,chr8,41518002.0,41518023.0,tcctgtactgagctgccccgag,95564.0,20504.0,53209.0,13867.0,40736.0,25501.0,6402.0,71.0,15852.0,1343.0,29739.0,1414.0,302697.0,68038.0,24587.0,17639.0,29490.0,2092.0,8520.0,14.0,722.0,6219.0,768.0,38610.0,23420.0,9500.0,46912.0,62788.0,17554.0,78471.0
hsa-mir-486*,chr8,41518002.0,41518023.0,tcctgtactgagctgccccgag,95564.0,20504.0,53209.0,13867.0,40736.0,25501.0,6402.0,71.0,15852.0,1343.0,29739.0,1414.0,302697.0,68038.0,24587.0,17639.0,29490.0,2092.0,8520.0,14.0,722.0,6219.0,768.0,38610.0,23420.0,9500.0,46912.0,62788.0,17554.0,78471.0
hsa-mir-30d,chr8,135817164.0,135817183.0,tgtaaacatccccgactgga,5220.0,26558.0,0.0,5885.0,19321.0,0.0,0.0,74.0,17163.0,1072.0,0.0,0.0,23709.0,0.0,0.0,26457.0,46843.0,1480.0,4015.0,19.0,882.0,2902.0,0.0,19070.0,19060.0,0.0,0.0,0.0,0.0,50033.0
hsa-mir-199b,chr9,131007026.0,131007045.0,acagtagtctgcacattggt,197.0,1328.0,510.0,368.0,1222.0,197.0,222.0,0.0,315.0,27.0,2653.0,56.0,360.0,2295.0,2884.0,245.0,257.0,66.0,282.0,0.0,25.0,245.0,35.0,639.0,257.0,117.0,6008.0,3003.0,935.0,889.0
hsa-mir-222,chrX,45606443.0,45606462.0,agctacatctggctactggg,376.0,0.0,1090.0,789.0,0.0,0.0,0.0,0.0,0.0,0.0,0.0,0.0,0.0,0.0,0.0,0.0,1811.0,0.0,312.0,0.0,0.0,361.0,0.0,0.0,0.0,0.0,0.0,0.0,0.0,0.0
hsa-mir-374a,chrX,73507162.0,73507181.0,ttataatacaacctgataag,195.0,0.0,0.0,146.0,0.0,0.0,0.0,0.0,0.0,0.0,0.0,0.0,647.0,0.0,0.0,827.0,859.0,0.0,0.0,0.0,0.0,0.0,0.0,0.0,0.0,0.0,0.0,0.0,170.0,1448.0
hsa-miR-1273h-1,chr15,40010767.0,40010788.0,ctgcagactcgacctcccaggc,14.0,116.0,150.0,44.0,146.0,158.0,27.0,0.0,80.0,0.0,109.0,0.0,115.0,214.0,93.0,88.0,185.0,13.0,9.0,0.0,0.0,45.0,0.0,145.0,90.0,57.0,383.0,208.0,75.0,120.0
hsa-miR-1273h-2,chr16,24214507.0,24214528.0,ctgcagactcgacctcccaggc,15.0,116.0,150.0,44.0,147.0,160.0,27.0,0.0,80.0,0.0,109.0,0.0,115.0,215.0,94.0,89.0,187.0,13.0,9.0,0.0,0.0,45.0,0.0,146.0,92.0,58.0,385.0,208.0,75.0,122.0
hsa-miR-1273h-3,chr17,54956832.0,54956853.0,ctgcagactcgacctcccaggc,14.0,116.0,150.0,44.0,146.0,158.0,27.0,0.0,80.0,0.0,109.0,0.0,115.0,214.0,93.0,88.0,185.0,13.0,9.0,0.0,0.0,45.0,0.0,145.0,90.0,57.0,383.0,208.0,75.0,120.0
hsa-miR-1273h-4,chr18,68128548.0,68128569.0,ctgcagactcgacctcccaggc,14.0,116.0,150.0,44.0,146.0,158.0,27.0,0.0,80.0,0.0,109.0,0.0,115.0,214.0,93.0,88.0,185.0,13.0,9.0,0.0,0.0,45.0,0.0,145.0,90.0,57.0,384.0,208.0,75.0,121.0
hsa-miR-1273h-5,chr6,138888340.0,138888361.0,ctgcagactcgacctcccaggc,14.0,116.0,150.0,44.0,146.0,158.0,27.0,0.0,80.0,0.0,109.0,0.0,115.0,214.0,93.0,88.0,185.0,13.0,9.0,0.0,0.0,45.0,0.0,145.0,90.0,57.0,383.0,208.0,75.0,120.0
hsa-miR-486-1,chr8,41517962.0,41517983.0,tcctgtactgagctgccccgag,95393.0,20471.0,53063.0,13837.0,40628.0,25434.0,6403.0,72.0,15825.0,1345.0,29684.0,1442.0,302177.0,67921.0,24563.0,17599.0,29444.0,2091.0,8514.0,14.0,732.0,6209.0,778.0,38561.0,23376.0,9482.0,46823.0,62707.0,17545.0,78285.0
hsa-miR-1273h-6,chr1,175742068.0,175742089.0,ctgcagactcgacctcccaggc,14.0,116.0,150.0,44.0,146.0,158.0,27.0,0.0,80.0,0.0,109.0,0.0,115.0,214.0,93.0,88.0,185.0,13.0,9.0,0.0,0.0,45.0,0.0,145.0,90.0,57.0,383.0,208.0,75.0,120.0
hsa-miR-1273h-7,chr12,50639117.0,50639138.0,ctgcagactcgacctcccaggc,14.0,116.0,150.0,44.0,146.0,158.0,27.0,0.0,80.0,0.0,109.0,0.0,115.0,214.0,93.0,88.0,185.0,13.0,9.0,0.0,0.0,45.0,0.0,145.0,90.0,57.0,383.0,208.0,75.0,120.0
hsa-miR-574-2,chr13,91746876.0,91746895.0,tgagtgtgtgtgtgtgagtg,7.0,26.0,75.0,17.0,26.0,39.0,5.0,0.0,0.0,0.0,0.0,0.0,40.0,65.0,41.0,54.0,31.0,0.0,0.0,0.0,0.0,0.0,0.0,48.0,48.0,26.0,0.0,0.0,0.0,0.0
hsa-miR-574-3,chr2,45878209.0,45878228.0,tgagtgtgtgtgtgtgagtg,7.0,26.0,75.0,17.0,26.0,39.0,5.0,0.0,0.0,0.0,0.0,0.0,40.0,65.0,41.0,54.0,31.0,0.0,0.0,0.0,0.0,0.0,0.0,48.0,48.0,26.0,0.0,0.0,0.0,0.0
hsa-miR-339-2,chr20,611418.0,611437.0,tccctgtcctccaggagctc,107.0,176.0,246.0,241.0,312.0,162.0,0.0,0.0,149.0,13.0,407.0,17.0,121.0,0.0,0.0,233.0,135.0,12.0,96.0,0.0,16.0,69.0,0.0,253.0,115.0,49.0,0.0,0.0,0.0,177.0
hsa-miR-574-4,chr4,26969859.0,26969878.0,tgagtgtgtgtgtgtgagtg,7.0,26.0,75.0,17.0,26.0,38.0,5.0,0.0,0.0,0.0,0.0,0.0,39.0,65.0,41.0,54.0,31.0,0.0,0.0,0.0,0.0,0.0,0.0,48.0,48.0,26.0,0.0,0.0,0.0,0.0
hsa-miR-1273h-10,chr16,24214507.0,24214528.0,ctgcagactcgacctcccaggc,15.0,116.0,150.0,44.0,147.0,160.0,27.0,0.0,80.0,0.0,109.0,0.0,115.0,215.0,94.0,89.0,187.0,13.0,9.0,0.0,0.0,45.0,0.0,146.0,92.0,58.0,385.0,208.0,75.0,122.0
hsa-miR-1273h-14,chr8,41517962.0,41517983.0,tcctgtactgagctgccccgag,95393.0,20471.0,53063.0,13837.0,40628.0,25434.0,6403.0,72.0,15825.0,1345.0,29684.0,1442.0,302177.0,67921.0,24563.0,17599.0,29444.0,2091.0,8514.0,14.0,732.0,6209.0,778.0,38561.0,23376.0,9482.0,46823.0,62707.0,17545.0,78285.0
hsa-miR-339-4,chr20,611418.0,611437.0,tccctgtcctccaggagctc,107.0,176.0,246.0,241.0,312.0,162.0,0.0,0.0,149.0,13.0,407.0,17.0,121.0,0.0,0.0,233.0,135.0,12.0,96.0,0.0,16.0,69.0,0.0,253.0,115.0,49.0,0.0,0.0,0.0,177.0
hsa-miR-574-7,chr4,26969859.0,26969878.0,tgagtgtgtgtgtgtgagtg,7.0,26.0,75.0,17.0,26.0,38.0,5.0,0.0,0.0,0.0,0.0,0.0,39.0,65.0,41.0,54.0,31.0,0.0,0.0,0.0,0.0,0.0,0.0,48.0,48.0,26.0,0.0,0.0,0.0,0.0
hsa-miR-548w-1,chr2,45878209.0,45878228.0,tgagtgtgtgtgtgtgagtg,7.0,26.0,75.0,17.0,26.0,39.0,5.0,0.0,0.0,0.0,0.0,0.0,40.0,65.0,41.0,54.0,31.0,0.0,0.0,0.0,0.0,0.0,0.0,48.0,48.0,26.0,0.0,0.0,0.0,0.0
novelMiR_53,chr22,43011374.0,43011393.0,gatgcctgggagttgcgatc,66.0,192.0,194.0,78.0,220.0,250.0,0.0,0.0,0.0,0.0,130.0,0.0,300.0,342.0,0.0,164.0,0.0,0.0,22.0,0.0,0.0,0.0,0.0,306.0,0.0,104.0,0.0,0.0,0.0,300.0
novelMiR_110,chr13,54250588.0,54250605.0,cactctggactctgaatc,778.0,0.0,3058.0,344.0,1048.0,428.0,200.0,0.0,0.0,0.0,0.0,102.0,1162.0,716.0,0.0,354.0,0.0,18.0,48.0,0.0,0.0,242.0,0.0,398.0,0.0,0.0,0.0,0.0,100.0,122.0
novelMiR_116,chr15,45492653.0,45492674.0,cgtatagtggttagtactctgc,4168.0,875.0,0.0,955.0,0.0,0.0,0.0,0.0,0.0,0.0,0.0,0.0,0.0,0.0,0.0,0.0,0.0,0.0,0.0,0.0,0.0,0.0,0.0,0.0,630.0,0.0,0.0,0.0,0.0,0.0
novelMiR_163,chr6,151620047.0,151620068.0,ggctggtccgatggtagtgggt,264.0,0.0,219.0,117.0,417.0,138.0,48.0,0.0,117.0,0.0,585.0,0.0,0.0,0.0,0.0,330.0,219.0,24.0,0.0,0.0,0.0,0.0,0.0,0.0,177.0,0.0,0.0,0.0,0.0,252.0
novelMiR_35_1,chr12,20704463.0,20704483.0,acgagactctggcatgctaac,0.0,0.0,0.0,0.0,0.0,0.0,0.0,0.0,148.0,0.0,688.0,0.0,0.0,0.0,0.0,0.0,0.0,0.0,120.0,0.0,0.0,0.0,0.0,0.0,0.0,1093.0,0.0,0.0,212.0,381.0
novelMiR_56_1,chr15,40010767.0,40010788.0,ctgcagactcgacctcccaggc,14.0,116.0,150.0,44.0,146.0,158.0,27.0,0.0,80.0,0.0,109.0,0.0,115.0,214.0,93.0,88.0,185.0,13.0,9.0,0.0,0.0,45.0,0.0,145.0,90.0,57.0,383.0,208.0,75.0,120.0
novelMiR_28-1,chr15,83424761.0,83424780.0,aaggtagatagaacaggtct,0.0,0.0,715.0,168.0,450.0,0.0,0.0,0.0,201.0,0.0,528.0,0.0,561.0,0.0,0.0,399.0,0.0,49.0,0.0,0.0,19.0,0.0,0.0,0.0,0.0,256.0,0.0,0.0,0.0,657.0
novelMiR_56_1-2,chr17,54956832.0,54956853.0,ctgcagactcgacctcccaggc,14.0,116.0,150.0,44.0,146.0,158.0,27.0,0.0,80.0,0.0,109.0,0.0,115.0,214.0,93.0,88.0,185.0,13.0,9.0,0.0,0.0,45.0,0.0,145.0,90.0,57.0,383.0,208.0,75.0,120.0
novelMiR_56_1-1,chr18,68128548.0,68128569.0,ctgcagactcgacctcccaggc,14.0,116.0,150.0,44.0,146.0,158.0,27.0,0.0,80.0,0.0,109.0,0.0,115.0,214.0,93.0,88.0,185.0,13.0,9.0,0.0,0.0,45.0,0.0,145.0,90.0,57.0,384.0,208.0,75.0,121.0
novelMiR_56_1-5,chr6,138888340.0,138888361.0,ctgcagactcgacctcccaggc,14.0,116.0,150.0,44.0,146.0,158.0,27.0,0.0,80.0,0.0,109.0,0.0,115.0,214.0,93.0,88.0,185.0,13.0,9.0,0.0,0.0,45.0,0.0,145.0,90.0,57.0,383.0,208.0,75.0,120.0
novelMiR_199,chr3,134502366.0,134502385.0,accaccctgaacgcgcccga,0.0,163.0,0.0,0.0,901.0,267.0,0.0,0.0,0.0,0.0,0.0,0.0,0.0,0.0,0.0,0.0,0.0,0.0,0.0,0.0,0.0,54.0,0.0,0.0,0.0,0.0,0.0,0.0,0.0,0.0
novelMiR_218,chr6,86387013.0,86387031.0,acggatctggcttctgaga,0.0,196.0,0.0,0.0,0.0,0.0,0.0,0.0,0.0,0.0,0.0,0.0,0.0,0.0,0.0,0.0,0.0,0.0,0.0,0.0,0.0,0.0,0.0,0.0,166.0,198.0,0.0,0.0,167.0,0.0
novelMiR_56_1-4,chr1,175742068.0,175742089.0,ctgcagactcgacctcccaggc,14.0,116.0,150.0,44.0,146.0,158.0,27.0,0.0,80.0,0.0,109.0,0.0,115.0,214.0,93.0,88.0,185.0,13.0,9.0,0.0,0.0,45.0,0.0,145.0,90.0,57.0,383.0,208.0,75.0,120.0
novelMiR_56_1-3,chr12,50639117.0,50639138.0,ctgcagactcgacctcccaggc,14.0,116.0,150.0,44.0,146.0,158.0,27.0,0.0,80.0,0.0,109.0,0.0,115.0,214.0,93.0,88.0,185.0,13.0,9.0,0.0,0.0,45.0,0.0,145.0,90.0,57.0,383.0,208.0,75.0,120.0
novelMiR_55_1-2,chr20,611418.0,611437.0,tccctgtcctccaggagctc,214.0,352.0,492.0,482.0,624.0,324.0,0.0,0.0,298.0,26.0,814.0,34.0,242.0,0.0,0.0,466.0,270.0,24.0,192.0,0.0,32.0,138.0,0.0,506.0,230.0,98.0,0.0,0.0,0.0,354.0
novelMiR_145_1-5,chr4,26969859.0,26969878.0,tgagtgtgtgtgtgtgagtg,7.0,26.0,75.0,17.0,26.0,38.0,5.0,0.0,0.0,0.0,0.0,0.0,39.0,65.0,41.0,54.0,31.0,0.0,0.0,0.0,0.0,0.0,0.0,48.0,48.0,26.0,0.0,0.0,0.0,0.0
