,CL105_NS_Run18_0815,CL146_NS_Run18_0815,CL152_NS_Run18_0815,CL154_NS_Run18_0815,CL156_NS_Run18_0815,CL162_NS_Run18_0815,CL164_NS_Run18_0815,CL167,CL172_NS_Run18_0815,CL176,CL183,CL187_NS_Run18_0815,CL191,CL196_NS_Run18_0815,CL203_NS_Run18_0815,CL213,CL214_NS_Run18_0815,CL219_NS_Run18_0815,CL228,CL236,CL240_NS_Run18_0815,CL244,CL253,CL41_NS_Run18_0815,CL50_NS_Run18_0815,CL53_NS_Run18_0815,CL56_NS_Run18_0815,CL85_NS_Run18_0815,Female-Ctrl_NS_Run18_0815,Male-Ctrl_NS_Run18_0815
hsa-mir-200b,0,86,98,46,26,78,78,0,84,0,0,0,0,24,118,106,80,0,16,0,88,22,0,68,62,44,122,0,246,64
hsa-mir-200a,26,42,47,17,0,61,38,0,76,0,0,16,0,41,74,35,84,13,19,0,43,12,0,27,17,43,55,13,181,46
hsa-mir-429,0,0,20,0,0,14,0,0,10,0,0,0,0,0,10,0,12,0,0,0,18,0,0,0,12,12,12,0,22,0
hsa-mir-30e,21685,82579,140913,56198,92475,127809,68358,4406,87489,5158,3748,15001,3833,25601,130514,19301,146139,4472,14811,83,139642,16214,309,86165,85195,127466,116556,37401,130648,44000
hsa-mir-30c-1,2029,7924,9064,5303,5530,7872,5545,338,8397,226,261,1037,215,1938,8469,4416,9539,393,969,9,11052,1644,23,7367,9539,8577,10581,2560,15599,5090
hsa-mir-4781,0,16,32,0,0,34,0,0,26,0,0,0,0,0,0,0,52,0,0,0,0,0,0,0,22,0,42,0,0,0
hsa-mir-197,0,0,2852,0,2089,2408,0,0,0,42,0,630,32,0,0,0,4530,0,0,0,2948,0,0,3510,0,2112,0,0,0,0
hsa-mir-320b-1,68,60,117,138,96,289,52,0,148,0,0,16,0,50,174,56,123,0,24,0,105,0,0,131,131,129,121,49,259,114
hsa-mir-942,0,33,16,0,22,0,0,0,36,0,0,0,0,0,0,38,0,0,0,0,0,19,0,37,0,39,37,0,104,24
hsa-mir-92b,523,900,1905,1008,966,483,783,197,1112,53,207,348,0,189,725,523,976,0,0,0,1324,0,0,1929,718,1332,2258,281,0,0
hsa-mir-4424,0,0,38,12,66,40,24,0,20,0,0,0,0,0,3269,0,62,0,0,0,0,0,0,2247,0,692,78,12,0,0
hsa-mir-4677,32,58,124,86,78,48,92,0,112,0,0,28,0,0,132,38,151,0,18,0,114,16,0,134,68,104,172,30,102,110
hsa-mir-1254-1,0,0,11,0,0,0,0,0,0,0,0,0,0,0,0,0,0,0,0,0,0,0,0,0,0,0,0,0,0,0
hsa-mir-3158-1,13,0,12,0,0,0,0,0,0,0,0,0,0,0,0,0,0,0,0,0,0,0,0,0,0,18,0,0,19,15
hsa-mir-146b,7517,18916,52047,0,8079,21850,0,797,56561,345,246,0,0,6916,17016,0,53019,478,6241,0,19201,0,0,73762,4619,38548,0,5002,0,0
hsa-mir-548e,0,0,48,0,0,0,0,0,0,0,0,0,0,0,0,0,0,0,0,0,0,0,0,0,0,0,0,0,0,0
hsa-mir-130a,52,292,280,0,22,96,0,124,0,30,0,0,0,84,514,232,474,84,152,0,74,72,0,198,32,288,0,0,1462,0
hsa-mir-548k,16,115,141,114,112,60,92,5,217,10,5,18,5,27,164,66,167,0,12,0,151,40,0,125,99,114,210,47,159,108
hsa-mir-34c,0,0,18,30,0,0,0,0,64,0,0,0,0,0,12,0,32,0,0,0,0,0,0,0,0,0,0,0,0,0
hsa-mir-200c,44,109,147,60,71,133,49,0,125,0,0,39,12,74,307,45,210,0,38,0,130,18,0,87,62,131,140,98,167,53
hsa-mir-141,2405,4946,4223,1235,3799,8069,1988,135,3826,257,126,1658,136,3112,10980,1192,8245,299,2141,0,3481,265,12,5197,3142,5957,4312,1726,6110,1506
hsa-mir-148b,0,3213,5245,3979,2915,0,1972,185,5067,164,142,1005,139,0,7594,1520,0,363,0,0,3606,641,0,2645,3002,3063,5524,1697,5269,2653
hsa-mir-331,0,517,1025,0,464,658,186,40,928,0,16,326,24,267,2154,163,703,100,0,0,549,0,0,171,476,417,484,0,403,0
hsa-mir-3922,0,9,6,0,0,0,0,0,6,0,0,0,0,0,5,5,11,0,0,0,0,0,0,9,5,6,0,0,0,0
hsa-mir-17,355,1262,2024,1041,1592,1525,829,76,1534,55,73,271,69,451,1704,387,2081,88,306,0,1870,255,10,911,1132,1775,1472,587,2165,798
hsa-mir-18a,183,200,326,291,0,193,76,0,0,0,0,63,0,191,547,0,461,0,121,0,0,0,0,0,231,394,0,62,0,0
hsa-mir-19a,182,710,593,230,975,1168,435,49,1119,27,0,99,29,147,1507,130,882,15,68,0,1099,165,0,520,713,533,658,320,1477,0
hsa-mir-20a,938,4590,8973,2086,7106,5504,3741,242,3632,82,158,800,98,1630,6160,600,6746,254,702,0,0,762,12,3520,3683,6597,5401,2251,4574,1682
hsa-mir-19b-1,487,1904,1909,567,2967,2819,1184,95,0,55,29,241,32,440,4566,295,2836,48,159,0,3257,459,0,1419,2333,1381,2077,1029,3027,548
hsa-mir-92a-1,26109,68546,57003,47119,68308,76254,46630,5015,61561,2669,2960,11594,1636,25900,84672,39624,95658,8199,13253,43,103056,15472,511,89040,84085,100067,98672,34201,137979,62344
hsa-mir-625,52,0,300,161,84,134,0,0,152,0,0,22,0,18,145,0,0,0,0,0,96,0,0,0,0,395,0,43,0,408
hsa-mir-342,3063,11163,14174,5897,8936,22375,6764,231,9765,196,279,1404,240,7512,16565,4546,18871,506,1938,0,9095,1024,0,12609,6732,12386,13017,2225,10941,4098
hsa-mir-345,213,631,1647,892,1080,745,523,56,1168,14,13,337,20,365,1517,651,1290,161,221,0,1235,170,0,711,640,1022,905,379,1151,594
hsa-mir-136,11,60,40,28,0,24,14,0,271,0,24,0,0,0,313,96,129,0,40,0,14,20,0,70,0,0,111,0,304,287
hsa-mir-411,32,244,90,98,18,62,0,0,1031,0,20,54,0,28,689,512,314,40,212,0,0,76,0,296,0,34,230,0,1386,1500
hsa-mir-654,38,316,76,184,0,70,92,0,1180,12,32,48,0,22,960,732,450,28,236,0,36,36,0,410,0,58,542,0,1588,1597
hsa-mir-381,20,78,54,56,0,28,18,0,728,0,10,26,0,10,538,170,192,0,78,0,12,20,0,114,0,28,196,0,668,572
hsa-mir-409,0,0,32,0,0,0,0,0,0,0,0,0,0,0,0,0,0,0,0,0,0,0,0,218,0,0,0,0,0,0
hsa-mir-410,20,146,86,88,0,22,20,14,632,0,16,34,0,20,580,448,278,18,88,0,20,26,0,178,0,14,288,0,820,826
hsa-mir-190a,0,30,60,0,54,0,0,0,0,0,0,0,0,0,0,0,0,0,0,0,0,0,0,14,0,0,0,0,0,0
hsa-mir-548ap,0,0,12,0,16,0,0,0,0,0,0,0,0,0,0,0,0,0,0,0,12,0,0,0,10,0,30,0,0,0
hsa-mir-7-2,8,26,33,25,43,23,33,0,37,0,0,0,0,14,50,9,61,0,0,0,38,9,0,48,20,52,59,12,28,25
hsa-mir-9-3,0,89,939,60,9,11,10,0,47,0,0,0,11,0,223,46,0,118,230,0,62,13,0,93,13,0,26,0,55,23
hsa-mir-193b,0,30,26,0,0,0,0,0,82,0,0,0,0,0,26,18,22,0,30,0,0,0,0,12,0,16,0,16,262,108
hsa-mir-365a,0,14,28,30,0,0,0,0,34,0,0,0,0,0,12,20,18,0,0,0,0,0,0,0,10,0,0,0,42,26
hsa-mir-484,1176,2895,2193,4224,2961,5696,1754,187,5472,46,101,720,89,1301,4121,1940,3583,270,1077,0,2105,439,0,2655,1754,4095,4463,564,7121,3844
hsa-mir-548w,0,0,15,0,0,0,0,0,0,0,0,0,0,0,0,0,60,0,0,0,0,0,0,0,0,0,0,0,31,0
hsa-mir-138-2,0,0,1563,0,0,0,0,0,44,0,0,0,0,0,0,0,0,5,14,0,37,0,0,21,0,0,0,0,305,62
hsa-mir-140,4685,10909,19365,0,10626,15562,9003,836,0,317,342,2968,394,5808,21070,0,18175,1345,2665,0,12740,1779,0,12813,13197,9755,13536,6057,16771,0
hsa-mir-744,106,481,472,1614,0,0,0,22,1400,24,0,90,28,176,656,980,0,82,142,0,0,200,0,755,368,0,1297,0,2699,2852
hsa-mir-423,4257,19883,18906,16838,20891,22022,15241,1027,19622,558,509,0,306,0,20320,16941,20987,1690,0,0,28088,3663,0,29478,17034,26781,32116,7601,47245,24695
hsa-mir-193a,0,96,94,0,25,62,33,0,67,0,0,21,0,32,0,32,35,0,13,0,0,0,0,38,39,36,61,30,80,65
hsa-mir-5010,0,0,36,0,24,0,0,0,38,0,0,0,0,0,0,0,32,0,0,0,0,0,0,18,0,0,0,0,36,0
hsa-mir-21,0,404571,461624,0,209184,195042,161945,19469,358440,23105,23600,98713,16616,0,307625,92284,449719,29498,45024,0,413550,52757,0,194560,182795,209584,371692,93239,0,0
hsa-mir-3615,164,276,308,0,0,0,0,20,460,26,42,0,34,0,0,0,268,54,0,0,254,0,0,382,242,0,0,0,696,0
hsa-mir-181c,762,1909,2187,4292,1100,1087,932,138,5718,88,80,976,164,544,3040,1798,4336,155,561,0,1754,313,0,2691,620,1306,2876,393,3798,2651
hsa-mir-181d,20,0,64,238,0,42,30,0,258,0,0,26,0,34,212,66,206,0,28,0,56,0,0,90,0,42,146,0,232,188
hsa-mir-5196,0,0,18,0,14,0,0,0,10,0,0,0,0,0,0,0,0,0,0,0,0,0,0,14,16,16,26,0,196,74
hsa-mir-769,382,2591,4614,2344,2346,2852,1706,134,3440,38,36,638,48,886,2976,1420,4104,276,266,0,4624,550,0,2350,3086,2942,4760,1360,2754,1496
hsa-mir-125a,0,954,324,0,262,0,0,0,0,0,0,0,0,152,0,456,0,30,460,0,0,128,0,0,210,0,1908,0,2570,4542
hsa-mir-3681,0,0,292,0,200,0,130,0,0,0,0,0,0,0,0,0,0,0,0,0,0,0,0,0,90,88,70,0,0,0
hsa-mir-5000,13,28,60,0,0,35,14,0,14,0,0,0,0,19,75,0,64,0,0,0,22,0,0,21,32,21,38,14,30,13
hsa-mir-4772,0,24,12,46,0,0,0,0,0,0,0,0,0,0,52,48,46,0,0,0,24,0,0,0,0,0,12,0,0,0
hsa-mir-128-1,783,0,4400,0,0,2268,0,185,0,0,0,800,0,0,0,0,3217,0,0,0,0,0,57,4068,0,3819,0,697,0,0
hsa-mir-3130-2,0,0,8,0,0,5,0,0,0,0,0,0,0,0,7,0,12,0,5,0,0,0,0,11,0,0,0,0,0,0
hsa-mir-4775,10,10,30,10,22,0,0,0,0,0,0,0,0,0,12,10,32,0,0,0,30,0,0,28,0,20,40,14,24,0
hsa-mir-26b,15098,82662,135172,66168,91649,73849,72867,2691,77439,5227,8067,12930,4321,25734,133574,23596,130737,5272,10615,82,90073,18953,368,111699,81547,85770,168777,40782,65696,26352
hsa-mir-103a-2,0,12035,25836,11682,11607,13675,7469,800,20463,173,356,3017,281,6004,17440,6220,17060,1365,2643,9,17671,2293,36,9806,7328,12104,14565,6902,18509,8714
hsa-mir-499a,20,69,118,16,153,145,71,0,45,0,0,16,0,26,40,0,81,0,21,0,93,0,0,48,81,117,84,21,46,18
hsa-mir-548o-2,5,19,21,24,16,0,0,0,34,0,0,0,0,0,31,18,34,0,0,0,0,0,0,0,0,0,48,0,57,13
hsa-mir-4326,0,20,34,0,18,22,0,0,0,0,0,0,0,0,0,0,0,0,0,0,0,0,0,0,0,0,0,0,20,18
hsa-mir-941-1,1000,3522,3522,5156,2986,2768,2508,236,7604,120,74,940,296,940,1070,4344,5040,358,2100,0,1974,574,0,2716,2312,1792,2760,998,3002,1604
hsa-mir-99a,0,0,22,0,0,0,21,0,0,0,0,0,0,0,0,0,0,0,38,0,0,0,0,0,0,0,0,0,0,31
hsa-mir-155,3089,32854,63685,19654,43285,54549,28154,1234,10267,625,1211,6600,561,5511,31790,5526,71654,1749,1781,0,50916,6550,161,26257,33262,26121,84661,18190,9401,3420
hsa-mir-185,0,179,197,510,128,133,75,0,543,0,0,34,0,110,566,76,373,0,40,0,172,46,0,311,230,0,866,40,307,491
hsa-mir-301b,24,180,358,262,104,56,66,0,298,22,0,42,30,24,254,88,278,0,68,0,148,56,0,90,86,114,152,38,332,148
hsa-mir-130b,90,598,1202,0,468,341,0,0,0,69,0,231,0,108,0,0,0,0,0,0,775,148,0,0,305,789,0,165,1830,0
hsa-mir-3909,0,33,39,28,13,0,24,0,47,0,0,7,0,9,30,30,25,0,0,0,25,9,0,8,16,17,29,7,9,0
hsa-mir-26a-1,81556,473740,412656,228623,413362,442663,353880,14722,229835,29723,33777,62888,14927,77558,770557,133279,608067,17601,50498,481,441602,96533,1731,551992,364556,472779,847135,160961,370076,194638
hsa-mir-15b,1061,3150,6986,2302,2116,1448,1462,289,3264,58,90,800,75,517,3078,1566,3188,248,522,0,2255,512,0,1715,1528,2910,2614,923,3771,2079
hsa-mir-16-2,33270,45920,92161,72716,280306,176826,116649,10590,140200,7337,8093,34419,5494,22915,204482,68184,262754,15068,28076,14,150368,25473,430,194020,100942,174090,330995,72040,205935,56028
hsa-mir-28,7382,42493,75128,43256,49037,116893,43161,2001,47584,5000,2670,10621,2190,20766,86043,28034,111273,2577,7305,58,63219,14546,232,72069,76339,45723,67251,28245,63206,24593
hsa-mir-944,0,0,44,0,0,0,0,0,0,0,0,0,0,0,178,0,0,0,0,0,0,0,0,0,0,0,0,0,32,24
hsa-mir-574,107,492,1049,379,796,527,682,46,504,0,24,0,0,195,624,306,476,66,168,0,474,75,0,461,724,486,858,244,315,148
hsa-mir-576,148,206,256,171,244,286,0,0,0,0,0,78,13,146,609,0,440,36,44,0,0,0,0,351,280,232,444,98,0,0
hsa-mir-577,212,1034,1651,313,832,0,0,30,421,0,0,154,0,213,1469,153,0,41,92,0,1602,126,0,653,891,1233,1474,472,1078,323
hsa-mir-3688-2,0,0,7,6,9,11,0,0,0,0,0,0,0,0,7,0,10,0,0,0,9,0,0,0,9,17,7,0,0,5
hsa-mir-5706,0,0,14,0,0,0,0,0,10,0,0,0,0,0,10,0,16,0,0,0,0,0,0,0,0,14,18,0,0,0
hsa-mir-143,9266,9170,26918,34296,13672,0,11576,211,24029,394,90,2994,0,5047,0,10977,0,0,0,0,0,0,0,7340,8090,2463,0,1155,0,0
hsa-mir-145,0,0,46,0,0,0,25,0,0,0,0,0,0,23,0,0,0,0,0,0,0,0,0,0,28,0,0,0,0,0
hsa-mir-378a,1782,8977,17704,9157,11997,3007,4183,208,13600,776,662,3337,993,1447,5464,7827,14267,650,1442,0,15619,2213,44,7596,4314,11033,14375,10262,16850,6661
hsa-mir-1294,0,0,34,0,10,0,0,0,0,0,0,0,0,0,0,0,0,0,0,0,0,0,0,0,0,36,0,0,0,20
hsa-mir-146a,3182,3964,6825,20015,52215,7094,3863,410,16327,598,130,1098,380,1436,18682,8724,34696,114,2984,0,4356,2144,0,11380,11132,11824,19528,1210,21653,34824
hsa-mir-1271,26,90,38,0,116,234,104,0,36,0,0,0,0,46,126,22,116,0,0,0,46,0,0,132,0,78,226,0,0,0
hsa-mir-219-1,0,0,16,0,16,0,0,0,0,0,0,0,0,0,0,0,0,0,0,0,0,0,0,0,0,7,0,0,0,0
hsa-mir-550a-1,32,49,47,16,49,53,26,0,26,0,0,11,0,0,75,21,43,0,0,0,40,8,0,19,15,78,0,6,55,21
hsa-mir-590,150,676,590,218,695,528,499,32,419,24,30,64,22,114,776,74,890,38,80,0,642,66,0,360,517,566,456,146,498,128
hsa-mir-335,0,1184,1766,0,1461,520,1116,0,930,52,0,0,44,0,2751,336,0,0,0,0,1514,723,0,808,1406,1302,0,566,0,0
hsa-mir-671,44,444,349,332,297,473,217,0,259,20,14,68,16,93,240,256,500,50,56,0,453,62,0,556,337,403,744,138,756,535
hsa-mir-4662a,26,66,38,58,18,106,114,0,94,0,0,0,0,0,86,34,102,0,24,0,96,30,0,116,140,46,48,84,236,108
hsa-mir-101-2,13062,48226,100256,26416,57674,52201,40573,3266,48595,3543,3917,10294,2041,24443,99269,5016,93397,4825,8894,152,78615,8442,715,55498,47764,59498,53792,29087,37394,8064
hsa-mir-23b,1133,1980,4187,0,2300,1597,0,212,2497,115,0,1187,74,1093,4336,0,4553,238,652,0,2442,0,0,2948,0,2826,0,794,0,0
hsa-mir-27b,7426,29338,133926,36375,35683,24606,19475,3490,28691,2638,1586,10581,3106,7870,48212,17124,88390,3507,6675,53,100653,5738,298,33742,59204,38377,68558,36661,47623,28488
hsa-mir-24-1,388,954,2509,1830,1499,1189,1143,106,1888,50,69,377,82,588,1598,750,2735,94,352,0,1103,220,0,1465,1126,1260,1649,0,835,832
hsa-mir-181a-2,6302,38660,18429,87671,11188,13942,12406,2063,131041,970,1006,13732,2675,7731,64707,103831,64758,2318,10634,12,30863,13354,55,82111,10652,33443,71362,4341,246362,94108
hsa-mir-181b-2,0,1535,651,2779,344,778,415,64,4395,33,35,500,132,345,2208,4057,2224,105,428,0,1265,614,0,2429,452,1045,2056,160,6780,2388
hsa-mir-126,2762,32867,3990,68053,539,4058,3090,427,49313,1220,733,5013,564,7394,22066,10030,37199,1120,21182,0,803,2863,20,13078,810,15356,58672,390,100863,67935
hsa-mir-651,16,144,168,31,88,64,30,0,36,0,0,0,0,22,86,0,142,0,0,0,70,0,0,34,64,100,72,24,76,20
hsa-mir-188,0,0,16,0,0,0,0,0,17,0,0,0,0,0,21,0,26,0,0,0,0,0,0,0,0,0,0,0,14,0
hsa-mir-500a,184,983,1357,1276,695,873,706,60,2109,24,36,242,76,242,942,1060,1627,60,166,0,912,222,0,960,922,1258,680,446,1031,584
hsa-mir-362,0,0,313,151,0,0,0,20,241,0,0,0,0,110,186,37,346,0,40,0,138,14,0,0,0,0,54,0,0,34
hsa-mir-501,105,239,194,188,215,0,161,0,202,0,0,47,0,84,129,206,388,20,42,0,139,0,0,312,292,500,163,52,121,113
hsa-mir-500b,0,0,15,0,9,21,0,0,21,0,0,0,0,0,0,0,0,0,0,0,0,0,0,10,14,10,0,0,0,0
hsa-mir-660,564,2069,4275,867,2239,3106,1587,166,3307,0,253,638,110,928,2116,686,3237,348,276,0,1879,481,0,1660,2001,2938,562,1300,1320,323
hsa-mir-502,66,331,370,281,271,394,212,0,560,0,0,96,0,96,286,270,524,20,0,0,295,60,0,292,358,457,135,130,292,76
hsa-mir-652,348,575,515,0,372,1480,341,32,0,18,0,126,0,438,1059,609,828,80,248,0,412,44,0,841,438,838,0,181,1497,686
hsa-mir-1277,68,363,359,319,302,66,223,18,382,0,0,75,0,80,400,32,367,40,98,0,274,10,0,115,139,252,160,118,560,110
hsa-mir-664b,31,60,121,28,121,58,44,0,96,0,0,19,0,38,108,35,146,0,14,0,79,19,0,52,124,63,106,56,51,0
hsa-mir-34a,0,66,1632,124,238,0,96,68,276,36,50,116,20,0,495,46,420,30,144,0,1057,0,0,0,12,114,0,238,0,24
hsa-mir-3605,0,32,25,0,0,0,22,0,0,0,0,0,0,0,0,0,27,0,0,0,29,0,0,40,0,34,45,0,0,0
hsa-mir-186,4478,43436,46072,23189,38766,68572,24238,1070,32749,2170,1750,3606,2056,8476,45944,11960,63268,1008,3036,24,49983,9216,48,36675,27661,38784,58261,15796,47186,17704
hsa-mir-190b,0,16,15,58,36,43,16,0,60,0,0,0,0,14,76,14,60,0,0,0,14,0,0,0,22,12,22,16,28,0
hsa-mir-1295a,50,328,298,58,428,416,268,6,132,0,8,0,0,24,572,72,462,20,6,0,280,38,0,298,626,244,460,190,12,0
hsa-mir-199a-2,197,1328,511,2887,247,258,317,27,2660,56,25,245,35,369,1225,935,889,66,283,0,197,222,0,640,257,360,2296,117,6009,3005
hsa-mir-29c,3579,7658,11491,2632,14941,19508,4899,417,4877,254,137,2441,192,6855,9061,1134,32057,0,2182,0,0,0,0,15150,10533,14182,14152,1587,13360,2862
hsa-mir-29b-2,0,1734,4402,825,4083,0,1179,82,1713,0,51,420,0,1372,3684,0,4026,106,0,0,2831,0,0,0,0,2698,0,753,0,0
hsa-mir-215,0,158,160,0,0,0,0,5,0,0,0,13,0,0,0,0,0,7,0,0,156,8,0,126,160,0,156,78,0,0
hsa-mir-194-1,143,443,289,166,204,372,196,26,250,7,6,72,10,70,270,154,624,30,45,0,356,39,0,187,166,470,220,122,375,85
hsa-mir-664a,287,751,1664,446,893,1316,822,96,663,12,12,106,5,199,479,394,1780,44,74,0,1103,174,0,741,1923,1055,1821,423,1067,393
hsa-mir-107,3444,7120,15849,6260,7886,13561,4367,661,11063,126,222,2390,140,5177,10295,3551,10426,1216,1866,0,11605,1116,27,8251,4996,11011,8534,4489,11353,5431
hsa-mir-1307,2471,4385,5633,5648,3501,1420,3837,446,6148,147,212,2526,111,4237,9977,569,6914,686,944,0,4341,224,0,2335,2934,7570,3928,805,6781,1831
hsa-mir-4482,0,0,14,0,0,0,0,0,0,0,0,0,0,10,30,0,0,0,0,0,0,0,0,0,0,0,36,0,28,0
hsa-mir-2110,0,53,47,0,45,0,0,0,0,0,0,0,0,0,0,0,0,0,6,0,39,0,0,0,54,0,0,0,0,0
hsa-mir-210,0,232,600,272,328,0,144,20,336,24,22,68,0,130,342,44,396,58,102,0,314,24,0,222,170,0,220,150,338,120
hsa-mir-192,5049,14599,12148,6842,7494,12682,7592,763,8149,470,272,4060,308,3688,11571,3871,26598,1367,1539,6,11558,1323,24,10349,7351,16838,14898,3830,8555,4360
hsa-mir-1291,0,0,20,0,20,0,0,0,0,0,0,0,0,0,0,0,0,0,0,0,30,0,0,0,0,0,0,0,0,0
hsa-mir-616,0,73,68,0,58,136,42,0,34,0,0,22,0,0,136,59,82,0,0,0,109,0,0,108,72,94,109,22,92,32
hsa-mir-618,0,12,32,44,18,0,0,0,0,0,0,0,0,20,30,26,20,0,0,0,0,0,0,0,0,0,0,0,0,0
hsa-mir-3613,0,0,40,0,0,0,0,0,0,6,0,0,0,0,0,6,0,0,0,0,0,0,0,0,0,0,0,0,0,7
hsa-mir-15a,7229,2520,1835,10271,61240,33161,24765,3070,33054,1734,2009,13069,1005,6416,52414,11494,47917,8507,7749,0,35138,3939,185,63404,15896,39697,94776,13473,50804,9552
hsa-mir-151b,986,12264,384,7878,52,2748,234,18,7290,328,247,917,155,6147,17257,3013,3196,736,3814,0,136,234,31,9195,215,2046,4991,15,20078,11928
hsa-mir-3942,0,0,18,0,0,0,0,0,0,0,0,0,0,0,0,0,0,0,0,0,0,0,0,0,0,22,0,0,0,0
hsa-mir-627,0,29,29,0,33,0,6,0,0,0,0,0,0,0,0,0,44,0,0,0,39,0,0,23,20,41,32,0,0,11
hsa-mir-628,59,114,138,213,100,84,62,0,189,0,0,45,0,12,125,128,127,0,14,0,80,16,0,129,86,128,176,37,195,121
hsa-mir-2116,0,0,58,0,0,0,0,0,0,0,0,0,0,0,0,0,22,0,0,0,0,0,0,0,0,0,0,0,0,0
hsa-mir-629,82,62,350,76,218,78,84,14,153,0,0,48,0,101,131,71,236,0,20,0,54,32,0,90,207,308,200,88,278,137
hsa-mir-328,0,146,116,0,164,144,82,0,0,0,0,5,5,84,62,0,110,0,0,0,116,0,0,146,142,78,292,16,404,0
hsa-mir-1910,0,18,16,0,22,0,24,0,14,0,0,0,0,0,12,18,0,14,0,0,26,0,0,16,18,12,18,0,46,38
hsa-mir-22,30286,56866,88095,130883,69709,23958,33144,4095,125525,3422,2700,23907,4520,19057,85526,82552,121117,4663,19090,18,77640,20952,92,80044,32485,106235,143933,20305,182280,116479
hsa-mir-132,68,105,147,237,84,86,54,0,239,0,0,32,6,34,168,249,254,20,42,0,127,42,0,136,77,164,143,48,237,115
hsa-mir-212,0,0,24,0,0,0,0,0,0,0,0,0,0,0,0,0,0,0,0,0,0,0,0,0,0,0,0,0,51,0
hsa-mir-195,222,148,248,359,737,980,210,14,170,0,0,40,0,228,671,69,1196,18,46,0,410,51,0,561,590,624,499,105,389,0
hsa-mir-497,66,46,80,71,0,0,50,0,0,0,0,20,0,0,186,0,274,0,14,0,186,0,0,0,123,158,0,0,0,0
hsa-mir-324,110,71,309,148,0,0,82,0,235,0,0,0,0,149,249,96,210,28,46,0,153,0,0,140,133,156,154,103,193,0
hsa-mir-144,18160,0,64,0,61,0,268,78,848,93,0,83,0,120,1272,0,3691,49,107,0,26,0,0,0,98,23708,0,0,0,0
hsa-mir-152,0,0,83,68,17,0,0,0,83,0,0,0,0,32,130,0,71,0,20,0,37,22,0,0,0,0,47,0,0,0
hsa-mir-10a,1126,2362,1384,5945,1688,4448,1178,268,11662,286,292,1102,622,766,14017,13832,18604,226,2202,0,2330,1324,0,6575,932,2169,5462,460,12448,14663
hsa-mir-3614,18,12,22,71,26,14,16,0,59,0,0,0,0,12,0,58,20,0,0,0,0,0,0,20,12,0,12,0,24,22
hsa-mir-142,113549,383811,498291,253869,521739,0,255259,13787,311258,0,13649,92797,9144,135807,499861,0,838660,24342,69117,0,501553,0,1003,0,353317,655744,0,169123,741077,0
hsa-mir-454,270,1279,1753,705,831,1033,546,66,1543,34,16,272,80,298,1114,607,1295,64,154,0,1265,283,0,728,482,977,1074,326,1816,637
hsa-mir-301a,348,1012,1762,1714,652,530,460,46,2546,48,28,254,76,252,1507,536,1298,40,130,0,1000,328,0,604,510,866,1327,228,2192,1176
hsa-mir-4524a,0,0,447,0,0,0,0,0,0,0,0,0,0,0,0,0,0,0,0,0,0,0,0,0,0,0,0,0,0,0
hsa-mir-338,64,222,484,505,1463,57,201,60,691,10,26,50,12,325,304,623,1321,425,273,0,568,70,0,1378,78,47,1293,402,438,128
hsa-mir-1270-1,0,26,30,0,0,0,16,0,0,0,0,0,0,0,0,0,18,0,0,0,0,0,0,0,0,0,0,0,0,0
hsa-mir-330,22,255,187,200,204,180,143,0,270,0,10,41,0,37,206,79,298,24,36,0,237,29,0,180,151,179,247,90,348,97
hsa-mir-150,105711,394628,267180,77000,326755,401333,210798,17734,361150,9798,6445,48110,2827,211480,458461,141165,301990,30136,79052,154,263595,30779,859,355906,438667,351385,340458,65237,243308,62751
hsa-mir-1301,0,22,27,24,12,22,15,0,27,0,0,0,0,0,17,12,20,0,0,0,19,0,0,24,12,28,33,0,31,26
hsa-mir-6513,0,0,5,0,5,0,0,0,0,0,0,0,0,0,0,0,10,0,0,0,0,0,0,0,0,7,5,0,13,5
hsa-mir-375,7,0,28,0,0,0,0,0,0,0,0,0,0,0,20,0,12,0,0,0,0,0,0,0,0,12,5,0,0,6
hsa-mir-5001,12,0,20,0,24,38,0,0,24,0,0,0,0,0,18,0,36,0,0,0,28,0,0,22,20,46,20,12,30,0
hsa-mir-2467,18,20,36,60,16,0,14,0,90,0,0,28,0,16,26,0,50,0,0,0,20,0,0,24,20,38,36,0,14,22
hsa-mir-296,18,36,123,10,70,42,0,0,45,0,0,0,0,0,0,0,25,0,0,0,96,0,0,14,94,75,0,0,50,0
hsa-mir-659,6,84,188,68,88,66,44,0,86,0,0,16,0,18,120,24,168,0,0,0,102,0,0,122,58,118,132,32,70,44
hsa-mir-191,19094,98694,167395,154857,104437,73107,65997,3251,129017,3278,3930,14613,4450,30520,100359,68138,247924,3858,22564,28,98750,22162,76,114292,99579,115954,234868,39228,149441,156034
hsa-mir-1255a,0,14,22,0,0,0,0,0,14,0,0,0,0,0,36,0,0,0,0,0,0,0,0,18,0,16,0,0,46,0
hsa-mir-582,0,0,460,702,217,0,0,0,863,6,0,123,0,0,290,99,561,0,75,0,47,0,0,110,159,0,63,0,0,205
hsa-mir-2277,0,74,38,30,36,45,20,0,54,0,0,0,0,0,28,26,0,0,0,0,54,0,0,56,0,54,59,24,55,24
hsa-mir-874,0,0,262,0,0,0,0,0,0,0,0,0,0,0,0,0,0,48,0,0,0,0,0,0,140,0,128,0,0,0
hsa-mir-584,142,586,106,1366,14,82,54,0,1352,36,0,56,0,148,420,470,552,18,232,0,22,178,0,478,16,372,2040,0,2704,2882
hsa-mir-3912,0,59,133,0,0,135,51,0,74,0,0,0,0,41,155,0,143,0,23,0,0,0,0,110,65,82,83,0,94,42
hsa-mir-340,969,0,14565,5520,0,0,0,0,6463,0,0,0,177,725,0,1257,6742,0,0,0,0,906,0,3773,0,0,8014,0,4193,2232
hsa-mir-5690,0,50,36,32,12,42,42,0,70,0,0,0,0,0,56,0,46,0,14,0,20,0,0,16,26,36,38,0,24,0
hsa-mir-30a,55,0,173,0,149,355,162,43,0,0,0,3905,0,137,0,0,310,28,0,0,205,0,0,0,214,112,0,0,6343,0
hsa-mir-339,622,1376,2207,1477,2658,2149,1250,104,2679,70,65,440,46,1577,2778,942,1607,88,637,0,2048,183,0,3094,882,864,996,413,4619,1527
hsa-mir-589,208,769,1288,824,1027,622,727,82,961,20,20,304,0,272,766,928,1482,70,214,0,959,118,0,1037,471,1126,1429,256,1463,1016
hsa-mir-148a,4048,88755,189580,38979,112559,51225,75327,2418,41233,2629,5988,10161,2585,4537,40456,20570,234212,6733,7956,150,146888,22956,408,51898,180080,100420,97960,56856,74097,0
hsa-mir-196b,25,0,17,0,24,0,0,0,0,0,0,0,0,18,0,0,63,0,0,0,29,0,0,0,0,28,32,0,0,0
hsa-mir-93,2737,7072,12914,7109,6680,8102,4314,0,9691,650,595,1693,528,1930,10443,3966,11430,514,1847,0,9892,1611,48,7100,6296,12224,10961,0,13148,4819
hsa-mir-106b,2553,3031,6287,2813,4191,3979,2249,196,0,191,0,1109,0,0,6034,0,6200,436,883,0,5474,0,0,0,3551,6656,0,0,0,0
hsa-mir-182,2404,0,1166,944,302,0,258,106,1760,0,0,0,0,178,0,0,2056,46,292,0,0,362,0,874,314,11754,992,136,3282,3908
hsa-mir-183,296,156,88,28,46,22,20,0,124,24,0,0,0,0,66,24,196,0,24,0,30,0,0,50,32,880,0,0,100,82
hsa-mir-29a,24588,0,136893,0,0,0,0,0,0,2858,2922,0,0,0,158372,0,167172,4289,0,64,118156,13392,264,0,79517,0,0,0,0,0
hsa-mir-598,0,0,774,0,534,506,456,48,0,26,38,206,22,0,0,0,0,282,150,0,506,88,0,428,0,536,342,0,504,146
hsa-mir-320a,508,2276,3432,3138,2802,5872,1306,106,3822,158,64,464,102,1236,4954,1178,4310,90,380,0,3362,448,0,3470,3414,3614,5988,1406,4586,2914
hsa-mir-486,95582,20522,53248,24599,17644,29495,15858,1345,29744,1416,722,6225,768,13873,40761,17566,78479,2092,8524,14,25511,6402,71,38629,23429,302717,68060,9512,46945,62820
hsa-mir-30b,4690,18285,38354,8278,17190,19650,12715,1238,13179,320,624,2446,272,6710,21431,2832,32918,1592,2272,16,22542,2838,58,10722,16308,15102,17492,8043,13942,4003
hsa-mir-30d,0,0,92102,45199,0,0,0,0,60968,1746,0,0,1306,0,0,21960,0,0,0,0,84439,15322,0,0,0,0,94730,29987,87772,47708
hsa-mir-31,34,48,60,129,0,20,41,0,343,0,0,0,0,34,152,0,146,0,44,0,84,14,0,124,14,78,12,20,36,0
hsa-mir-1299,0,0,10,0,0,0,0,0,0,0,0,0,0,7,0,0,0,0,0,0,0,0,0,0,256,0,18,135,0,0
hsa-mir-7-1,123,289,220,139,0,314,0,0,209,18,0,49,0,86,521,0,397,18,57,0,256,0,0,410,169,310,257,74,301,0
hsa-mir-221,0,9501,10170,11183,14876,0,8955,0,0,0,344,0,346,0,0,0,15444,0,0,0,12624,1917,0,9053,4065,10303,22435,0,0,0
hsa-mir-222,755,0,2218,0,0,3666,0,0,0,0,0,734,0,1588,0,0,0,0,627,0,0,0,0,0,0,0,0,0,0,0
hsa-mir-1468,32,272,266,116,154,98,244,0,254,24,0,28,0,34,370,140,180,16,0,0,202,90,0,326,178,142,392,114,296,200
hsa-mir-421,88,658,790,612,414,256,273,28,772,0,22,82,16,0,360,582,672,40,0,0,690,142,0,498,330,600,794,154,1200,692
hsa-mir-374b,336,730,807,780,775,569,321,38,928,10,0,116,21,210,770,529,1250,69,92,0,726,110,0,598,611,588,839,217,785,467
hsa-mir-374a,0,2403,3503,1478,0,0,1291,143,2194,134,145,467,137,0,3197,0,0,213,377,0,2637,288,0,1501,1757,0,1678,1142,2159,582
hsa-mir-361,1866,10771,16910,3351,16013,15610,7886,538,10914,715,654,2237,393,4517,12139,3623,14789,1043,1614,0,12072,2080,117,10145,0,12127,16299,5766,16253,3215
hsa-mir-766,0,586,378,384,0,0,0,30,464,0,0,0,0,142,452,204,0,64,86,0,0,20,0,257,294,0,626,0,0,386
hsa-mir-363,1630,1631,4429,1551,405,902,644,108,3541,226,58,1082,136,470,4744,1415,2796,123,819,0,861,394,0,0,207,4610,980,1378,9891,0
hsa-mir-20b,72,56,324,60,26,44,18,10,184,0,0,50,0,26,256,46,132,0,46,0,50,38,0,26,12,280,50,70,248,44
hsa-mir-106a,46,70,180,64,0,54,34,0,142,0,0,24,0,30,179,32,122,0,8,0,64,14,0,22,16,191,40,50,164,42
hsa-mir-450b,20,78,98,120,86,12,48,0,168,0,0,22,0,18,74,120,82,0,26,0,30,20,0,68,46,58,60,0,40,28
hsa-mir-450a-1,11,20,28,46,21,7,22,0,85,0,0,0,0,11,32,32,30,0,10,0,9,10,0,8,14,16,7,0,0,11
hsa-mir-542,6,6,54,88,29,0,42,0,96,0,0,7,0,24,44,0,64,0,7,0,22,5,0,9,11,10,26,0,6,7
hsa-mir-424,121,109,116,281,116,37,85,0,533,0,0,63,0,102,131,0,208,10,60,0,37,48,0,82,95,0,0,0,82,0
hsa-mir-505,0,224,240,140,0,102,108,0,238,0,0,0,0,0,0,0,212,20,0,0,231,0,0,129,224,0,144,0,200,0
hsa-let-7b,1629,4756,14113,3981,4361,7386,4008,461,6415,219,158,2185,274,3015,7917,2892,5782,468,793,5,8566,1020,19,9788,4043,9087,11537,2408,5828,3939
hsa-let-7c,99,276,488,201,262,321,180,23,248,34,25,113,24,149,377,133,396,35,149,0,221,69,13,466,151,413,447,85,326,307
hsa-let-7d,997,4447,4972,3221,3813,3956,2765,166,4139,95,90,906,76,1417,4524,2384,4649,359,660,0,4381,577,8,4582,2737,6109,7236,1667,7323,5581
hsa-let-7e,12,152,58,178,17,31,25,7,257,6,0,27,10,27,86,63,96,5,81,0,56,29,0,141,13,48,385,11,588,1278
hsa-let-7f-1,9,52,26,23,37,27,14,0,42,0,0,0,0,10,51,17,34,0,11,0,46,7,0,22,31,33,47,9,35,12
hsa-let-7f-2,25,131,170,52,83,17,96,9,111,12,21,24,0,28,138,15,152,19,15,0,152,19,0,95,102,96,121,75,91,28
hsa-let-7g,13768,102601,128523,32889,119024,86603,68383,4004,57403,1822,3414,14652,1716,29130,89136,21343,108189,6715,11110,42,106541,14711,285,115891,48401,117780,135995,43785,80869,34430
hsa-let-7i,6508,15423,19394,14569,25357,28300,12371,1288,28944,1046,472,7097,584,12185,53348,11765,34521,2059,5416,17,27759,4279,72,20971,18883,22964,30989,12776,30208,13884
hsa-mir-100,0,6,6,0,0,0,0,0,0,0,0,0,0,0,0,0,0,0,0,0,0,0,0,62,0,0,0,0,0,0
hsa-mir-10b,0,0,7,0,7,0,6,0,0,0,0,0,5,0,0,0,0,5,0,0,0,0,0,0,5,0,0,0,0,0
hsa-mir-1179,0,0,7,7,6,0,0,0,0,0,0,0,0,0,0,0,0,0,0,0,0,0,0,0,0,5,0,5,0,0
hsa-mir-1254-2,0,0,6,0,0,5,0,0,5,0,0,0,0,0,0,0,0,0,0,0,0,0,0,0,0,0,0,0,6,0
hsa-mir-1260b,106,64,212,122,33,124,343,22,83,0,0,70,0,42,122,178,81,11,62,0,53,11,0,64,201,75,56,59,262,123
hsa-mir-1268a,0,0,10,0,13,0,5,0,6,0,0,0,0,7,9,0,10,0,0,0,8,0,0,15,19,7,9,0,0,0
hsa-mir-1268b,0,5,11,0,13,0,6,0,6,0,0,5,0,8,12,0,10,0,0,0,9,0,0,17,19,8,9,0,0,0
hsa-mir-1275,88,72,156,65,80,61,35,13,213,0,5,20,0,136,127,84,193,44,43,0,77,8,0,300,159,154,99,18,98,94
hsa-mir-1278,0,0,6,0,0,0,0,0,0,0,0,0,0,0,0,0,0,0,0,0,5,0,0,0,5,0,0,0,0,0
hsa-mir-1296,0,8,12,34,0,5,0,0,20,0,0,0,0,0,40,0,22,0,0,0,6,0,0,26,11,15,30,0,48,30
hsa-mir-1306,0,5,6,0,0,5,0,0,9,0,0,0,0,0,0,0,5,0,0,0,9,0,0,0,5,5,0,0,9,0
hsa-mir-1322,0,5,8,0,6,5,0,0,8,0,0,0,0,0,0,0,5,0,0,0,6,0,0,0,0,5,5,0,6,0
hsa-mir-153-1,0,0,7,6,0,0,5,0,0,0,0,0,0,0,0,0,32,7,40,0,7,0,0,0,0,0,0,0,40,0
hsa-mir-18b,11,0,14,6,0,7,0,0,13,0,0,7,0,0,15,0,14,0,0,0,0,0,0,6,0,19,6,0,13,5
hsa-mir-2115,0,6,7,6,0,0,0,0,0,0,0,0,0,0,0,0,5,0,0,0,0,0,0,0,5,0,0,0,0,0
hsa-mir-223,3892,11567,13172,19368,11322,2368,7927,0,21779,676,0,1858,331,3767,6032,9575,7228,0,1131,0,3102,1318,0,4654,5075,5696,5311,1096,8139,2404
hsa-mir-2355,8,40,20,48,28,23,11,0,49,0,0,0,0,9,57,0,18,0,8,0,23,0,0,29,22,21,40,0,89,55
hsa-mir-25,0,15606,26344,15821,12214,19243,12030,0,22306,0,0,3875,1167,6689,29879,11418,34803,0,2949,0,24245,2937,0,12109,28137,25117,15010,10248,17313,8337
hsa-mir-3064,0,0,5,0,0,0,0,0,0,0,0,0,0,0,6,0,0,0,0,0,0,0,0,0,0,0,0,0,0,0
hsa-mir-3074,0,6,9,9,10,11,0,0,0,0,0,0,0,5,7,6,23,0,0,0,10,0,0,6,0,0,0,0,0,34
hsa-mir-3136,0,8,5,5,5,0,0,0,0,0,0,0,0,0,0,0,0,0,0,0,0,0,0,0,0,5,6,0,6,0
hsa-mir-3143,0,5,8,5,7,0,0,0,0,0,0,0,0,0,0,0,5,0,0,0,0,0,0,0,0,0,0,0,0,0
hsa-mir-3157,0,6,19,7,9,15,10,0,6,0,0,0,0,0,0,0,0,0,0,0,0,0,0,9,6,14,8,0,11,0
hsa-mir-3177,0,0,5,0,0,0,0,0,0,0,0,0,0,0,0,0,0,0,0,0,0,0,0,0,0,0,0,0,0,0
hsa-mir-3194,5,9,18,7,12,13,7,0,15,0,0,7,0,0,29,6,0,0,0,0,0,0,0,0,5,15,18,6,0,0
hsa-mir-32,1010,2511,3083,759,2169,2342,1914,158,1808,136,107,671,61,743,3953,292,4750,315,658,0,2403,173,20,1894,1506,3504,1640,658,2593,430
hsa-mir-3202-1,0,0,5,0,0,7,0,0,7,0,0,0,0,0,8,0,0,0,0,0,0,0,0,0,0,0,6,0,0,0
hsa-mir-320c-1,0,0,10,0,0,13,0,0,0,0,0,0,0,0,6,0,6,0,0,0,5,0,0,6,0,7,8,0,0,6
hsa-mir-320d-1,0,5,6,0,0,12,0,0,0,0,0,0,0,0,7,0,19,0,0,0,12,0,0,7,5,5,16,0,8,0
hsa-mir-323b,0,0,5,9,0,0,0,0,39,0,0,0,0,0,16,38,18,0,0,0,0,0,0,7,0,0,15,0,46,68
hsa-mir-33a,72,88,201,0,0,0,107,18,0,0,10,78,0,233,0,6,0,18,0,0,0,0,0,86,0,0,0,0,0,38
hsa-mir-33b,176,44,120,99,51,52,39,14,201,0,0,48,0,45,153,8,154,17,34,0,110,12,0,71,57,264,53,21,107,19
hsa-mir-3607,116,562,979,139,1294,351,311,43,655,59,39,145,28,149,1058,138,562,84,38,0,1591,130,0,430,534,883,819,499,738,93
hsa-mir-3609,7,10,11,0,0,0,6,0,0,0,0,0,0,6,6,5,0,0,0,0,13,5,0,0,24,0,0,0,0,0
hsa-mir-3611,0,0,6,0,6,0,6,0,0,0,0,0,0,0,0,0,0,0,0,0,0,0,0,0,5,0,5,0,0,0
hsa-mir-3651,0,0,20,0,13,11,0,0,6,0,0,5,0,0,8,0,0,0,0,0,16,0,0,8,6,5,0,21,12,0
hsa-mir-3653,6,12,51,13,51,13,16,0,13,0,0,10,0,6,15,5,23,0,0,0,42,0,0,25,22,40,40,38,23,7
hsa-mir-3677,0,0,6,0,5,0,5,0,0,0,0,0,0,0,0,0,0,0,0,0,0,0,0,0,6,0,0,0,0,0
hsa-mir-371b,6,12,10,0,6,0,0,0,0,0,0,0,0,0,10,9,0,0,0,0,0,0,0,0,9,0,11,0,6,0
hsa-mir-378c,269,708,1444,246,1007,433,242,9,552,51,44,293,52,160,189,281,923,51,117,0,915,66,5,368,271,806,618,576,895,267
hsa-mir-378d-1,100,242,348,49,263,137,64,0,106,9,5,106,11,53,54,54,199,13,30,0,189,12,0,92,57,165,151,119,221,59
hsa-mir-378e,19,0,6,0,0,0,0,0,0,0,0,0,0,0,0,0,0,0,0,0,0,0,0,0,0,0,0,0,0,0
hsa-mir-3916,0,5,8,6,6,0,0,0,8,0,0,0,0,0,0,0,15,0,0,0,8,0,0,10,0,15,8,0,6,0
hsa-mir-425,851,2761,5481,3194,2581,2137,2048,163,4203,49,70,609,43,996,2793,2141,4886,294,602,0,3732,469,8,3495,2633,4108,4474,1073,4737,2575
hsa-mir-431,0,19,8,11,0,0,5,0,61,0,0,6,0,0,64,38,25,0,20,0,0,0,0,34,0,0,26,0,112,137
hsa-mir-4432,0,10,57,0,20,21,0,0,9,0,0,0,0,0,0,0,0,0,0,0,9,0,0,31,8,13,31,0,0,0
hsa-mir-4443,0,0,32,35,110,42,17,0,42,0,0,11,0,23,0,27,61,11,12,0,58,7,0,7,10,15,0,13,38,20
hsa-mir-4449,0,0,5,0,0,0,0,0,0,0,0,0,0,0,0,0,0,0,0,0,0,0,0,0,0,0,0,0,0,0
hsa-mir-4464,7,26,82,17,47,0,18,0,8,0,0,0,0,7,116,0,21,0,6,0,0,0,0,25,19,13,41,0,26,0
hsa-mir-4491,0,0,14,0,8,0,0,0,0,0,0,0,0,0,16,0,12,0,0,0,6,0,0,0,6,0,10,7,10,0
hsa-mir-4512,0,0,5,0,0,0,0,0,0,0,0,0,0,0,0,0,0,0,0,0,0,0,0,0,0,0,0,0,0,0
hsa-mir-451a,13441,402,79,458,133,264,289,121,1360,45,0,87,0,206,1788,757,3603,49,246,0,54,242,0,2237,323,27807,758,203,103,38
hsa-mir-4520a,0,0,5,0,0,0,0,0,0,0,0,0,0,0,0,0,0,0,0,0,6,0,0,6,5,0,10,0,0,0
hsa-mir-4645,6,11,6,0,0,9,0,0,14,0,0,0,0,0,6,9,8,0,0,0,6,0,0,6,0,0,0,0,0,12
hsa-mir-4659a,0,0,5,0,5,0,0,0,0,0,0,0,0,0,6,0,7,0,0,0,0,0,0,0,0,0,9,0,5,0
hsa-mir-4687,0,0,7,0,0,5,0,0,8,0,0,0,0,0,5,8,6,0,0,0,5,0,0,0,8,0,0,0,5,0
hsa-mir-4746,5,5,7,0,5,0,0,0,0,0,0,0,0,0,0,0,0,0,0,0,6,0,0,0,0,0,0,0,0,0
hsa-mir-4767,0,5,8,0,0,7,0,0,5,0,0,0,0,0,10,0,5,0,0,0,5,0,0,0,0,0,0,0,0,8
hsa-mir-4791,0,0,10,0,15,0,0,0,0,0,0,0,0,0,0,0,7,0,0,0,0,0,0,7,0,7,6,0,6,0
hsa-mir-5091,0,10,8,7,23,8,17,0,5,0,0,13,0,20,0,0,48,11,0,0,31,0,0,25,12,14,27,0,17,5
hsa-mir-532,355,1096,2061,613,954,1603,846,86,1426,64,143,313,82,491,1052,675,1566,190,199,7,1067,363,7,1260,1445,1667,376,437,752,254
hsa-mir-545,0,6,14,0,0,0,5,0,0,0,0,0,0,0,0,0,5,0,0,0,13,0,0,6,0,8,5,0,6,0
hsa-mir-548al,0,0,16,0,13,0,0,0,6,0,0,0,0,0,7,0,8,0,0,0,6,0,0,6,0,8,9,7,6,0
hsa-mir-5696,0,0,6,0,0,0,0,0,0,0,0,0,0,0,0,0,0,0,0,0,0,0,0,0,0,0,0,0,0,0
hsa-mir-5701-1,66,84,195,41,185,67,93,11,107,10,0,48,0,50,147,25,192,40,17,0,248,16,0,131,114,211,115,170,59,45
hsa-mir-580,0,10,8,18,26,7,0,0,20,0,0,0,0,12,28,0,40,0,0,0,8,0,0,0,0,16,18,0,22,5
hsa-mir-6087,5,0,6,0,0,0,0,0,0,0,0,0,0,5,0,0,0,0,0,0,0,0,0,0,0,0,0,0,0,0
hsa-mir-624,7,6,5,6,0,0,0,0,8,0,0,6,0,0,13,0,9,0,0,0,11,0,0,9,5,7,12,0,0,0
hsa-mir-641,7,36,38,26,43,44,40,5,38,0,0,7,0,10,70,19,49,5,8,0,62,10,0,31,30,47,51,12,67,29
hsa-mir-6503,0,8,15,0,0,8,11,0,0,0,7,12,0,6,0,0,24,8,7,0,20,6,0,0,11,5,0,0,0,8
hsa-mir-873,5,447,61,162,10,24,30,26,175,0,0,110,6,65,67,154,291,0,13,0,80,79,0,105,43,33,106,0,5,0
hsa-mir-877,0,9,9,17,10,9,0,0,16,0,0,0,0,0,15,8,25,0,0,0,14,0,0,21,10,7,30,5,52,37
hsa-mir-940,0,0,5,0,0,0,5,0,0,0,0,0,0,0,6,0,0,0,0,0,0,0,0,0,0,5,0,0,0,0
hsa-mir-98,696,4710,7645,3333,3520,2015,3231,156,3196,116,162,1220,162,797,3104,1573,5061,321,802,0,3893,717,6,5168,2100,5887,7832,1875,5693,6477
hsa-mir-99b,36,0,63,0,0,0,0,24,0,0,0,0,9,0,0,0,0,0,0,0,0,0,0,0,0,123,0,9,0,0
hsa-mir-196a-2,0,0,0,7,0,0,0,0,11,0,0,0,0,0,8,0,0,0,0,0,14,0,0,7,0,8,0,0,0,0
hsa-mir-6502,0,0,0,16,0,0,0,0,28,0,0,0,0,0,0,0,0,0,0,0,0,0,0,0,0,0,14,0,0,0
hsa-mir-493,0,34,0,0,0,0,0,0,105,0,0,0,0,0,88,48,29,0,14,0,0,0,0,26,0,0,36,0,0,169
hsa-mir-337,0,0,0,0,0,0,0,0,22,0,0,0,0,0,24,0,0,0,0,0,0,0,0,0,0,0,0,0,22,18
hsa-mir-127,0,0,0,0,0,0,0,0,54,0,0,0,0,0,49,28,22,0,0,0,0,14,0,0,0,0,0,0,52,63
hsa-mir-370,0,0,0,0,0,0,0,0,38,0,0,0,0,0,30,0,0,0,0,0,0,0,0,18,0,0,0,0,50,96
hsa-mir-379,0,0,0,0,0,0,0,0,22,0,0,0,0,0,23,14,0,0,0,0,0,0,0,0,0,0,0,0,16,0
hsa-mir-1197,0,0,0,0,0,0,0,0,16,0,0,0,0,0,0,0,0,0,0,0,0,0,0,0,0,0,0,0,24,26
hsa-mir-758,0,0,0,0,0,0,0,0,36,0,0,0,0,0,0,0,0,0,0,0,0,0,0,0,0,0,0,0,66,0
hsa-mir-494,0,0,0,0,0,0,0,0,12,0,0,0,0,0,14,0,0,0,0,0,0,0,0,0,0,0,0,0,14,10
hsa-mir-495,0,0,0,0,0,0,0,0,18,0,0,0,0,0,22,0,0,0,0,0,0,0,0,0,0,0,0,0,0,0
hsa-mir-376c,0,0,0,0,0,0,0,0,42,0,0,0,0,0,30,0,10,0,0,0,0,0,0,0,0,0,12,0,30,16
hsa-mir-1185-1,0,0,0,0,0,0,0,0,28,0,0,0,0,0,22,0,0,0,0,0,0,0,0,0,0,0,0,0,28,26
hsa-mir-487b,0,6,0,0,0,0,0,0,35,0,0,0,0,0,34,30,13,0,0,0,0,0,0,14,0,0,23,0,50,71
hsa-mir-539,0,0,0,0,0,0,0,0,32,0,0,0,0,0,48,0,22,0,0,0,0,0,0,0,0,0,0,0,45,0
hsa-mir-889,0,36,0,14,0,0,0,0,120,0,0,0,0,0,108,50,62,0,18,0,0,0,0,24,0,14,72,0,166,140
hsa-mir-487a,0,0,0,0,0,0,0,0,18,0,0,0,0,0,22,14,0,0,0,0,0,0,0,0,0,0,14,0,0,42
hsa-mir-382,0,0,0,0,0,0,0,0,22,0,0,0,0,0,0,0,0,0,0,0,0,0,0,0,0,0,0,0,0,0
hsa-mir-134,0,0,0,16,0,0,0,0,54,0,0,0,0,0,36,94,34,0,0,0,0,0,0,0,0,0,24,0,68,70
hsa-mir-485,0,0,0,0,0,0,0,0,20,0,0,0,0,0,0,78,0,0,0,0,0,0,0,10,0,0,12,0,70,70
hsa-mir-496,0,0,0,0,0,0,0,0,16,0,0,0,0,0,0,0,0,0,0,0,0,0,0,0,0,0,0,0,14,16
hsa-mir-377,0,0,0,0,0,0,0,0,18,0,0,0,0,0,0,0,0,0,0,0,0,0,0,0,0,0,0,0,0,0
hsa-mir-369,0,0,0,0,0,0,0,0,57,0,0,0,0,0,0,34,0,0,0,0,0,0,0,0,0,0,0,0,111,84
hsa-mir-656,0,0,0,0,0,0,0,0,12,0,0,0,0,0,0,0,0,0,0,0,0,0,0,0,0,0,0,0,0,0
hsa-mir-3176,0,0,0,16,0,0,0,0,20,0,0,0,0,0,16,0,0,0,0,0,0,0,0,0,0,0,19,0,18,0
hsa-mir-133a-2,0,30,0,66,0,0,0,0,96,0,0,0,0,40,20,24,16,0,0,0,0,0,0,0,0,42,170,0,317,132
hsa-mir-125b-2,0,10,0,24,0,12,0,0,39,0,0,0,0,0,36,13,41,24,34,0,8,0,0,0,0,12,11,0,52,35
hsa-mir-4446,0,16,0,42,12,0,0,0,20,0,0,0,0,0,0,0,0,0,0,0,0,0,0,0,0,0,30,0,50,70
hsa-mir-133b,0,0,0,0,0,0,0,0,16,0,0,0,0,0,0,0,0,0,0,0,0,0,0,0,0,0,0,0,0,16
hsa-mir-490,0,0,0,32,0,0,0,0,14,0,0,0,0,0,26,0,46,0,0,0,0,0,0,0,0,16,0,0,14,0
hsa-mir-3690-1,12,0,0,28,0,0,0,0,26,0,0,0,0,0,0,0,0,0,0,0,0,0,0,0,0,0,0,0,0,0
hsa-mir-1256,0,0,0,7,0,0,0,0,5,0,0,0,0,0,5,0,0,0,0,0,0,0,0,0,0,0,0,0,0,5
hsa-mir-139,0,103,0,190,0,14,0,0,100,0,0,0,0,30,78,168,90,0,26,0,0,0,0,10,0,12,171,0,292,181
hsa-mir-326,0,58,0,492,0,16,10,0,282,0,0,0,0,62,144,48,102,12,20,0,12,12,0,36,32,24,152,0,202,152
hsa-mir-4736,0,0,0,0,0,0,0,0,28,0,0,0,0,0,0,0,0,0,0,0,0,0,0,0,0,0,0,0,0,0
hsa-mir-1285-2,0,0,0,0,0,0,5,0,5,0,0,0,0,0,5,0,5,0,0,0,0,0,0,0,0,0,0,0,8,0
hsa-mir-548f-2,0,0,0,0,0,0,0,0,5,0,0,0,0,0,0,0,0,0,0,0,0,0,0,0,0,0,0,0,0,0
hsa-mir-1249,5,0,0,9,0,0,0,0,32,0,0,0,0,0,6,0,5,0,0,0,0,0,0,0,10,0,0,0,0,0
hsa-mir-95,0,0,0,0,0,0,0,0,16,0,0,0,0,0,0,0,0,0,0,0,0,0,0,0,0,0,0,0,46,14
hsa-mir-449a,0,0,0,0,0,0,0,0,14,0,0,0,0,0,0,0,0,0,0,0,0,0,0,0,0,0,0,0,0,0
hsa-mir-96,0,0,0,0,0,0,0,0,10,0,0,0,0,0,0,0,0,0,0,0,0,0,0,0,0,0,0,0,18,0
hsa-mir-224,0,39,0,61,0,0,0,0,60,0,0,0,0,0,40,35,8,0,16,0,0,0,0,10,0,8,16,0,124,81
hsa-mir-1226,0,0,0,0,0,0,0,0,9,0,0,0,0,0,0,0,5,0,0,0,0,0,0,0,7,0,6,0,0,0
hsa-mir-1287,0,7,0,26,0,0,0,0,8,0,0,0,0,0,5,14,6,0,0,0,24,0,0,0,0,0,24,0,16,14
hsa-mir-1303,0,0,0,6,0,0,0,0,5,0,0,0,0,0,0,5,5,0,0,0,7,0,0,0,0,6,0,0,9,7
hsa-mir-147b,0,0,0,0,0,0,5,0,6,0,0,0,0,0,6,0,5,0,0,0,6,0,0,0,0,0,0,0,0,0
hsa-mir-1537,0,0,0,9,11,6,10,0,8,0,0,0,0,0,0,0,7,0,0,0,6,0,0,6,0,10,0,0,0,5
hsa-mir-1538,0,0,0,0,0,0,0,0,5,0,0,0,0,0,5,0,0,0,0,0,0,0,0,0,0,0,0,0,5,0
hsa-mir-3150b,0,0,0,0,0,0,0,0,10,0,0,0,0,5,0,6,8,0,0,0,0,0,0,0,0,0,0,0,0,0
hsa-mir-3174,0,0,0,0,0,0,0,0,5,0,0,0,0,0,0,0,0,0,0,0,0,0,0,0,0,0,0,0,5,0
hsa-mir-323a,0,0,0,5,0,0,0,0,10,0,0,0,0,0,12,0,5,0,0,0,0,0,0,0,0,0,0,0,0,13
hsa-mir-3620,0,0,0,5,0,0,0,0,8,0,0,0,0,0,0,0,0,0,0,0,0,0,0,0,5,0,0,0,0,5
hsa-mir-3917,0,0,0,0,0,0,0,0,5,0,0,0,0,13,0,0,9,0,0,0,0,0,0,0,0,0,0,0,6,0
hsa-mir-3939,0,0,0,0,0,0,0,0,5,0,0,0,0,0,0,0,0,0,0,0,0,0,0,0,0,0,0,0,0,0
hsa-mir-432,0,8,0,0,0,0,0,0,29,0,0,0,0,0,21,17,9,0,0,0,0,0,0,16,0,0,17,0,33,71
hsa-mir-433,0,0,0,0,0,0,0,0,8,0,0,0,0,0,5,0,0,0,0,0,0,0,0,0,0,0,5,0,10,9
hsa-mir-4473,0,0,0,0,0,0,0,0,6,0,0,0,0,0,5,0,0,0,0,0,0,0,0,0,0,0,0,0,6,0
hsa-mir-4485,39,0,0,0,0,0,0,0,8,0,0,0,0,0,0,0,0,0,0,0,0,0,0,0,5,0,0,0,0,0
hsa-mir-4661,0,5,0,0,0,0,5,0,6,0,0,0,0,0,11,0,0,0,0,0,10,0,0,10,0,0,0,0,0,8
hsa-mir-4685,0,0,0,0,0,11,0,0,5,0,0,0,0,7,0,0,10,0,0,0,0,0,0,0,0,5,5,0,0,0
hsa-mir-491,0,0,0,0,0,0,0,0,5,0,0,0,0,0,0,0,0,0,0,0,0,0,0,5,0,0,0,0,0,5
hsa-mir-4999,0,0,0,0,6,8,0,0,9,0,0,0,0,0,9,0,0,0,0,0,7,0,0,6,6,0,0,0,7,0
hsa-mir-551a,0,0,0,0,0,0,0,0,6,0,0,0,0,0,0,0,0,0,0,0,0,0,0,0,0,0,0,0,0,0
hsa-mir-556,0,8,0,0,0,0,0,0,5,0,0,0,0,0,0,0,0,0,0,0,0,0,0,0,0,0,0,0,0,0
hsa-mir-6501,0,0,0,0,5,0,0,0,5,0,0,0,0,0,0,0,0,0,0,0,0,0,0,0,0,0,0,0,9,6
hsa-mir-378i,0,0,0,0,0,0,0,0,0,7,6,0,17,0,0,0,8,0,0,0,0,5,0,0,0,0,0,0,6,0
hsa-mir-708,7,0,0,0,0,271,0,11,0,0,23,0,0,0,0,0,0,0,5,0,0,0,0,0,0,5,0,0,182,56
hsa-mir-3161,0,12,0,0,0,0,0,0,0,0,0,0,0,0,0,28,0,0,0,0,0,0,0,0,0,24,14,0,12,0
hsa-mir-3913-2,0,0,0,0,10,0,0,0,0,0,0,0,0,0,0,0,16,0,0,0,11,0,0,0,0,11,12,0,0,0
hsa-mir-184,0,18,0,12,0,42,0,0,0,0,0,0,0,0,10,0,0,0,0,0,30,0,0,0,16,20,84,16,0,0
hsa-mir-643,0,12,0,0,0,0,0,0,0,0,0,0,0,0,0,0,15,0,0,0,0,0,0,0,0,11,0,0,0,0
hsa-mir-561,0,0,0,0,0,0,0,0,0,0,0,0,0,0,0,0,0,0,0,0,0,0,0,0,0,14,10,0,0,0
hsa-mir-1180,14,0,0,0,0,0,0,0,0,0,0,0,0,0,12,0,0,0,0,0,0,0,0,0,0,44,0,0,28,10
hsa-mir-4732,14,0,0,0,0,0,0,0,0,0,0,0,0,0,0,0,0,0,0,0,0,0,0,0,0,79,0,0,0,0
hsa-mir-3610,0,0,0,0,0,0,0,0,0,0,0,0,0,0,0,0,0,0,0,0,0,0,0,0,0,6,0,0,0,0
hsa-mir-3667,0,0,0,0,0,0,0,0,0,0,0,0,0,0,0,0,0,0,0,0,0,0,0,0,0,13,0,0,0,0
hsa-mir-3940,7,0,0,0,0,0,0,0,0,0,0,0,0,0,0,0,0,0,0,0,0,0,0,0,5,5,0,0,0,0
hsa-mir-4487,0,0,0,0,0,0,0,0,0,0,0,0,0,0,0,0,5,0,0,0,6,0,0,7,0,12,13,0,6,0
hsa-mir-5189,0,0,0,0,0,0,0,0,0,0,0,0,0,0,0,0,0,0,0,0,0,0,0,0,0,8,0,0,5,0
hsa-mir-5588,0,0,0,0,0,0,0,0,0,0,0,0,0,0,0,0,0,0,0,0,0,0,0,0,0,5,0,0,0,0
hsa-mir-570,0,0,0,0,0,0,0,0,0,0,0,0,0,0,0,0,0,0,0,0,0,0,0,0,0,5,0,0,0,0
hsa-mir-636,0,0,0,0,0,0,0,0,0,0,0,0,0,0,0,0,0,0,0,0,0,0,0,0,0,5,0,0,0,0
hsa-mir-3173,0,0,0,0,0,0,0,0,0,0,0,0,0,0,0,0,0,0,0,0,0,0,0,5,5,0,0,0,0,0
hsa-mir-548av,0,0,0,0,0,0,0,0,0,0,0,0,0,0,0,0,0,0,0,0,0,0,0,0,5,0,0,0,0,0
hsa-mir-5683,0,0,0,0,0,12,0,0,0,0,0,0,0,0,15,0,0,0,0,0,0,0,0,0,0,0,15,0,0,0
hsa-mir-1284,0,10,0,0,0,6,0,0,0,0,0,0,0,0,0,0,0,0,0,0,0,0,0,0,0,0,7,0,0,0
hsa-mir-3127,0,0,0,0,0,5,0,0,0,0,0,0,0,0,0,0,0,0,0,0,0,0,0,5,0,0,7,0,0,0
hsa-mir-3934,0,0,0,0,0,5,0,0,0,0,0,0,0,0,5,0,0,0,0,0,0,0,0,0,0,0,0,0,0,0
hsa-mir-4521,0,0,0,0,0,7,0,0,0,0,0,0,0,0,0,0,0,0,0,0,0,0,0,0,0,0,0,0,0,0
hsa-mir-4526,0,0,0,0,0,6,0,0,0,0,0,0,0,0,0,0,0,0,0,0,0,0,0,0,0,0,0,0,0,0
hsa-mir-548ay,0,0,0,0,0,5,0,0,0,0,0,0,0,0,5,0,0,0,0,0,0,0,0,0,0,0,0,0,0,0
hsa-mir-5571,0,0,0,6,11,0,0,0,0,0,0,0,0,0,0,0,0,0,0,0,5,0,0,0,0,0,12,0,7,0
hsa-mir-1304,0,0,0,0,0,0,0,0,0,0,0,0,0,0,0,0,0,0,0,0,156,0,0,0,0,0,0,0,0,0
hsa-mir-2114,0,0,0,0,0,0,0,0,0,0,0,0,0,0,0,0,0,0,0,0,5,0,0,0,0,0,0,0,0,0
hsa-mir-4668,0,0,0,0,0,0,0,0,0,0,0,0,0,0,0,0,0,0,0,0,5,0,0,0,0,0,0,0,0,0
hsa-mir-511-1,0,0,0,0,6,0,0,0,0,0,0,0,0,0,0,0,0,0,0,0,9,0,0,0,0,0,0,0,0,0
hsa-mir-6125,0,0,0,0,8,0,0,0,0,0,0,0,0,8,0,0,0,0,0,0,5,0,0,0,0,0,0,0,0,0
hsa-mir-6509,0,6,0,0,0,0,0,0,0,0,0,0,0,0,8,0,0,0,0,0,5,0,0,5,0,0,12,0,0,0
hsa-mir-3116-1,0,0,0,0,10,0,10,0,0,0,0,0,0,0,0,0,0,0,0,0,0,0,0,0,0,0,0,0,0,0
hsa-mir-129-2,0,0,0,0,0,0,0,0,0,0,0,0,0,0,0,0,0,0,13,0,0,0,0,0,0,0,0,0,0,0
hsa-mir-124-3,0,0,0,0,0,0,0,0,0,0,0,0,0,0,0,0,0,0,23,0,0,0,0,0,0,0,0,0,0,0
hsa-mir-204,0,0,0,212,0,0,0,0,0,0,0,0,0,0,12,34,0,32,32,0,0,0,0,0,0,0,12,0,30,128
hsa-mir-4435-1,0,0,0,22,0,0,0,0,0,0,0,0,0,0,10,0,0,0,0,0,0,0,0,0,0,0,20,0,44,38
hsa-mir-4536-2,0,0,0,6,0,0,0,0,0,0,0,0,0,0,0,0,0,0,0,0,0,0,0,0,0,0,0,0,5,0
hsa-mir-1908,0,6,0,18,0,0,0,0,0,0,0,0,0,0,0,0,0,0,0,0,0,0,0,0,0,0,16,0,26,24
hsa-mir-548ax,0,0,0,12,0,0,0,0,0,0,0,0,0,0,0,0,0,0,0,0,0,0,0,0,0,0,0,0,0,0
hsa-mir-509-2,0,0,0,11,0,0,0,0,0,0,0,0,0,0,22,0,0,0,0,0,0,0,0,0,0,0,0,0,0,0
hsa-mir-149,0,0,0,6,0,0,0,0,0,0,0,0,0,0,0,0,0,0,0,0,0,0,0,0,0,0,0,0,6,0
hsa-mir-3120,0,0,0,7,0,0,0,0,0,0,0,0,0,0,0,0,0,0,0,0,0,0,0,0,0,0,0,0,13,0
hsa-mir-3928,0,0,0,5,0,0,0,0,0,0,0,0,0,0,0,0,5,0,0,0,0,0,0,0,0,0,0,0,0,0
hsa-mir-4286,0,0,0,5,0,0,0,0,0,0,0,0,0,0,0,0,0,0,0,0,0,0,0,0,0,0,0,0,0,0
hsa-mir-4511,0,0,0,5,7,0,0,0,0,0,0,0,0,0,0,0,6,0,0,0,0,0,0,0,0,0,7,0,9,0
hsa-mir-503,0,0,0,5,0,0,0,0,0,0,0,0,0,0,0,0,0,0,0,0,0,0,0,0,0,0,0,0,0,0
hsa-mir-154,0,0,0,0,0,0,0,0,0,0,0,0,0,0,10,0,0,0,0,0,0,0,0,0,0,0,0,0,16,12
hsa-mir-412,0,0,0,0,0,0,0,0,0,0,0,0,0,0,0,0,0,0,0,0,0,0,0,0,0,0,0,0,0,6
hsa-mir-1-1,0,0,0,0,0,0,0,0,0,0,0,0,0,0,0,0,0,0,0,0,0,0,0,0,0,0,22,0,0,12
hsa-mir-1229,0,0,0,0,0,0,0,0,0,0,0,0,0,0,0,0,0,0,0,0,0,0,0,0,0,0,0,0,15,7
hsa-mir-1343,0,0,0,0,0,0,0,0,0,0,0,0,0,0,0,0,0,0,0,0,0,0,0,0,0,0,0,0,0,5
hsa-mir-329-1,0,0,0,0,0,0,0,0,0,0,0,0,0,0,0,0,0,0,0,0,0,0,0,0,0,0,0,0,0,7
hsa-mir-4434,0,0,0,0,0,0,0,0,0,0,0,0,0,0,0,0,0,0,0,0,0,0,0,0,0,0,0,0,11,19
hsa-mir-4478,0,0,0,0,5,0,0,0,0,0,0,0,0,0,0,0,6,0,0,0,0,0,0,0,0,0,0,0,15,18
hsa-mir-543,0,0,0,0,0,0,0,0,0,0,0,0,0,0,0,0,5,0,0,0,0,0,0,0,0,0,0,0,0,7
hsa-mir-326*,0,0,0,0,0,0,0,0,0,0,0,0,0,0,8,0,0,0,0,0,0,0,0,0,0,0,0,0,0,0
hsa-mir-548am,0,0,0,0,0,0,0,0,0,0,0,0,0,0,10,0,10,0,0,0,0,0,0,0,0,0,0,0,10,0
hsa-mir-508,0,0,0,0,0,0,0,0,0,0,0,0,0,0,26,0,0,0,0,0,0,0,0,0,0,0,0,0,0,0
hsa-mir-1248,0,0,0,0,0,0,0,0,0,0,0,0,0,0,10,0,0,0,0,0,0,0,0,0,0,0,0,5,0,0
hsa-mir-299,0,0,0,0,0,0,0,0,0,0,0,0,0,0,5,0,0,0,0,0,0,0,0,0,0,0,0,0,0,0
hsa-mir-4477b,0,0,0,0,0,0,0,0,0,0,0,0,0,0,6,0,5,0,0,0,0,0,0,0,0,0,0,0,0,0
hsa-mir-4659b,0,0,0,0,0,0,0,0,0,0,0,0,0,0,8,0,0,0,0,0,0,0,0,0,0,0,0,0,6,0
hsa-mir-548u,0,0,0,0,0,0,0,0,0,0,0,0,0,0,7,0,0,0,0,0,0,0,0,0,0,0,0,0,0,0
hsa-mir-551b,0,0,0,0,0,0,0,0,0,0,0,0,0,0,5,0,0,0,0,0,0,0,0,0,0,0,0,0,0,0
hsa-mir-615,0,0,0,0,0,0,0,0,0,0,0,0,0,0,5,0,0,0,0,0,0,0,0,0,0,0,0,0,0,0
hsa-mir-3155a,0,0,0,0,0,0,0,0,0,0,0,0,0,0,0,0,0,0,0,0,0,0,0,0,0,0,0,0,7,0
hsa-mir-380,0,0,0,0,0,0,0,0,0,0,0,0,0,0,0,0,0,0,0,0,0,0,0,0,0,0,0,0,14,0
hsa-mir-4767*,0,0,0,0,0,0,0,0,0,0,0,0,0,0,0,0,0,0,0,0,0,0,0,0,0,0,0,0,49,0
hsa-mir-4645*,0,0,0,0,0,0,0,0,0,0,0,0,0,0,0,0,0,0,0,0,0,0,0,0,0,0,0,0,27,0
hsa-mir-452,0,0,0,0,0,0,0,0,0,0,0,0,0,0,0,0,0,0,0,0,0,0,0,0,0,0,0,0,14,0
hsa-mir-3065,0,0,0,0,0,0,0,0,0,0,0,0,0,0,0,0,0,0,0,0,0,0,0,0,0,0,0,0,5,0
hsa-mir-3199-1,0,0,0,0,0,0,0,0,0,0,0,0,0,0,0,0,0,0,0,0,0,0,0,0,0,0,0,0,5,0
hsa-mir-4513,0,0,0,0,0,0,0,0,0,0,0,0,0,0,0,0,0,0,0,0,0,0,0,7,0,0,5,0,6,0
hsa-mir-455,0,0,0,0,0,0,0,0,0,0,0,0,0,0,0,0,0,0,0,0,0,0,0,0,0,0,0,0,6,0
hsa-mir-4638,0,0,0,0,0,0,0,0,0,0,0,0,0,0,0,0,0,0,0,0,0,0,0,0,0,0,5,0,6,0
hsa-mir-4642,0,0,0,0,0,0,0,0,0,0,0,0,0,0,0,0,0,0,0,0,0,0,0,0,0,0,0,0,6,0
hsa-mir-4762,0,0,0,0,0,0,0,0,0,0,0,0,0,0,0,0,0,0,0,0,0,0,0,0,0,0,0,0,6,0
hsa-mir-548n,0,0,0,0,0,0,0,0,0,0,0,0,0,0,0,0,0,0,0,0,0,0,0,0,0,0,0,0,5,0
hsa-mir-548s,0,0,0,0,0,0,0,0,0,0,0,0,0,0,0,0,0,0,0,0,0,0,0,0,0,0,0,0,5,0
hsa-mir-642a,0,0,0,0,7,0,0,0,0,0,0,0,0,0,0,0,0,0,0,0,0,0,0,0,0,0,0,0,5,0
hsa-mir-135a-2,0,15,0,0,0,0,0,0,0,0,0,0,0,0,0,0,0,0,0,0,0,0,0,0,0,0,0,0,0,0
hsa-mir-374c,0,5,0,0,0,0,0,0,0,0,0,0,0,0,0,0,0,0,0,0,0,0,0,0,0,0,0,0,0,0
hsa-mir-4757,0,5,0,0,0,0,0,0,0,0,0,0,0,0,0,0,6,0,0,0,0,0,0,0,0,0,0,0,0,0
hsa-mir-218-1,0,0,0,0,0,0,0,0,0,0,0,0,0,0,0,0,5,0,0,0,0,0,0,0,0,0,0,0,0,0
hsa-mir-2964a,0,0,0,0,0,0,0,0,0,0,0,0,0,0,0,0,7,0,0,0,0,0,0,0,0,0,5,0,0,0
hsa-mir-3648,0,0,0,0,0,0,0,0,0,0,0,0,0,0,0,0,7,0,0,0,0,0,0,0,0,0,0,0,0,0
hsa-mir-3661,0,0,0,0,0,0,0,0,0,0,0,0,0,0,0,0,7,0,0,0,0,0,0,0,0,0,0,0,0,0
hsa-mir-3679,0,0,0,0,0,0,0,0,0,0,0,0,0,0,0,0,5,0,0,0,0,0,0,0,0,0,0,0,0,0
hsa-mir-4742,0,0,0,0,0,0,0,0,0,0,0,0,0,0,0,0,5,0,0,0,0,0,0,0,0,0,0,0,0,0
hsa-mir-5581,0,0,0,0,0,0,0,0,0,0,0,0,0,0,0,0,6,0,0,0,0,0,0,0,0,0,0,0,0,0
hsa-mir-579,0,0,0,0,0,0,0,0,0,0,0,0,0,0,0,0,6,0,0,0,0,0,0,0,0,0,0,0,0,0
hsa-mir-4707,0,0,0,0,0,0,0,0,0,0,0,0,0,0,0,0,0,0,0,0,0,0,0,5,0,0,0,0,0,0
hsa-mir-4520b,0,0,0,0,0,0,0,0,0,0,0,0,0,0,0,0,0,0,0,0,0,0,0,5,0,0,5,0,0,0
hsa-mir-296*,0,0,0,0,0,0,0,0,0,0,0,0,0,0,0,0,0,0,0,0,0,0,0,0,0,0,20,0,0,0
hsa-mir-1298,0,0,0,0,0,0,0,0,0,0,0,0,0,0,0,0,0,0,0,0,0,0,0,0,0,0,5,0,0,0
hsa-mir-3129,0,0,0,0,0,0,0,0,0,0,0,0,0,0,0,0,0,0,0,0,0,0,0,0,0,0,5,0,0,0
hsa-mir-3133,0,0,0,0,0,0,0,0,0,0,0,0,0,0,0,0,0,0,0,0,0,0,0,0,0,0,5,0,0,0
hsa-mir-4753,0,0,0,0,0,0,0,0,0,0,0,0,0,0,0,0,0,0,0,0,0,0,0,0,0,0,5,0,0,0
hsa-mir-4423,5,0,0,0,0,0,0,0,0,0,0,0,0,0,0,0,0,0,0,0,0,0,0,0,0,0,0,0,0,0
hsa-mir-935,0,0,0,0,0,0,0,0,0,0,0,0,0,0,0,38,0,0,0,0,0,0,0,0,0,0,0,0,0,0
hsa-mir-600,0,0,0,0,6,0,0,0,0,0,0,0,0,0,0,0,0,0,0,0,0,0,0,0,0,0,0,0,0,0
hsa-mir-4494,0,0,0,0,6,0,0,0,0,0,0,0,0,0,0,0,0,0,0,0,0,0,0,0,0,0,0,0,0,0
hsa-mir-548q,0,0,0,0,5,0,0,0,0,0,0,0,0,0,0,0,0,0,0,0,0,0,0,0,0,0,0,0,0,0
hsa-mir-548f-1_1,5,0,126,0,0,44,25,0,0,0,0,0,0,0,0,0,0,0,6,0,0,0,0,0,0,0,0,0,0,0
hsa-mir-150_1,26,22,25,6,8,15,6,0,0,0,0,15,0,13,5,5,0,0,0,0,0,0,0,26,43,21,0,0,5,0
hsa-mir-28_2,0,8,21,22,15,20,12,0,9,0,0,10,0,14,27,7,45,0,0,0,13,0,0,32,34,17,21,16,13,0
hsa-mir-339_1,35,16,37,19,53,46,18,0,57,0,0,15,0,70,65,18,26,0,13,0,25,0,0,53,13,28,14,10,80,13
hsa-mir-769_1,0,0,6,0,0,0,0,0,0,0,0,0,0,0,0,0,13,0,0,0,0,0,0,0,5,5,0,0,0,0
hsa-mir-574_1,7,26,75,41,54,31,0,0,52,0,0,0,0,17,26,14,20,0,0,0,39,5,0,48,48,40,65,26,39,0
hsa-mir-1277_3,0,13,13,0,20,0,7,0,0,0,0,0,0,0,27,0,11,0,0,0,15,0,0,0,10,9,0,0,0,0
hsa-mir-339_2,108,176,247,0,234,137,149,13,408,17,16,69,0,241,312,0,177,12,96,0,162,0,0,253,115,121,0,49,0,0
hsa-mir-548w_30,0,0,0,0,11,0,0,0,0,0,0,0,0,0,0,0,0,0,0,0,0,0,0,9,0,0,0,0,0,0
hsa-mir-548j_11,0,0,0,0,11,0,0,0,0,0,0,0,0,0,0,0,0,0,0,0,0,0,0,0,0,0,0,0,0,0
hsa-mir-548f-1_15,0,0,0,0,9,0,0,0,0,0,0,0,0,0,0,0,0,0,0,0,6,0,0,0,0,0,6,0,0,0
hsa-mir-328_1,5,0,0,0,6,8,0,0,5,0,0,0,0,7,0,0,0,0,0,0,0,0,0,10,0,0,0,0,0,0
hsa-mir-339_5,0,0,0,353,0,0,0,0,0,0,0,0,0,0,0,161,0,0,0,0,0,32,0,0,0,0,239,0,610,244
hsa-mir-574_10,0,0,0,0,0,0,35,0,52,0,0,0,0,0,0,14,20,0,0,0,0,0,0,0,0,0,0,0,38,21
novelMiR_0,0,0,10,0,0,0,0,0,0,0,0,0,0,0,0,0,0,0,0,0,0,0,0,0,0,0,0,0,0,0
novelMiR_1,0,0,40,0,34,46,38,0,48,0,0,0,0,0,0,46,0,0,0,0,0,0,0,38,0,0,0,12,0,36
novelMiR_3,0,0,9,0,0,0,0,0,0,0,0,0,0,0,0,0,0,0,0,0,0,0,0,0,0,0,0,0,0,0
novelMiR_4,0,0,15,0,0,0,0,0,0,0,0,0,0,0,0,0,0,0,0,0,0,0,0,0,0,0,0,0,0,0
hsa-mir-548k_1,0,50,94,33,70,30,21,0,52,0,0,12,0,10,76,10,96,0,0,0,147,16,0,87,30,60,138,33,89,32
novelMiR_7,0,0,6,0,0,0,0,0,0,0,0,0,0,0,0,0,0,0,0,0,0,0,0,9,0,0,0,0,5,0
novelMiR_11,260,1148,1476,112,0,1060,495,0,0,0,0,0,0,0,1156,0,0,0,0,0,0,0,0,292,0,550,373,0,74,33
novelMiR_14,542,1422,2133,540,1681,2326,1171,47,443,0,44,606,0,464,2468,208,822,140,420,0,2095,0,9,1062,1356,1969,1105,437,439,76
novelMiR_16,0,16,15,0,16,0,0,0,0,0,0,0,0,0,22,0,30,0,0,0,0,0,0,0,0,12,18,0,21,0
novelMiR_17,0,0,16,10,0,0,0,0,0,0,0,0,0,0,0,0,0,0,0,0,0,0,0,0,0,0,0,0,0,0
hsa-mir-154_1,0,0,12,0,0,0,0,0,0,0,0,0,0,0,0,0,0,0,0,0,0,0,0,0,0,0,0,0,0,0
novelMiR_19,0,0,15,0,0,0,0,0,0,0,0,0,0,0,0,0,0,0,0,0,0,0,0,7,0,0,0,0,0,0
novelMiR_21,0,0,8,0,0,0,0,0,0,0,0,0,0,0,5,0,0,0,0,0,0,0,0,0,0,0,0,0,0,0
novelMiR_22,37,41,83,86,179,0,73,0,166,0,7,16,0,70,0,57,130,14,20,0,206,14,0,42,97,110,59,70,124,0
hsa-mir-1260b_1,17112,87440,88652,12928,72428,26488,33700,192,7476,720,372,8260,852,10984,50800,25348,10168,3056,6592,0,20052,5456,72,19552,15488,37912,11616,4332,21192,5336
novelMiR_24,0,0,36,20,20,0,0,0,20,0,0,0,0,0,24,0,20,0,0,0,0,0,0,20,0,24,0,24,24,0
hsa-mir-1343_1,0,0,16,10,0,0,0,0,0,0,0,0,0,0,0,0,0,0,0,0,0,0,0,0,0,8,0,0,0,0
novelMiR_27,17945,25920,36570,15525,39865,10675,17415,420,11290,1110,265,3385,510,17730,17940,27470,9815,4165,2785,30,11890,6600,165,19430,25530,14905,10680,6370,11580,5805
novelMiR_30,0,16,12,0,0,0,0,0,0,0,0,0,0,0,0,0,0,0,0,0,0,0,0,0,0,0,0,0,0,0
novelMiR_33,0,0,20,0,34,0,20,0,32,0,0,0,0,0,0,34,24,0,0,0,0,0,0,0,0,0,0,0,0,0
novelMiR_36,0,6,22,0,0,0,6,0,0,0,0,0,0,5,0,0,0,0,0,0,0,0,0,0,21,0,0,0,16,0
hsa-mir-28_1,0,26,46,20,32,44,26,0,18,138,110,0,64,10,34,62,44,0,48,0,34,126,0,38,38,26,32,16,34,16
novelMiR_38,0,0,96,0,82,1114,56,0,0,0,0,0,0,0,0,0,0,0,0,0,198,0,0,102,0,0,0,424,194,0
hsa-mir-4434_1,0,0,8,0,0,0,0,0,0,0,0,0,0,0,0,0,0,0,0,0,0,0,0,0,0,0,0,0,0,0
novelMiR_42,332,128,566,0,212,54,62,0,30,0,0,54,0,164,86,0,0,0,0,0,36,0,0,0,108,0,14,0,16,0
novelMiR_43,0,0,1130,0,556,620,444,16,0,0,36,520,16,0,0,0,0,48,182,0,462,74,0,0,0,0,0,0,0,0
novelMiR_45,156,0,140,152,276,0,0,0,134,0,0,0,0,256,132,0,0,0,0,0,44,18,0,0,152,0,0,0,0,0
novelMiR_47,0,0,21,0,0,0,0,0,0,0,0,0,0,0,0,0,0,0,0,0,0,0,0,0,0,16,0,0,27,0
novelMiR_48,0,0,21,0,0,0,0,0,0,0,0,0,0,0,0,0,0,0,0,0,0,0,0,0,0,0,0,0,0,0
novelMiR_52,102,68,72,20,48,32,0,0,12,0,0,14,0,28,32,0,0,0,0,0,72,0,0,28,76,56,80,30,12,0
novelMiR_53,0,0,58,0,0,0,13,0,0,0,0,0,0,0,36,0,0,0,0,0,98,0,0,0,0,0,0,0,0,0
novelMiR_55,0,24,28,13,0,41,0,0,8,0,0,0,0,14,0,0,27,0,0,0,62,0,0,15,0,87,37,0,0,0
novelMiR_19_5,28,232,300,186,176,370,160,0,218,0,0,90,0,88,292,150,240,26,18,0,316,54,0,290,180,230,428,114,766,416
novelMiR_59,10,22,16,0,14,14,20,0,18,0,0,20,0,16,30,0,42,0,10,0,40,0,0,28,36,40,0,0,30,0
hsa-mir-196b_1,0,0,2145,0,1197,0,603,0,1587,0,57,0,0,507,1353,0,1971,147,0,0,0,0,0,0,0,1683,0,768,0,0
novelMiR_61,40,94,364,140,288,268,136,0,392,0,0,68,0,68,364,100,392,0,30,0,190,50,0,114,100,162,268,66,238,284
novelMiR_63,0,0,14,0,20,0,0,0,0,0,0,0,0,0,0,0,0,0,0,0,12,0,0,16,0,0,18,0,20,0
hsa-mir-3136_1,148,94,234,0,100,1784,112,16,388,0,0,58,0,138,0,70,0,26,24,0,282,0,0,224,0,98,304,0,148,92
hsa-mir-4677_1,0,0,7,0,0,0,0,0,0,0,0,0,0,0,0,0,0,0,0,0,0,0,0,0,0,5,0,0,0,0
novelMiR_67,0,0,11,23,0,10,5,0,27,0,0,0,0,0,8,34,14,0,0,0,9,0,0,17,0,0,19,0,26,8
novelMiR_68,163,321,1069,198,1068,479,341,0,1328,33,36,200,31,187,1226,199,627,124,54,0,2131,182,0,314,378,736,513,644,984,153
novelMiR_69,0,486,452,0,1043,525,324,0,0,25,0,92,0,147,502,315,502,0,48,0,725,100,0,599,0,823,1155,516,679,0
novelMiR_72,0,0,11,0,0,0,0,0,0,0,0,0,0,0,0,0,0,0,0,0,0,0,0,0,0,0,0,0,0,0
novelMiR_204_2,501,1899,2058,996,2352,513,1578,189,1065,144,0,564,57,1119,0,0,1746,321,384,0,1761,0,87,2292,2964,2988,2076,906,0,0
novelMiR_75,0,0,14,0,0,0,0,0,0,0,0,0,0,0,0,0,0,0,0,0,0,0,0,0,0,0,0,0,0,0
hsa-mir-1260b_2,8442,17664,26886,8643,28080,10572,13065,324,10302,195,114,2640,195,8895,23736,13278,10239,2067,3123,0,8373,1554,27,9804,14559,11472,9675,5034,9282,6630
novelMiR_79,0,7,10,0,8,19,0,0,0,0,0,0,0,0,9,0,6,0,0,0,9,0,0,0,0,0,0,10,0,0
novelMiR_80,10,0,6,8,0,0,0,0,0,0,0,0,0,0,8,0,5,0,0,0,0,0,0,0,0,0,0,0,0,0
hsa-mir-1260b_3,13,39,56,0,30,8,0,0,0,8,0,0,7,0,5,22,0,0,0,0,0,9,0,0,6,0,0,0,0,0
novelMiR_82,0,66,123,18,84,42,49,0,54,0,0,14,0,0,118,12,45,7,0,0,156,0,0,50,40,80,68,50,65,0
novelMiR_83,0,0,48,64,36,92,60,0,0,0,0,0,0,52,0,0,0,0,24,0,0,24,0,0,0,0,0,0,0,0
novelMiR_85,0,165,240,168,213,153,198,0,48,27,0,0,0,114,0,0,240,66,0,0,123,0,0,285,0,270,216,111,87,0
novelMiR_87,0,0,11,0,0,9,0,0,0,0,0,0,0,0,0,0,0,0,0,0,0,0,0,0,0,0,0,0,0,0
novelMiR_88,0,0,9,0,0,0,0,0,27,0,0,0,0,0,0,0,0,0,0,0,0,0,0,0,0,0,0,0,0,0
novelMiR_90,12,24,35,0,46,0,8,0,20,0,0,12,0,12,35,8,31,7,0,0,44,0,0,19,17,50,28,46,0,0
novelMiR_91,0,13,13,0,18,0,0,0,22,0,0,0,0,0,0,0,0,0,0,0,28,0,0,11,0,16,0,0,16,0
novelMiR_92,0,0,9,0,13,0,0,0,24,0,0,0,0,11,0,0,40,6,0,0,10,0,0,12,6,0,0,0,34,21
novelMiR_93,0,0,12,12,0,0,0,0,0,0,0,0,0,0,0,0,0,0,0,0,0,0,0,0,6,0,0,0,0,0
novelMiR_95,0,22,24,0,54,0,0,0,26,0,0,0,0,0,38,0,28,0,0,0,46,0,0,22,0,56,0,0,0,0
novelMiR_97,0,0,9,0,0,0,0,0,0,0,0,0,0,0,0,0,0,0,0,0,0,0,0,0,5,0,6,29,0,0
novelMiR_98,327,1314,2688,423,2052,645,588,207,1317,114,81,816,42,525,1311,459,1962,687,273,0,3315,288,51,1131,1392,2073,1071,1263,1155,237
novelMiR_99,0,0,5,0,0,0,0,0,0,0,0,0,0,0,5,0,0,0,0,0,0,0,0,0,0,0,0,0,0,0
hsa-mir-532_1,66,194,194,0,164,0,0,0,130,0,0,0,0,78,220,0,300,0,22,0,250,0,0,306,0,300,342,104,0,0
novelMiR_101,0,30,74,0,42,18,44,0,0,0,0,0,0,0,20,0,36,0,0,0,0,0,0,24,18,22,42,0,0,0
novelMiR_102,0,0,6,0,0,0,0,0,0,0,0,0,0,0,0,0,0,0,0,0,0,0,0,0,0,0,0,0,8,0
novelMiR_103,43,24,22,5,20,9,49,0,9,0,0,23,0,17,44,50,0,31,8,0,9,8,0,0,14,0,0,19,29,0
novelMiR_108,0,0,20,0,0,17,0,0,0,0,0,0,0,0,19,0,23,0,0,0,17,0,0,29,0,24,0,0,0,0
hsa-mir-1294_1,0,0,5,0,0,0,0,0,14,0,0,0,0,0,0,0,7,0,0,0,0,0,0,0,0,0,0,0,18,0
novelMiR_113,0,48,56,22,148,58,16,0,42,0,0,0,0,12,0,0,138,0,0,0,100,20,0,142,78,182,98,30,98,16
novelMiR_114,0,176,162,40,154,0,86,0,116,0,0,0,0,0,0,54,0,0,0,0,198,30,0,92,142,0,162,92,190,0
novelMiR_32_1_1,0,0,22,0,30,10,16,0,10,0,0,14,0,38,0,0,38,14,0,0,14,0,0,42,10,28,32,16,14,14
novelMiR_120,0,0,10,0,0,0,0,0,0,0,0,0,0,0,0,0,0,0,0,0,0,0,0,0,0,7,0,0,0,0
novelMiR_121,0,182,274,0,0,0,0,0,425,12,0,0,0,0,506,0,0,0,0,0,413,0,0,88,0,129,0,0,462,0
hsa-mir-28_2,36,118,118,80,82,320,188,0,134,0,0,58,0,62,338,94,124,0,20,0,208,54,0,118,166,134,102,126,122,46
novelMiR_124,0,21,127,38,38,98,30,0,0,0,0,18,0,15,0,0,0,0,0,0,0,0,0,0,0,57,21,0,0,0
novelMiR_125,214,472,239,65,135,92,310,0,63,0,0,134,0,140,194,426,5,189,83,0,43,30,0,28,119,46,0,100,191,99
novelMiR_126,128,69,84,0,91,86,0,0,302,0,0,0,0,0,0,344,0,0,0,0,92,0,0,67,77,0,74,0,247,186
novelMiR_127,0,27,44,42,27,13,70,0,48,0,0,0,0,47,73,0,98,0,0,0,63,7,0,47,42,86,89,27,52,0
novelMiR_131,0,0,51,0,0,0,0,0,0,0,0,0,0,0,0,0,0,0,0,0,0,0,0,0,27,0,0,0,27,0
novelMiR_132,0,9,9,0,8,0,7,0,0,0,0,0,0,9,0,0,14,0,0,0,16,0,0,0,13,0,0,0,0,0
novelMiR_133,0,12,37,0,14,0,10,0,0,0,0,0,0,16,7,0,0,7,0,0,0,0,0,13,0,0,15,0,0,0
novelMiR_68_2,0,0,22,0,0,0,0,0,0,0,0,0,0,0,0,0,0,0,0,0,0,0,0,0,0,0,0,0,0,0
novelMiR_135,32,0,17,0,11,0,9,0,0,0,0,0,0,6,0,9,0,0,0,0,0,0,0,0,0,0,0,0,0,0
novelMiR_137,0,0,10,0,0,0,0,0,0,0,0,0,0,0,0,0,7,0,0,0,0,0,0,0,0,0,0,0,0,0
novelMiR_68_1,0,0,7,0,10,0,0,0,5,0,0,0,0,0,0,0,17,0,0,0,0,0,0,0,0,0,0,0,9,0
novelMiR_135_2,144,220,234,68,148,84,164,0,42,0,0,68,0,66,166,160,28,70,38,0,76,16,0,30,92,116,24,36,66,54
novelMiR_151,0,0,7,0,0,0,0,0,0,0,0,0,0,0,0,0,0,0,0,0,0,0,0,0,0,0,0,0,0,0
novelMiR_154,40,96,180,126,94,76,68,0,158,0,0,34,20,50,122,64,116,28,22,0,112,64,0,106,92,116,136,60,252,110
novelMiR_165,30,144,254,422,170,0,72,0,466,0,0,0,0,50,224,104,228,0,38,0,214,40,0,100,144,178,426,0,380,388
hsa-mir-935_1,0,0,16,0,0,0,0,0,0,0,0,7,0,0,13,0,0,0,0,0,10,0,0,8,0,5,0,0,0,0
novelMiR_169,0,0,7,0,0,0,0,0,0,0,0,0,0,0,0,0,0,0,0,0,0,0,0,0,0,0,0,0,0,0
novelMiR_174,0,0,24,0,0,0,0,0,0,0,0,0,0,12,24,0,0,0,0,0,0,0,0,0,0,0,0,0,0,0
hsa-mir-1908_1,0,0,10,0,0,0,0,0,0,0,0,0,0,0,0,0,0,0,0,0,0,0,0,0,0,0,0,0,0,0
novelMiR_179,0,72,132,24,105,33,27,0,84,0,0,27,0,39,126,0,78,0,0,0,102,0,0,60,33,78,51,132,21,0
novelMiR_45_5,126,489,1233,162,1119,453,342,45,783,57,0,108,0,159,1125,123,573,66,48,0,1848,150,0,243,426,624,582,828,606,69
novelMiR_182,0,0,5,0,0,0,0,0,0,0,0,0,0,0,0,0,0,0,0,0,0,0,0,0,0,0,0,0,0,0
novelMiR_186,0,0,7,0,0,0,0,0,0,0,0,0,0,0,0,0,0,0,0,0,0,0,0,0,0,0,0,0,0,0
novelMiR_187,0,0,13,0,9,0,0,0,8,0,0,0,0,0,7,0,0,0,0,0,19,0,0,0,0,0,0,0,0,0
novelMiR_189,23,0,100,96,70,111,22,0,102,0,0,15,0,44,103,52,117,0,17,0,104,0,0,118,69,86,116,47,169,106
novelMiR_190,0,0,15,0,0,0,0,0,0,0,0,0,0,0,0,11,10,0,0,0,0,0,0,0,0,0,0,0,0,0
novelMiR_197,0,0,40,0,30,0,0,0,22,0,0,0,0,0,70,0,0,0,0,0,48,0,0,28,18,24,16,0,20,0
hsa-mir-138-2_1,0,129,210,0,801,612,108,0,294,0,0,48,0,60,306,177,414,0,0,0,354,69,0,207,192,0,0,144,420,0
novelMiR_199,37,46,334,0,0,0,0,0,0,0,0,0,0,0,64,0,0,0,0,0,0,14,0,0,0,286,21,0,0,0
novelMiR_200,0,0,6,0,0,0,0,0,0,0,0,0,0,0,0,0,0,0,0,0,0,0,0,0,0,0,0,0,0,0
novelMiR_201,0,0,9,31,0,0,13,0,47,0,0,0,0,13,0,0,27,0,0,0,0,0,0,13,0,11,20,0,0,0
novelMiR_204,0,0,8,0,0,0,0,0,0,0,0,0,0,0,0,0,0,0,0,0,0,0,0,0,0,0,0,0,0,0
hsa-mir-1343_3,276,482,446,180,206,182,404,0,70,0,0,174,0,252,286,568,0,124,126,0,90,30,0,30,180,76,0,126,248,156
novelMiR_208,68,0,34,0,60,26,0,0,72,0,0,0,0,0,0,20,46,0,0,0,32,0,0,14,44,30,44,0,60,0
hsa-mir-7-2_1,0,0,5,0,0,0,0,0,0,0,0,0,0,0,0,0,0,0,0,0,0,0,0,0,0,0,0,0,0,0
novelMiR_211,61,0,48,31,0,0,13,0,54,0,0,0,0,16,0,0,0,0,0,0,0,0,0,0,0,0,0,0,0,0
hsa-mir-1260b_5,0,0,26,0,14,0,0,0,0,0,0,0,0,0,0,16,0,0,0,0,0,0,0,0,0,0,0,0,0,0
hsa-mir-636_1,8,0,15,0,0,0,0,0,0,0,0,0,0,0,0,0,0,0,0,0,0,0,0,0,0,8,0,0,0,0
novelMiR_216,1138,0,4602,0,532,0,0,0,0,140,0,370,0,490,1702,152,188,38,0,0,688,294,0,0,0,1680,1024,0,0,0
novelMiR_219,0,0,29,0,0,0,0,0,0,0,0,0,0,0,0,0,0,0,0,0,0,0,0,0,0,0,0,0,0,0
novelMiR_224,0,0,34,0,16,22,12,0,0,0,0,16,0,14,82,0,0,0,10,0,58,0,0,0,0,24,20,0,0,0
novelMiR_225,82,30,40,22,88,48,42,0,98,0,0,0,0,26,40,56,30,0,0,0,36,0,0,40,22,40,52,0,76,32
novelMiR_230,0,0,116,0,214,0,18,0,0,0,0,34,0,0,0,14,46,0,0,0,172,0,0,0,110,114,46,42,0,0
novelMiR_231,0,0,47,0,0,34,0,0,0,0,0,0,0,0,0,0,0,0,0,0,0,0,0,0,0,0,0,0,0,0
novelMiR_234,0,0,16,0,0,0,0,0,0,0,0,0,0,0,0,0,0,0,0,0,0,0,0,0,0,0,0,0,0,0
novelMiR_235,7,0,5,0,0,0,0,0,0,0,0,0,0,0,0,0,0,0,0,0,0,0,0,0,0,0,0,0,0,0
hsa-mir-1343_4,0,9,13,0,0,0,0,0,0,0,0,0,0,0,0,0,0,0,0,0,0,0,0,0,0,0,0,0,11,0
novelMiR_237,0,0,47,0,0,0,0,0,0,0,0,0,0,0,0,0,0,0,0,0,0,0,0,0,0,0,0,0,0,0
novelMiR_244,38,66,78,0,208,0,68,0,0,0,0,0,0,64,0,0,0,24,0,0,88,0,0,114,0,82,96,30,0,0
novelMiR_251,0,0,14,12,20,0,0,0,14,0,0,0,0,0,30,0,10,0,0,0,0,0,0,16,10,0,10,0,0,0
novelMiR_252,0,308,238,0,54,0,70,0,0,0,0,0,0,0,132,0,0,0,0,0,34,0,0,0,0,144,36,0,0,0
novelMiR_255,0,0,464,0,372,226,0,0,0,0,0,0,0,0,1546,0,0,82,0,0,0,0,0,0,404,572,0,0,0,0
novelMiR_256,0,14,12,12,22,0,0,0,24,0,0,0,0,0,54,0,16,0,0,0,20,0,0,64,30,18,18,32,0,0
hsa-mir-615_1,0,0,12,0,32,0,0,0,0,0,0,0,0,22,10,0,0,0,0,0,22,0,0,26,0,34,0,0,0,0
novelMiR_165_4,0,0,12,6,12,14,0,0,12,0,0,0,0,0,0,0,14,0,0,0,11,0,0,7,12,11,14,0,12,0
novelMiR_264,0,43,138,63,71,0,0,0,72,0,0,41,0,42,0,114,0,13,48,0,87,0,0,61,248,34,88,142,124,69
novelMiR_266,5,9,10,7,5,8,0,0,13,0,0,0,0,7,34,5,9,0,0,0,8,0,0,8,28,12,20,0,6,5
novelMiR_267,0,6,21,11,0,0,0,0,0,0,0,0,0,7,0,0,48,0,0,0,0,0,0,0,0,0,0,0,12,0
novelMiR_270,2048,2290,18836,3436,4866,6760,4586,60,1120,0,0,0,276,0,0,454,1308,178,1074,0,0,1054,34,0,5492,0,0,1332,376,306
novelMiR_271,826,850,1018,304,2790,1128,872,32,2028,12,12,126,0,414,820,638,1066,84,114,0,886,258,0,838,600,1110,1430,506,1908,922
hsa-mir-204_1,14,28,43,0,0,21,0,0,0,0,0,0,0,0,58,0,0,0,0,0,16,0,0,0,0,0,0,0,0,0
novelMiR_279,4205,9190,17790,3635,15395,5170,6490,0,12360,610,535,0,325,3615,22995,3005,9785,0,1270,0,24000,1830,145,8585,10255,15080,13795,10560,11775,2480
novelMiR_281,0,24,24,0,0,0,15,0,0,0,0,0,0,0,15,0,0,0,0,0,18,0,0,27,0,24,18,0,36,0
novelMiR_282,530,2105,4540,715,3585,1680,1295,155,2615,95,145,520,105,505,3485,780,2160,390,175,0,6000,535,0,1275,0,2490,1415,1955,3430,0
novelMiR_284,0,0,18,0,0,0,0,0,0,0,0,0,0,0,0,0,0,0,0,0,0,0,0,0,0,0,0,0,0,0
novelMiR_285,13684,3168,9756,3712,3456,0,3180,624,7540,0,96,1872,80,3552,20512,6200,0,0,660,0,0,0,0,11972,9300,4764,14544,7348,1671,5408
novelMiR_286,0,0,5,0,0,0,0,0,0,0,0,0,0,0,0,0,0,0,0,0,0,0,0,0,0,0,0,0,0,0
novelMiR_287,0,0,27,0,45,18,21,0,0,0,0,0,0,15,15,0,63,0,0,0,21,0,0,30,15,21,36,0,0,0
novelMiR_108_2,0,0,20,0,0,0,0,0,0,0,0,0,0,0,0,0,0,0,0,0,0,0,0,0,0,0,0,0,0,0
hsa-mir-4443_1,20,42,84,28,80,10,26,0,30,0,0,10,0,20,26,26,66,0,0,0,38,14,0,84,32,70,98,14,44,12
hsa-mir-654_1,0,0,7,0,0,0,0,0,0,0,0,0,0,0,0,0,0,0,0,0,0,0,0,0,0,0,0,0,0,0
novelMiR_120_1,0,0,34,0,0,0,0,0,0,0,0,0,0,0,0,0,0,0,0,0,24,0,0,0,0,0,0,0,22,0
novelMiR_300,112,272,320,100,528,284,200,0,184,0,0,0,0,200,592,0,412,36,40,0,300,0,0,312,128,384,132,36,100,0
novelMiR_306,0,597,1314,225,0,558,234,0,150,24,0,0,0,0,690,258,177,0,45,0,384,150,0,219,231,528,810,396,165,129
novelMiR_307,0,0,138,0,51,0,30,0,42,0,0,42,0,39,0,0,66,0,0,0,75,0,0,0,186,0,0,0,21,0
novelMiR_308,0,3080,7206,0,0,2660,1370,16,174,38,0,402,0,0,1312,0,0,0,0,0,764,236,0,556,0,2630,470,0,192,0
novelMiR_312,0,15,19,0,21,68,18,0,17,0,0,0,0,11,20,0,28,0,0,0,22,0,0,25,0,29,22,7,0,0
novelMiR_313,0,0,9,0,0,0,8,0,0,0,0,0,0,0,0,0,0,0,0,0,9,0,0,21,0,11,35,0,0,0
novelMiR_315,0,0,8,0,7,9,0,0,0,0,0,0,0,0,10,0,6,0,0,0,7,0,0,5,0,6,5,6,0,0
hsa-mir-548f-2_1,0,50,58,38,14,90,10,0,56,0,0,10,0,20,76,56,86,0,0,0,120,14,0,234,78,124,34,0,96,34
novelMiR_320,0,0,14,0,0,0,0,0,0,0,0,0,0,0,0,0,10,0,0,0,12,0,0,0,0,12,0,0,24,0
hsa-mir-3917_1,17,0,97,0,34,55,36,0,0,9,0,0,0,15,0,0,0,9,0,0,0,0,0,0,41,60,0,24,0,0
novelMiR_326,0,368,56,1308,0,32,52,0,440,48,0,0,0,84,196,164,288,0,196,0,0,32,0,168,0,144,1028,0,1464,200
hsa-mir-2467_1,295,380,725,435,850,295,325,45,900,30,0,100,0,355,640,165,745,110,55,0,910,75,0,1150,810,745,1240,800,450,315
novelMiR_334,28,120,192,68,188,112,56,0,76,0,0,24,0,40,104,0,240,0,0,0,124,0,0,244,68,228,132,60,72,0
novelMiR_338,0,45,18,118,0,0,0,0,0,0,0,0,0,0,30,24,0,0,0,0,0,0,0,25,0,0,93,0,174,213
novelMiR_339,0,0,6,0,0,0,0,0,0,0,0,0,0,0,0,0,0,0,0,0,8,0,0,0,0,5,13,0,0,0
novelMiR_344,1252,308,796,180,252,520,380,0,88,28,28,68,0,280,220,104,176,28,88,0,468,0,0,284,524,604,272,0,0,0
hsa-mir-138-2_2,0,252,594,0,1464,480,330,0,1248,0,0,120,0,216,558,426,624,0,0,0,612,156,0,360,0,570,948,0,1038,414
novelMiR_20_1,0,0,0,7,0,9,0,0,6,0,0,0,0,0,108,0,0,0,0,0,0,0,0,0,0,0,0,15,0,0
novelMiR_22_1,0,0,0,0,0,0,0,0,0,0,0,0,0,0,0,0,0,0,0,0,0,0,0,0,0,0,0,39,0,0
hsa-mir-1229_1,0,0,0,0,0,0,0,0,0,0,0,0,0,0,0,1957,0,0,0,0,0,0,0,0,0,0,1155,934,3925,0
novelMiR_29_1,0,0,0,0,0,0,0,0,0,0,0,0,0,0,0,0,0,0,0,0,0,0,0,0,0,0,0,104,0,0
novelMiR_31_1,0,21,0,0,0,79,0,0,0,0,0,0,0,0,0,0,42,0,0,0,0,0,0,26,0,0,71,33,26,31
novelMiR_32_1,0,0,0,0,5,0,0,0,0,0,0,0,0,0,0,0,7,0,0,0,0,0,0,0,0,0,0,0,0,0
novelMiR_154_1,0,0,0,0,0,0,0,0,0,0,0,0,0,0,0,0,0,0,0,0,0,0,0,0,0,0,0,16,0,0
hsa-mir-199a-2_1,0,0,0,0,7,0,0,0,0,0,0,0,0,0,0,0,0,0,0,0,0,0,0,0,0,0,0,0,0,0
hsa-mir-4767*_1,0,0,0,0,26,0,0,0,0,0,0,0,0,0,0,0,0,0,0,0,0,0,0,0,0,0,0,0,0,0
novelMiR_76_1,0,39,0,0,66,0,0,0,0,0,0,0,0,0,0,0,90,0,0,0,51,0,0,61,0,0,0,0,85,0
novelMiR_79_1,0,20,0,8,92,12,17,0,55,0,0,0,0,0,38,8,0,6,0,0,121,0,0,0,38,0,36,44,127,12
novelMiR_81_1,0,0,0,8,6,0,0,0,8,0,0,0,0,0,7,0,9,0,0,0,0,0,0,7,5,0,10,0,14,0
novelMiR_83_1,0,0,0,0,0,0,0,0,0,0,0,0,0,0,0,0,0,0,0,0,0,0,0,0,0,0,0,14,0,5
novelMiR_306_3,0,0,0,310,0,0,0,0,284,32,0,0,36,0,797,249,178,0,0,0,459,158,0,341,0,0,626,363,197,105
novelMiR_89_1,0,0,0,0,8,0,0,0,0,0,0,0,0,0,0,0,0,0,0,0,0,0,0,0,0,0,0,0,5,0
novelMiR_91_2,0,0,0,0,0,0,0,0,0,0,0,0,0,0,0,0,0,0,0,0,0,0,0,0,0,0,0,11,0,0
novelMiR_91_1,0,0,0,0,0,0,0,0,0,0,0,0,0,0,0,0,0,0,0,0,0,0,0,0,0,0,0,16,0,0
novelMiR_99_1,0,0,0,0,5,0,0,0,0,0,0,0,0,0,0,0,0,0,0,0,0,0,0,0,0,0,0,0,0,0
novelMiR_101_1,0,11,0,0,14,0,0,0,10,0,0,0,0,8,0,0,21,7,0,0,7,0,0,13,0,0,20,10,43,34
novelMiR_102_1,0,18,0,0,26,11,8,0,13,0,0,11,0,13,0,0,35,0,0,0,21,0,0,0,25,19,21,0,6,0
novelMiR_111_1,0,0,0,0,0,0,0,0,0,0,0,0,0,0,0,0,0,0,0,0,0,0,0,0,0,0,0,45,0,0
novelMiR_112_1,0,0,0,0,0,0,0,0,0,0,0,0,0,0,0,0,0,0,0,0,0,0,0,0,0,0,0,25,0,0
novelMiR_112_1_4,0,0,0,0,0,0,0,0,0,0,0,0,0,0,0,98,0,0,0,0,0,0,0,0,0,0,0,101,0,0
novelMiR_118_1,0,0,0,0,0,0,0,0,349,0,0,0,0,0,0,0,0,0,0,0,0,0,0,0,0,0,0,227,63,55
novelMiR_124_1,0,0,0,0,0,0,0,0,0,0,0,0,0,0,0,0,0,0,0,0,0,0,0,0,0,0,0,38,0,0
novelMiR_125_1,0,0,0,0,0,0,0,0,0,0,0,0,0,0,0,0,0,0,0,0,0,0,0,0,0,0,0,103,0,0
novelMiR_129_1,314,0,0,0,0,0,0,0,0,0,0,0,0,31,0,148,0,0,49,0,0,18,0,0,0,34,0,133,72,58
novelMiR_34_1_1,0,0,0,0,0,0,0,0,0,0,0,0,0,0,0,0,0,0,0,0,0,0,0,0,0,0,0,81,0,0
novelMiR_133_1,0,0,0,0,0,0,0,0,0,0,0,0,0,0,0,0,0,0,0,0,0,0,0,0,0,0,0,20,0,0
novelMiR_134_1,0,12,0,0,18,0,22,0,0,0,0,0,0,14,0,0,44,0,0,0,42,0,0,0,0,0,16,14,24,0
novelMiR_135_1,0,0,0,0,0,13,0,0,0,0,0,0,0,0,0,0,0,0,0,0,0,0,0,0,0,0,0,21,0,0
novelMiR_136_1,0,0,0,0,0,0,0,0,0,0,0,0,0,0,0,0,0,0,0,0,0,0,0,0,0,0,0,95,0,0
novelMiR_89_1_1,0,0,0,0,0,0,0,0,0,0,0,0,0,0,0,0,0,0,0,0,0,0,0,0,0,0,0,43,0,0
novelMiR_149_1,0,0,0,0,0,0,0,0,0,12,0,50,0,0,0,0,0,0,0,0,197,0,0,171,0,189,0,96,0,0
novelMiR_156_1,0,0,0,0,0,0,0,0,0,0,0,0,0,0,0,0,0,0,0,0,0,0,0,0,0,0,0,9,0,0
hsa-mir-3174_1,0,0,0,0,7,0,0,0,0,0,0,0,0,0,0,0,0,0,0,0,0,0,0,0,0,0,0,0,0,0
novelMiR_173_1,0,0,0,0,52,0,0,0,0,0,0,0,0,0,0,0,0,0,0,0,0,0,0,0,0,0,40,0,0,0
novelMiR_190_1,0,0,0,0,6,0,0,0,0,0,0,0,0,0,0,0,0,0,0,0,0,0,0,0,0,0,0,0,0,0
novelMiR_192_1,0,0,0,0,5,0,0,0,0,0,0,0,0,0,0,0,0,0,0,0,0,0,0,0,0,0,0,0,0,0
novelMiR_193_1,0,0,0,0,20,0,0,0,0,0,0,0,0,0,16,0,0,0,0,0,0,0,0,0,0,0,0,0,0,0
novelMiR_194_1,0,0,0,0,5,0,0,0,0,0,0,0,0,0,0,0,0,0,0,0,0,0,0,0,0,0,0,0,9,0
novelMiR_20_1_1,0,0,0,0,7,0,0,0,0,0,0,0,0,0,0,0,0,0,0,0,9,0,0,9,0,0,6,0,0,0
novelMiR_197_1,0,0,0,0,0,0,0,0,0,0,0,0,0,0,0,0,0,0,0,0,0,0,0,0,0,0,22,684,0,0
novelMiR_198_1,0,0,0,0,0,0,0,0,0,0,0,0,0,0,0,0,0,0,0,0,0,0,0,0,0,0,0,88,0,0
novelMiR_213_1,0,0,0,0,199,0,232,0,0,0,0,140,0,0,0,20,0,0,32,0,0,0,0,0,0,0,0,0,25,17
hsa-mir-3136_3,0,0,0,0,6,0,6,0,8,0,0,0,0,0,0,5,10,0,0,0,0,0,0,7,0,10,7,0,23,34
hsa-mir-4767_1,0,0,0,0,7,0,0,0,0,0,0,0,0,0,0,0,0,0,0,0,0,0,0,0,0,0,0,0,0,0
novelMiR_223_1,0,0,0,0,19,0,13,0,0,0,0,0,0,0,0,0,17,0,0,0,10,0,0,0,0,0,0,0,0,0
novelMiR_227_1,0,0,0,0,7,0,0,0,0,0,0,0,0,0,0,0,0,0,0,0,0,0,0,0,0,0,0,0,17,23
novelMiR_229_1,0,21,0,0,8,0,8,0,0,0,0,0,0,9,0,0,11,0,0,0,10,0,0,0,0,17,27,0,0,0
novelMiR_234_1,0,0,0,0,8,0,0,0,0,0,0,0,0,7,0,0,9,0,0,0,0,0,0,0,0,0,0,0,12,0
novelMiR_244_1,0,0,0,0,12,0,0,0,0,0,0,0,0,0,0,0,0,0,0,0,0,0,0,0,0,0,0,0,0,0
novelMiR_246_1,0,0,0,0,21,0,0,0,0,0,0,0,0,0,0,0,15,0,0,0,0,0,0,0,0,0,0,0,13,0
novelMiR_247_1,0,0,0,18,10,13,0,0,0,0,0,0,0,0,0,11,20,0,0,0,9,0,0,11,25,13,0,0,18,17
hsa-mir-1260b_6,2994,2832,3540,1071,11367,4179,3324,138,9756,135,69,453,102,1275,2157,3186,3534,339,423,0,2937,921,0,3096,1848,3975,5583,2043,8130,4212
novelMiR_355_1_1,0,0,0,0,0,0,0,0,0,0,0,0,0,0,16,0,36,0,0,0,12,0,0,14,36,22,16,0,0,0
novelMiR_258_1,0,0,0,0,0,0,0,0,0,0,0,0,0,0,0,0,0,0,0,0,0,0,0,0,0,0,8,0,0,10
novelMiR_263_1,0,0,0,0,0,0,0,0,0,0,0,0,0,0,0,0,0,0,0,0,0,0,0,0,0,0,8,0,0,0
hsa-mir-548k_17,0,0,0,14,0,0,0,0,24,0,0,0,0,0,0,0,0,0,0,0,0,0,0,0,0,0,36,0,34,36
novelMiR_273_1,0,0,0,0,20,0,0,0,0,0,0,0,0,16,0,0,32,0,12,0,38,0,0,0,0,20,0,0,16,0
novelMiR_276_1,0,0,0,0,20,0,0,0,0,0,0,0,0,0,0,0,0,0,0,0,0,0,0,0,0,0,0,0,0,0
novelMiR_286_1,0,0,0,0,0,0,0,0,0,0,0,0,0,0,0,0,0,0,0,0,0,0,0,0,0,0,24,12,0,0
novelMiR_296_1,0,0,0,0,52,42,0,0,0,0,0,0,0,24,0,0,0,0,0,0,0,0,0,0,0,14,0,0,40,0
novelMiR_297_1,0,0,0,0,5,0,0,0,0,0,0,0,0,0,0,0,0,0,0,0,0,0,0,0,0,0,0,0,0,0
novelMiR_298_1,0,0,0,0,34,0,0,0,0,0,0,0,0,0,0,0,36,0,0,0,0,0,0,0,0,0,0,0,0,0
novelMiR_302_1,0,0,0,0,30,0,0,0,14,0,0,0,0,0,0,14,0,0,0,0,12,0,0,0,0,16,0,0,82,48
novelMiR_306_1,0,0,0,0,20,14,0,0,0,0,0,0,0,18,0,0,20,0,0,0,0,0,0,0,0,14,16,0,20,14
novelMiR_312_1,0,10,0,0,12,12,0,0,0,0,0,0,0,0,0,0,10,0,0,0,16,0,0,26,0,0,32,0,0,0
novelMiR_313_1,0,204,0,216,0,0,0,0,0,0,0,0,0,0,267,147,297,0,0,0,195,45,0,0,0,0,249,0,375,147
hsa-mir-150_1,0,0,0,0,8,0,0,0,0,0,0,0,0,0,0,0,0,0,0,0,0,0,0,0,0,0,0,0,0,0
novelMiR_323_1,0,0,0,0,0,0,0,0,0,0,0,0,0,0,0,0,0,0,0,0,0,0,0,0,0,0,22,0,0,0
novelMiR_13_1,0,24,0,13,0,39,13,0,0,0,0,0,0,0,19,12,26,0,0,0,0,0,0,0,0,27,0,0,30,15
novelMiR_23_1,0,0,0,0,0,0,165,0,779,0,0,0,0,0,0,248,470,0,0,0,0,0,0,0,0,0,0,1286,0,0
novelMiR_37_1,0,0,0,0,20,28,0,0,0,0,0,0,0,0,0,0,0,0,0,0,0,0,0,0,0,0,0,24,0,0
novelMiR_38_1,0,0,0,33,0,0,0,0,0,0,0,0,0,0,0,0,0,0,0,0,249,0,0,0,0,0,0,94,0,0
novelMiR_156_1_1,0,0,0,0,6,13,0,0,0,0,0,0,0,0,8,0,0,0,0,0,0,0,0,0,0,0,0,0,0,0
novelMiR_49_1,0,0,0,0,5,0,0,0,5,0,0,0,0,0,0,0,0,0,0,0,0,0,0,0,0,0,0,0,0,0
novelMiR_50_1,0,5,0,0,12,0,0,0,11,0,0,0,0,0,0,0,14,0,0,0,5,5,0,0,0,0,0,0,29,19
novelMiR_22_1_1,0,0,0,0,0,0,0,0,0,0,0,0,0,0,0,0,0,0,0,0,0,0,0,0,0,0,0,1120,0,0
novelMiR_97_1,0,0,0,0,0,0,0,0,0,0,0,0,0,0,0,0,0,0,0,0,0,0,0,0,0,0,0,76,0,0
novelMiR_143_1,0,0,0,0,0,0,0,0,0,0,0,0,0,12,0,0,0,0,0,0,54,0,0,0,0,0,0,39,19,0
novelMiR_170_1,0,0,0,0,0,0,0,0,0,0,0,0,0,0,0,0,0,0,0,0,0,0,0,0,0,0,0,5,0,0
novelMiR_172_1,0,0,0,0,37,0,0,0,0,0,0,0,0,0,0,0,0,0,20,0,0,0,0,0,0,0,0,0,0,0
novelMiR_180_1,0,0,0,0,0,0,0,0,0,0,0,0,0,0,0,0,0,0,0,0,0,0,0,0,0,0,0,13,0,0
novelMiR_183_1,0,0,0,0,0,0,0,0,0,0,0,0,0,0,0,0,0,0,0,0,0,0,0,0,0,0,0,133,0,0
novelMiR_186_1,0,0,0,0,21,0,6,0,0,0,0,0,0,11,0,0,0,0,0,0,0,0,0,0,0,0,0,0,0,0
hsa-let-7b_1,0,0,0,0,0,0,0,0,0,0,0,0,0,0,7,0,0,0,0,0,0,0,0,0,0,0,12,0,0,0
novelMiR_255_1,0,0,0,0,0,52,0,0,20,0,0,0,0,0,0,14,0,0,0,0,42,0,0,24,54,22,32,564,38,12
novelMiR_310_1,0,0,0,0,0,0,0,0,0,0,0,0,0,0,0,0,0,0,0,0,0,0,0,0,0,0,6,0,0,0
novelMiR_334_1,0,0,0,0,10,0,18,0,0,0,0,0,0,0,0,0,0,0,0,0,0,0,0,16,0,0,10,0,0,0
novelMiR_335_1,0,0,0,0,18,0,0,0,0,0,0,0,0,0,0,0,30,0,0,0,0,0,0,0,0,0,0,0,0,0
novelMiR_342_1,0,0,0,0,38,0,0,0,0,0,0,0,0,0,0,0,0,0,0,0,16,0,0,12,0,0,0,0,0,0
novelMiR_343_1,0,0,0,0,48,0,0,0,24,0,0,0,0,36,111,0,27,0,0,0,63,21,0,0,0,0,0,0,0,0
novelMiR_353,0,0,0,0,0,0,0,0,0,0,0,0,0,0,13,0,0,0,0,0,0,0,0,0,0,0,0,0,0,0
novelMiR_151_2,0,0,0,0,0,0,0,0,0,0,0,0,0,0,72,0,0,0,0,0,0,0,0,0,0,0,0,0,0,0
novelMiR_357,0,0,0,0,0,10,0,0,0,0,0,0,0,0,18,0,0,0,0,0,18,0,0,16,0,0,0,0,0,0
novelMiR_355_1,0,0,0,0,0,0,0,0,0,0,0,0,0,0,0,0,0,0,0,0,0,0,0,7,0,0,0,0,0,0
novelMiR_357_1,0,0,0,0,0,0,0,0,0,0,0,0,0,0,0,0,30,0,0,0,0,0,0,0,0,0,0,0,0,0
novelMiR_358_1,0,0,0,0,0,0,0,0,0,0,0,0,0,0,0,0,18,0,0,0,14,0,0,0,0,0,0,0,12,0
novelMiR_364,0,0,0,0,0,0,0,0,0,0,0,0,0,0,0,0,0,0,0,0,8,0,0,0,0,0,0,0,44,0
novelMiR_366,0,0,0,0,0,0,0,0,0,0,0,0,0,12,0,33,138,0,0,0,8,0,0,0,0,0,0,10,167,239
novelMiR_368,0,0,0,0,0,0,0,0,0,0,0,0,0,0,0,0,0,0,0,0,0,0,0,0,0,0,0,0,11,0
novelMiR_369,0,0,0,0,0,20,0,0,14,0,0,0,0,0,0,0,0,0,0,0,0,0,0,0,0,0,0,0,36,14
novelMiR_373,0,0,0,0,0,0,0,0,0,0,0,0,0,0,0,22,0,0,0,0,0,0,0,0,0,0,0,0,36,21
novelMiR_377,0,0,0,0,0,0,0,0,0,0,0,0,0,0,0,0,0,0,0,0,0,0,0,0,0,0,0,0,16,14
novelMiR_386,0,0,0,0,0,0,0,0,0,0,0,0,0,0,0,0,0,0,0,0,0,0,0,0,0,0,0,0,5,0
novelMiR_389,0,0,0,0,0,0,0,0,373,0,0,0,0,0,0,0,0,0,0,0,0,0,0,0,1666,0,366,0,317,341
novelMiR_391,14,0,0,0,0,0,0,0,0,0,0,0,0,0,0,0,0,0,0,0,0,0,0,0,18,0,0,0,9,0
novelMiR_392,0,0,0,0,0,0,0,0,0,0,0,0,0,0,0,0,0,0,0,0,0,0,0,0,0,0,23,0,52,143
novelMiR_395,0,0,0,0,0,0,0,0,0,0,0,0,0,0,0,0,0,0,0,0,0,0,0,0,0,0,6,0,17,0
novelMiR_396,0,0,0,0,0,0,0,0,0,0,0,0,0,0,0,0,0,0,0,0,0,0,0,0,0,0,0,0,10,0
novelMiR_397,0,0,0,0,0,0,0,0,0,0,0,0,0,0,0,0,18,0,0,0,0,0,0,0,0,0,0,0,7,0
novelMiR_398,0,0,0,0,0,0,0,0,0,0,0,0,0,0,0,0,0,0,0,0,0,0,0,0,0,0,0,0,28,0
novelMiR_403,0,0,0,0,0,0,0,0,0,0,0,0,0,0,0,0,0,0,0,0,0,0,0,0,0,0,0,0,21,32
novelMiR_404,0,0,0,0,0,0,0,0,0,0,0,0,0,0,0,0,0,0,0,0,39,0,0,0,0,0,0,0,40,0
novelMiR_405,0,0,0,0,0,0,0,0,6,0,0,0,0,0,0,0,0,0,0,0,0,0,0,0,0,0,0,0,5,7
novelMiR_407,0,0,0,0,0,0,0,0,0,0,0,0,0,0,0,0,0,0,0,0,0,0,0,0,0,0,0,0,8,0
novelMiR_408,0,0,0,0,0,0,0,0,11,0,0,0,0,0,0,0,21,0,0,0,0,0,0,0,0,0,0,0,23,9
novelMiR_80_1,0,0,0,0,0,0,0,0,0,0,0,0,0,0,0,0,0,0,0,0,0,0,0,0,0,0,0,0,21,0
novelMiR_398_2,0,0,0,0,0,0,0,0,0,0,0,0,0,0,0,0,0,0,0,0,0,0,0,0,0,0,0,0,83,13
novelMiR_422,0,37,0,0,0,0,0,0,18,0,0,0,0,0,67,18,0,0,13,0,0,0,0,0,0,0,0,0,45,34
novelMiR_424,0,0,0,0,0,0,0,0,0,0,0,0,0,0,0,0,0,0,0,0,0,0,0,0,0,0,0,0,7,0
novelMiR_397_1,0,0,0,0,0,0,0,0,11,0,0,0,0,0,0,14,23,0,0,0,0,0,0,0,0,0,0,0,43,24
novelMiR_237_1,0,0,45,141,135,750,0,0,477,0,0,0,0,63,252,453,219,0,33,0,186,30,0,0,150,0,231,597,330,66
novelMiR_434,0,0,0,0,0,0,0,0,0,0,0,0,0,0,0,0,0,0,0,0,0,0,0,0,11,0,0,0,21,0
novelMiR_440,0,0,0,0,0,0,0,0,0,0,0,0,0,0,0,0,0,0,0,0,0,0,0,0,0,0,0,0,6,0
novelMiR_446,0,0,0,0,0,0,0,0,0,0,0,0,0,0,0,0,0,0,0,0,0,0,0,0,0,0,0,0,18,20
hsa-mir-627_1,0,0,0,0,0,0,0,0,0,0,0,0,0,0,0,0,0,0,0,0,0,0,0,0,0,0,0,0,9,0
novelMiR_450,0,0,0,0,0,0,0,0,0,0,0,0,0,0,14,0,0,0,0,0,0,0,0,0,0,0,0,0,16,0
novelMiR_452,0,0,0,0,0,0,0,0,0,0,0,0,0,0,0,0,0,0,0,0,0,0,0,0,0,0,0,0,14,0
novelMiR_453,0,0,0,0,0,0,0,0,0,0,0,0,0,0,0,0,0,0,0,0,0,0,0,0,0,0,0,0,5,0
hsa-mir-28_4,0,0,0,0,0,10,0,0,0,0,0,0,0,0,18,0,12,0,0,0,0,0,0,0,0,0,0,0,10,0
novelMiR_460,0,0,0,0,0,0,0,0,0,0,0,0,0,0,0,0,0,0,0,0,0,0,0,0,0,0,0,0,12,0
novelMiR_461,0,0,0,0,0,0,0,0,0,0,0,0,0,0,0,0,0,0,0,0,0,0,0,0,0,0,0,0,13,0
novelMiR_466,0,0,0,0,0,0,0,0,0,0,0,0,0,0,28,0,36,0,0,0,0,0,0,0,0,0,0,0,14,0
novelMiR_469,0,5,0,0,0,0,0,0,0,0,0,0,0,0,0,13,0,0,0,0,0,0,0,0,0,0,0,0,8,0
novelMiR_471,0,0,0,0,0,0,0,0,0,0,0,0,0,0,0,0,0,0,0,0,0,0,0,0,0,0,0,0,8,0
novelMiR_472,0,0,0,0,0,15,0,0,7,0,0,0,0,0,0,0,0,0,0,0,0,0,0,0,0,12,0,0,9,0
novelMiR_474,0,0,0,0,0,0,0,0,0,0,0,0,0,0,0,0,0,0,0,0,0,0,0,0,0,0,0,0,10,0
novelMiR_479,0,0,0,0,0,0,0,0,0,0,0,0,0,0,0,0,0,0,0,0,0,0,0,0,0,0,0,0,16,0
novelMiR_481,0,0,0,0,0,0,0,0,0,0,0,0,0,0,0,0,0,0,0,0,0,0,0,0,0,0,0,0,53,36
hsa-mir-149_1,0,0,0,0,0,0,0,0,0,0,0,0,0,0,0,0,0,0,0,0,0,0,0,0,0,0,0,0,10,0
novelMiR_485,0,0,0,0,0,0,0,0,0,0,0,0,0,0,0,0,0,0,0,0,0,0,0,0,0,0,0,0,15,0
novelMiR_360_1,0,0,0,0,0,0,0,0,0,0,0,0,0,0,0,0,8,0,0,0,0,0,0,0,0,0,0,0,0,0
novelMiR_361_1,0,0,0,0,0,0,0,0,0,0,0,0,0,0,0,0,15,0,0,0,0,0,0,0,0,0,0,0,0,0
novelMiR_365_1,0,0,0,0,0,0,0,0,0,0,0,0,0,0,0,0,9314,0,0,0,4092,531,0,0,0,0,0,0,0,0
novelMiR_229_1_1,0,0,0,0,0,0,0,0,0,0,0,0,0,0,0,0,25,0,0,0,0,0,0,0,0,0,0,0,0,0
hsa-mir-7-1_1,0,0,0,0,0,0,0,0,0,0,0,0,0,0,0,0,11,0,0,0,0,0,0,0,0,0,0,0,0,0
