,CL105_NS_Run18_0815_trimmed_pirna,CL146_NS_Run18_0815_trimmed_pirna,CL152_NS_Run18_0815_trimmed_pirna,CL154_NS_Run18_0815_trimmed_pirna,CL156_NS_Run18_0815_trimmed_pirna,CL162_NS_Run18_0815_trimmed_pirna,CL164_NS_Run18_0815_trimmed_pirna,CL167_trimmed_pirna,CL172_NS_Run18_0815_trimmed_pirna,CL176_trimmed_pirna,CL183_trimmed_pirna,CL187_NS_Run18_0815_trimmed_pirna,CL191_trimmed_pirna,CL196_NS_Run18_0815_trimmed_pirna,CL203_NS_Run18_0815_trimmed_pirna,CL213_trimmed_pirna,CL214_NS_Run18_0815_trimmed_pirna,CL219_NS_Run18_0815_trimmed_pirna,CL228_trimmed_pirna,CL236_trimmed_pirna,CL240_NS_Run18_0815_trimmed_pirna,CL244_trimmed_pirna,CL253_trimmed_pirna,CL41_NS_Run18_0815_trimmed_pirna,CL50_NS_Run18_0815_trimmed_pirna,CL53_NS_Run18_0815_trimmed_pirna,CL56_NS_Run18_0815_trimmed_pirna,CL85_NS_Run18_0815_trimmed_pirna,Female-Ctrl_NS_Run18_0815_trimmed_pirna,Male-Ctrl_NS_Run18_0815_trimmed_pirna
hsa-piR-10092,0,0,0,0,0,0,0,0,0,0,0,0,0,0,0,0,1,0,0,0,0,0,0,0,0,0,0,0,0,0
hsa-piR-10094,0,0,0,0,0,1,0,0,1,0,0,0,0,0,1,1,0,0,0,0,0,0,0,0,0,0,0,0,1,0
hsa-piR-10127,0,0,0,0,0,0,0,0,1,0,0,0,0,0,0,0,0,0,0,0,0,0,0,0,0,0,0,0,0,0
hsa-piR-10185,1,0,0,1,0,0,0,0,1,0,0,0,0,0,0,1,1,0,0,0,0,0,0,1,1,0,1,0,0,0
hsa-piR-10198,0,0,0,1,0,0,0,0,0,0,0,0,0,0,0,0,1,0,0,0,1,0,0,0,0,0,0,0,0,0
hsa-piR-10277,0,0,0,0,0,0,0,0,0,0,0,0,0,0,0,1,0,0,0,0,0,0,0,0,0,0,0,0,0,0
hsa-piR-10278,0,0,0,0,0,0,0,0,0,0,0,0,0,0,0,1,0,0,0,0,0,0,0,0,0,0,0,0,0,0
hsa-piR-1028,14,3,7,6,2,88,1,0,9,0,0,1,0,1,39,8,10,0,1,0,16,2,0,3,22,7,4,13,14,2
hsa-piR-10344,0,0,0,0,0,0,0,0,1,0,0,0,0,0,1,1,0,0,0,0,0,0,0,0,0,0,0,0,1,0
hsa-piR-1044,56,255,336,52,251,551,228,0,278,4,1,16,2,36,854,359,48,1,5,0,214,86,0,57,74,117,86,78,228,78
hsa-piR-10675,0,0,0,0,0,0,1,0,0,0,0,0,0,0,0,0,0,0,0,0,0,0,0,0,0,0,0,0,0,0
hsa-piR-10725,0,0,0,0,0,0,0,0,0,0,0,0,0,0,0,0,0,0,0,0,0,0,0,0,0,0,0,0,1,0
hsa-piR-10735,0,0,1,0,0,0,0,0,0,0,0,0,0,0,0,0,0,0,0,0,0,0,0,0,0,0,0,0,1,0
hsa-piR-10748,0,0,0,0,0,0,0,0,0,0,1,0,0,0,0,0,0,0,0,0,0,0,0,0,0,1,0,0,0,0
hsa-piR-10749,0,0,0,0,0,0,0,0,0,0,0,0,0,0,0,1,0,0,0,0,0,0,0,0,0,0,0,0,0,0
hsa-piR-10750,0,0,0,0,0,0,0,0,0,0,0,0,0,0,0,1,0,0,0,0,0,0,0,0,0,0,0,0,0,0
hsa-piR-10785,0,0,0,0,0,0,0,0,2,0,0,0,0,1,0,0,0,0,0,0,2,1,0,0,0,0,0,0,0,0
hsa-piR-1079,31,148,215,16,116,257,59,1,44,2,0,13,0,13,287,15,17,1,7,0,90,34,0,11,42,69,21,47,49,9
hsa-piR-10796,0,0,1,0,0,0,0,0,0,0,0,0,0,0,0,0,0,0,0,0,0,0,0,0,0,0,0,0,2,0
hsa-piR-1080,31,148,215,16,116,257,59,1,44,2,0,13,0,13,287,15,17,1,7,0,90,34,0,11,42,69,21,47,49,9
hsa-piR-1087,0,1,1,0,1,0,0,0,0,0,0,0,0,0,0,0,0,0,0,0,1,0,0,0,0,1,0,0,2,0
hsa-piR-1091,2,2,1,2,3,4,0,0,10,0,0,0,0,0,27,1,1,0,0,0,1,0,0,1,6,0,6,0,0,0
hsa-piR-10952,0,0,0,0,0,0,1,0,0,0,0,0,0,0,0,0,0,0,0,0,1,0,0,0,0,0,0,0,0,0
hsa-piR-11015,3,4,0,0,1,5,1,0,2,0,0,0,0,1,2,0,2,0,0,0,0,1,0,1,3,2,1,1,2,0
hsa-piR-11035,0,0,0,0,1,2,0,0,0,0,0,0,0,0,0,0,1,0,0,0,1,0,0,0,0,0,0,0,1,0
hsa-piR-11039,0,0,0,0,0,0,0,0,0,0,0,0,0,0,0,0,0,0,0,0,0,0,0,0,0,0,1,0,0,0
hsa-piR-11044,0,0,0,0,0,0,1,0,0,0,0,0,0,0,0,0,0,0,0,0,0,0,0,0,0,0,0,0,0,0
hsa-piR-11073,0,0,0,0,0,0,0,0,0,0,0,0,0,0,1,0,0,0,0,0,0,0,0,0,0,0,0,0,1,0
hsa-piR-11119,0,0,0,0,0,0,0,0,0,0,0,0,0,0,0,0,0,0,0,0,0,0,0,0,0,0,1,0,2,0
hsa-piR-11120,0,1,0,0,1,0,0,0,0,0,0,0,0,0,1,0,1,0,0,0,1,0,0,0,0,0,1,0,0,0
hsa-piR-11133,0,22,32,3,28,35,10,1,19,0,0,2,0,1,46,1,16,2,0,0,63,2,0,1,14,20,13,33,15,2
hsa-piR-1117,1,7,2,0,3,4,1,0,0,0,0,0,0,0,7,1,0,0,0,0,1,0,0,0,1,1,1,0,1,0
hsa-piR-1118,1,7,2,0,3,4,1,0,0,0,0,0,0,0,7,1,0,0,0,0,1,0,0,0,1,1,1,0,1,0
hsa-piR-11182,0,0,0,1,0,0,0,0,0,0,0,0,0,0,0,0,0,0,0,0,0,0,0,0,0,0,0,0,0,0
hsa-piR-1119,1,7,2,0,3,4,1,0,0,0,0,0,0,0,7,1,0,0,0,0,1,0,0,0,1,1,1,0,1,0
hsa-piR-11274,0,0,0,0,0,0,0,0,0,0,0,0,0,0,0,1,0,0,0,0,0,0,0,0,0,0,0,0,0,0
hsa-piR-11298,0,0,0,0,0,2,0,0,0,0,0,0,0,0,0,0,1,0,0,0,0,0,0,0,0,0,0,0,0,0
hsa-piR-11347,0,0,0,0,0,0,0,0,1,0,0,0,0,0,0,0,0,0,0,0,0,0,0,0,0,0,0,0,0,0
hsa-piR-1138,0,0,0,0,0,1,0,0,0,0,0,0,0,0,0,0,0,0,0,0,0,0,0,0,0,0,0,0,0,0
hsa-piR-11483,0,0,0,0,0,0,0,0,1,0,0,0,0,0,0,0,0,0,0,0,0,0,0,0,0,0,0,0,0,0
hsa-piR-11621,2,3,1,0,2,32,0,0,9,0,0,0,0,1,29,2,1,0,1,0,2,1,0,0,1,0,2,26,6,1
hsa-piR-11708,0,0,0,0,0,0,0,0,1,0,0,0,0,0,0,0,0,0,0,0,0,0,0,0,0,0,0,1,0,1
hsa-piR-11723,0,0,0,0,0,0,0,0,0,0,0,0,0,0,0,0,0,0,0,0,1,0,0,0,0,0,0,0,0,0
hsa-piR-1175,0,1,0,0,0,0,0,0,0,0,0,0,0,0,0,0,0,0,0,0,0,0,0,0,0,0,0,0,0,0
hsa-piR-11814,0,0,0,0,1,0,0,0,0,0,0,0,0,0,0,0,0,0,0,0,0,0,0,0,0,0,0,0,0,0
hsa-piR-11831,0,0,0,0,0,0,1,0,0,0,0,0,0,0,0,0,0,0,0,0,0,0,0,0,0,0,0,0,0,0
hsa-piR-11846,0,0,0,0,0,1,0,0,0,0,0,0,0,0,0,0,0,0,0,0,0,0,0,0,0,0,0,0,0,0
hsa-piR-11849,0,0,0,0,0,0,0,0,1,0,0,0,0,0,0,0,0,0,0,0,0,0,0,0,0,0,0,0,0,0
hsa-piR-11876,0,0,0,0,0,0,0,0,1,0,0,0,0,0,0,0,0,0,0,0,0,0,0,0,0,0,0,0,0,0
hsa-piR-11913,0,0,0,0,0,0,0,0,0,0,0,0,0,0,0,0,0,0,0,0,1,0,0,0,0,0,0,0,0,0
hsa-piR-11975,0,0,0,0,0,0,0,0,0,0,0,0,0,0,0,0,0,0,0,0,0,0,0,0,0,0,0,0,1,0
hsa-piR-11982,0,0,0,0,0,1,0,0,0,0,0,0,0,0,0,0,0,0,0,0,0,0,0,0,0,0,1,0,0,0
hsa-piR-12024,0,0,0,0,0,1,0,0,0,0,0,0,0,0,0,0,0,0,0,0,1,0,0,0,0,0,0,0,0,0
hsa-piR-12084,0,0,0,0,0,0,0,0,0,0,0,0,0,0,0,0,0,0,0,0,1,0,0,0,0,0,0,0,0,0
hsa-piR-12085,0,0,0,0,0,0,0,0,0,0,0,0,0,0,0,0,0,0,0,0,1,0,0,0,0,0,0,0,0,0
hsa-piR-12086,0,0,0,0,0,0,0,0,0,0,0,0,0,0,0,0,0,0,0,0,1,0,0,0,0,0,0,0,0,0
hsa-piR-12087,0,0,0,0,0,0,0,0,0,0,0,0,0,0,0,0,0,0,0,0,1,0,0,0,0,0,0,0,0,0
hsa-piR-12190,0,0,0,0,0,2,0,0,0,0,0,0,0,0,0,0,0,0,0,0,1,0,0,0,0,0,1,0,0,0
hsa-piR-12204,0,0,0,0,0,1,0,0,0,0,0,0,0,0,0,0,0,0,0,0,1,0,0,0,0,0,0,0,1,0
hsa-piR-1221,0,0,0,0,0,0,0,0,0,0,0,0,0,0,0,0,0,0,0,0,0,0,0,1,0,0,0,0,0,0
hsa-piR-12263,0,0,1,1,0,1,4,0,0,0,0,0,0,0,1,3,1,0,0,0,0,1,0,3,2,0,2,1,4,0
hsa-piR-12315,0,0,0,0,0,1,0,0,0,0,0,0,0,0,0,0,0,0,0,0,1,0,0,0,0,0,0,0,0,0
hsa-piR-12319,9,5,2,10,8,102,4,0,17,0,0,6,0,4,64,7,5,0,0,0,16,1,0,6,4,9,10,19,12,12
hsa-piR-12349,0,0,0,0,0,0,0,0,0,0,0,0,0,0,0,0,0,0,0,0,1,0,0,0,0,0,0,0,0,0
hsa-piR-12499,0,0,0,0,0,0,0,0,0,0,0,0,0,0,0,0,0,0,0,0,1,0,0,0,0,0,0,0,0,0
hsa-piR-12503,0,0,0,0,0,1,0,0,0,0,0,0,0,0,0,0,0,0,0,0,1,0,0,0,0,0,0,0,0,0
hsa-piR-12548,0,0,0,0,0,0,0,0,0,0,0,0,0,0,0,0,0,0,0,0,0,0,0,0,0,0,0,1,0,0
hsa-piR-12549,0,0,0,0,0,0,0,0,0,0,0,0,0,0,0,0,0,0,0,0,0,0,0,0,0,0,0,1,0,0
hsa-piR-1255,0,0,0,0,0,1,0,0,0,0,0,0,0,0,0,0,0,0,0,0,1,0,0,0,0,0,0,0,0,0
hsa-piR-1256,0,0,0,0,0,1,0,0,0,0,0,0,0,0,0,0,0,0,0,0,1,0,0,0,0,0,0,0,0,0
hsa-piR-12584,14,3,7,6,2,88,1,0,9,0,0,1,0,1,39,8,10,0,1,0,16,2,0,3,22,7,4,13,14,2
hsa-piR-12624,4,29,45,7,127,42,29,1,58,0,0,4,1,2,103,2,26,0,1,0,117,9,0,12,22,16,28,92,50,13
hsa-piR-12653,0,0,1,1,2,0,0,0,0,0,0,0,0,0,3,0,1,0,0,0,0,0,0,1,0,0,0,0,0,0
hsa-piR-12654,24,18,33,17,20,480,13,2,34,0,0,1,0,7,147,30,13,1,0,0,46,5,0,18,69,14,18,250,34,15
hsa-piR-12655,252,1345,1919,357,1568,3192,1221,10,1231,14,3,133,12,202,4469,1849,232,9,37,0,1118,394,0,306,417,697,410,409,1274,374
hsa-piR-12659,0,0,0,1,0,0,0,0,1,0,0,0,0,0,0,0,1,0,0,0,0,0,0,0,0,0,0,0,0,0
hsa-piR-12695,0,0,0,0,0,1,0,0,0,0,0,0,0,0,0,0,0,0,0,0,1,0,0,0,0,0,0,0,0,0
hsa-piR-12696,0,0,0,0,0,1,0,0,0,0,0,0,0,0,0,0,0,0,0,0,1,0,0,0,0,0,0,0,0,0
hsa-piR-12697,0,0,0,0,0,1,0,0,0,0,0,0,0,0,0,0,0,0,0,0,1,0,0,0,0,0,0,0,0,0
hsa-piR-12754,0,0,0,0,0,1,0,0,0,0,0,0,0,0,0,0,0,0,0,0,0,0,0,0,0,0,0,0,1,0
hsa-piR-12780,0,0,0,0,0,0,0,0,0,0,0,0,0,0,0,0,0,0,0,0,0,0,0,0,0,0,1,0,0,0
hsa-piR-12875,0,0,0,0,0,0,0,0,1,0,0,0,0,0,0,0,0,0,0,0,0,0,0,0,0,0,0,0,0,0
hsa-piR-1290,0,0,0,0,0,0,0,0,0,0,0,0,0,0,0,0,0,0,0,0,1,0,0,0,0,0,0,0,0,0
hsa-piR-12906,0,0,0,0,0,0,0,0,1,0,0,0,0,0,0,0,0,0,0,0,0,0,0,0,0,0,0,0,0,0
hsa-piR-12915,1,0,0,0,0,1,0,0,1,0,0,0,0,0,0,0,0,0,0,0,0,0,0,0,0,0,0,0,0,0
hsa-piR-12961,0,0,0,0,0,0,0,0,0,0,0,0,0,0,0,0,0,0,0,0,0,0,0,1,0,0,0,0,0,0
hsa-piR-13011,0,0,0,0,0,0,0,0,0,0,0,0,0,0,1,0,0,0,0,0,0,0,0,0,0,0,0,0,0,0
hsa-piR-13139,0,0,0,0,0,0,0,0,1,0,0,0,0,0,0,0,0,0,0,0,0,0,0,0,0,0,0,0,0,0
hsa-piR-13213,0,0,0,0,0,0,0,0,0,0,0,0,0,1,0,0,0,0,0,0,0,0,0,0,0,0,0,0,0,0
hsa-piR-13284,0,0,0,0,0,0,0,0,0,0,0,0,0,0,0,1,0,0,0,0,0,0,0,0,0,0,1,0,0,0
hsa-piR-13412,0,0,0,0,0,0,0,0,2,0,0,0,0,0,0,0,0,0,0,0,0,0,0,0,0,0,0,0,2,0
hsa-piR-13413,0,0,1,0,1,1,0,0,0,0,0,0,0,0,0,0,0,0,0,0,0,0,0,0,0,1,1,0,0,0
hsa-piR-13420,0,0,0,1,0,0,0,0,0,0,0,0,0,0,1,0,0,0,0,0,0,0,0,0,1,0,0,0,0,1
hsa-piR-13422,0,1,0,0,1,0,0,0,1,0,0,0,0,1,1,0,1,0,0,0,0,0,0,0,0,0,0,0,3,0
hsa-piR-13522,0,0,0,0,0,0,0,0,0,0,0,0,0,0,0,1,1,0,0,0,0,0,0,0,0,0,0,0,0,1
hsa-piR-13560,0,0,0,0,0,0,0,0,0,0,0,0,0,0,0,0,0,0,0,0,1,0,0,0,0,0,0,0,0,0
hsa-piR-13583,0,0,0,0,0,1,1,0,0,0,0,0,0,0,0,0,0,0,0,0,1,0,0,0,0,0,0,0,1,0
hsa-piR-13584,0,0,0,0,0,1,1,0,0,0,0,0,0,0,0,0,0,0,0,0,1,0,0,0,0,0,0,0,1,0
hsa-piR-13585,0,0,0,0,0,1,0,0,0,0,0,0,0,0,0,0,0,0,0,0,0,0,0,0,0,0,0,0,1,0
hsa-piR-13651,0,0,0,0,0,0,0,0,1,0,0,0,0,0,0,0,0,0,0,0,0,0,0,0,0,0,0,0,0,0
hsa-piR-13851,0,0,0,0,2,0,0,0,0,0,0,0,0,0,0,0,0,0,0,0,0,0,0,0,0,1,0,0,0,0
hsa-piR-14077,0,0,0,0,0,0,0,0,0,0,0,0,0,0,0,0,0,0,0,0,0,0,0,0,0,0,0,0,0,1
hsa-piR-14091,0,0,1,0,0,0,0,0,0,0,0,0,0,0,0,0,0,0,0,0,0,0,0,0,0,0,0,0,0,0
hsa-piR-1421,1,1,5,0,1,25,0,0,2,0,0,0,0,0,12,2,4,0,0,0,0,0,0,0,1,0,1,3,2,1
hsa-piR-14285,0,3,1,1,15,3,0,0,3,0,0,0,0,0,5,1,6,0,0,0,2,1,0,1,1,2,2,1,0,0
hsa-piR-14314,0,0,0,0,0,0,1,0,0,0,0,0,0,0,0,0,0,0,0,0,0,0,0,0,0,2,0,0,0,0
hsa-piR-14384,0,0,0,0,0,1,0,0,0,0,0,0,0,0,0,0,0,0,0,0,0,0,0,0,0,0,0,0,0,0
hsa-piR-1440,0,0,0,0,0,0,0,0,0,0,0,0,0,0,0,1,0,0,0,0,0,0,0,0,0,0,0,0,0,0
hsa-piR-1446,0,0,0,0,1,0,0,0,0,0,0,0,0,0,0,0,0,0,0,0,0,0,0,0,0,0,0,0,0,0
hsa-piR-14574,0,0,1,0,0,0,0,0,0,0,0,0,0,0,0,0,0,0,0,0,0,0,0,0,0,0,0,0,0,0
hsa-piR-14656,0,0,0,1,0,0,0,0,0,0,0,0,0,0,0,0,2,0,0,0,1,0,0,0,0,0,0,0,0,0
hsa-piR-14657,0,0,0,0,0,0,0,0,0,0,0,0,0,0,0,0,0,0,0,0,0,0,0,0,0,0,0,1,0,0
hsa-piR-14785,0,0,0,0,0,0,0,0,0,0,0,0,0,0,0,0,0,0,0,0,1,0,0,0,0,0,0,0,0,0
hsa-piR-14786,0,0,0,0,0,0,0,0,0,0,0,0,0,0,0,0,0,0,0,0,1,0,0,0,0,0,0,0,0,0
hsa-piR-14905,0,0,0,0,0,0,0,0,0,0,0,0,0,0,0,1,0,0,0,0,0,0,0,0,0,0,0,0,1,0
hsa-piR-1503,0,1,0,0,0,0,0,0,0,0,0,0,0,0,0,0,0,0,0,0,0,0,0,0,0,0,0,0,0,0
hsa-piR-15055,0,0,0,0,2,0,0,0,0,0,0,0,0,0,0,0,0,0,0,0,0,1,0,0,0,0,1,0,0,0
hsa-piR-1507,28,308,181,78,929,568,178,11,407,3,2,26,1,46,378,87,416,5,19,0,490,104,0,152,177,219,325,217,438,102
hsa-piR-15095,0,0,0,0,0,0,0,0,0,0,0,0,0,0,0,0,1,0,0,0,0,0,0,0,0,0,0,0,0,0
hsa-piR-15104,0,0,0,0,0,0,0,0,0,0,0,0,0,0,1,0,0,0,0,0,0,0,0,0,0,0,0,0,0,0
hsa-piR-1513,0,0,1,0,2,2,1,0,2,0,0,0,0,0,1,2,1,0,0,0,1,0,0,1,3,0,1,0,4,0
hsa-piR-15176,0,0,0,0,0,0,0,0,2,0,0,0,0,0,0,1,0,0,0,0,0,0,0,0,0,0,0,0,1,0
hsa-piR-15181,0,5,1,2,4,3,2,0,4,0,0,1,0,0,2,2,8,2,0,0,0,3,0,1,2,3,6,1,8,1
hsa-piR-15182,0,2,0,1,4,2,2,0,2,0,0,1,0,0,2,1,6,2,0,0,0,1,0,1,1,1,4,1,5,1
hsa-piR-15183,1,0,0,0,2,2,1,0,1,0,0,0,0,0,2,1,1,0,0,0,0,0,0,0,1,2,1,1,0,0
hsa-piR-15226,0,8,6,1,9,6,8,0,5,0,0,1,0,5,9,3,5,0,0,0,5,2,0,3,3,1,0,2,5,3
hsa-piR-15227,0,8,6,1,9,6,8,0,5,0,0,1,0,5,9,3,5,0,0,0,5,2,0,3,3,1,0,2,5,3
hsa-piR-15332,0,0,0,0,0,0,0,0,0,0,0,0,0,0,0,0,1,0,0,0,0,0,0,0,0,0,0,0,0,0
hsa-piR-15358,0,0,0,0,0,0,0,0,0,0,0,0,0,0,0,0,0,0,0,0,0,0,0,0,0,0,1,0,0,0
hsa-piR-15399,0,0,1,0,0,0,0,0,0,0,0,0,0,0,0,0,0,0,0,0,0,0,0,0,0,0,0,0,0,0
hsa-piR-15414,0,0,0,0,0,0,0,0,0,0,0,0,0,0,0,0,0,0,0,0,0,0,0,0,0,0,0,0,0,1
hsa-piR-15656,0,0,1,0,0,2,0,0,1,0,0,0,0,0,0,0,0,0,0,0,0,0,0,0,0,0,0,1,2,0
hsa-piR-15748,0,0,0,0,0,0,0,0,0,0,0,0,0,0,0,0,0,0,0,0,0,0,0,0,0,1,0,0,0,0
hsa-piR-15768,0,0,1,0,0,0,0,0,0,0,0,0,0,0,0,0,0,0,0,0,0,0,0,0,0,0,0,0,0,0
hsa-piR-15777,0,0,0,0,0,0,0,0,0,0,0,0,0,0,0,1,0,0,0,0,0,0,0,0,0,0,0,0,0,0
hsa-piR-15821,0,0,0,0,0,0,0,0,0,0,0,0,0,0,0,0,0,0,0,0,0,0,0,0,1,0,0,0,0,0
hsa-piR-15823,0,0,0,0,0,0,0,0,2,0,0,0,0,0,0,1,0,0,0,0,0,0,0,0,0,0,0,0,0,0
hsa-piR-15835,0,0,0,0,0,0,0,0,0,0,0,0,0,0,0,0,1,0,0,0,0,0,0,0,0,0,0,0,0,0
hsa-piR-1588,106,975,478,141,1772,1058,494,27,1052,7,4,70,3,148,959,146,707,28,25,0,1076,155,0,303,440,432,790,586,878,176
hsa-piR-15942,0,0,0,0,0,0,0,0,0,0,0,0,0,0,0,0,0,0,0,0,0,0,0,0,0,0,0,0,0,1
hsa-piR-1599,17,192,213,48,668,613,193,16,355,3,1,43,3,43,426,42,360,12,10,0,655,72,0,178,131,300,342,233,547,102
hsa-piR-16000,0,0,0,1,0,0,0,0,0,0,0,0,0,0,0,0,0,0,0,0,0,0,0,0,0,0,0,0,0,0
hsa-piR-16100,0,0,0,0,0,0,1,0,0,0,0,0,0,0,0,0,0,0,0,0,0,0,0,0,0,0,0,0,0,0
hsa-piR-16108,0,1,0,0,0,0,0,0,0,0,0,0,0,0,0,0,0,0,0,0,0,0,0,0,0,0,0,0,1,0
hsa-piR-16109,0,1,0,0,0,0,0,0,0,0,0,0,0,0,0,0,0,0,0,0,0,0,0,0,0,0,0,0,1,0
hsa-piR-1612,8,2,0,1,4,5,1,0,2,0,0,0,0,0,7,0,0,0,0,0,3,0,0,3,0,0,0,4,4,1
hsa-piR-1613,0,1,0,0,0,0,0,1,0,0,0,2,0,0,3,0,0,0,0,0,0,0,0,0,0,0,0,0,0,0
hsa-piR-16144,0,0,0,0,0,0,0,0,0,0,0,0,0,1,0,0,0,0,0,0,0,0,0,0,0,0,0,0,0,0
hsa-piR-16157,1,0,0,0,0,0,0,0,0,0,0,0,0,0,0,0,0,0,0,0,0,0,0,0,0,0,0,0,0,0
hsa-piR-16158,1,0,0,0,0,0,0,0,0,0,0,0,0,0,0,0,0,0,0,0,0,0,0,0,0,0,0,0,0,0
hsa-piR-16186,0,0,0,0,0,0,0,0,1,0,0,0,0,0,1,0,0,0,0,0,0,0,0,0,0,0,0,0,1,0
hsa-piR-16221,0,0,0,0,0,1,0,0,0,0,0,0,0,0,0,0,0,0,0,0,1,0,0,0,0,0,0,0,1,0
hsa-piR-16222,0,0,0,0,0,1,1,0,0,0,0,0,0,0,0,0,0,0,0,0,1,0,0,0,0,0,0,0,1,0
hsa-piR-16223,0,0,0,0,0,1,1,0,0,0,0,0,0,0,0,0,0,0,0,0,1,0,0,0,0,0,0,0,1,0
hsa-piR-16231,0,0,0,0,0,1,0,0,0,0,0,0,0,0,0,0,0,0,0,0,0,0,0,0,0,0,0,0,0,0
hsa-piR-1626,0,0,0,0,0,1,0,0,0,0,0,0,0,0,0,0,0,0,0,0,0,0,0,0,0,0,0,0,0,0
hsa-piR-16271,1,0,0,0,0,0,0,0,0,0,0,0,0,0,1,0,0,0,0,0,0,0,0,0,0,0,0,0,0,1
hsa-piR-16332,0,1,0,0,0,0,0,0,0,0,0,0,0,0,0,0,0,0,0,0,0,0,0,0,0,0,0,0,1,0
hsa-piR-16333,0,1,0,0,0,0,0,0,0,0,0,0,0,0,0,0,0,0,0,0,0,0,0,0,0,0,0,0,1,0
hsa-piR-16334,0,1,0,0,0,0,0,0,0,0,0,0,0,0,0,0,0,0,0,0,0,0,0,0,0,0,0,0,1,0
hsa-piR-1637,9,5,2,10,8,89,4,0,17,0,0,6,0,4,62,6,5,0,0,0,16,1,0,6,4,9,10,17,12,12
hsa-piR-1638,9,5,2,10,8,102,4,0,17,0,0,6,0,4,64,7,5,0,0,0,16,1,0,6,4,9,10,19,12,12
hsa-piR-16407,0,0,0,0,0,0,0,0,0,0,0,0,0,0,1,0,0,0,0,0,0,0,0,0,0,0,0,0,0,0
hsa-piR-16408,0,0,0,0,0,0,0,0,0,0,0,0,0,0,1,0,0,0,0,0,0,0,0,0,0,0,0,0,0,0
hsa-piR-16495,0,0,0,0,0,0,0,0,0,0,0,0,0,0,0,0,1,0,0,0,0,0,0,0,0,0,0,0,0,0
hsa-piR-16538,0,0,0,0,0,0,0,0,0,0,0,0,0,0,0,0,0,0,0,0,0,0,0,0,0,0,0,0,2,0
hsa-piR-16539,0,0,0,0,0,0,0,0,0,0,0,0,0,0,0,0,0,0,0,0,0,0,0,0,0,0,0,0,2,0
hsa-piR-16604,0,0,0,0,0,0,0,0,0,0,0,0,0,0,0,0,0,0,0,0,1,0,0,0,0,0,0,0,0,0
hsa-piR-1674,0,0,0,0,0,0,0,0,0,0,0,0,0,0,0,0,0,0,0,0,0,0,0,0,0,1,0,0,0,0
hsa-piR-1677,6,11,7,2,7,13,7,0,9,0,0,0,0,0,29,7,9,0,2,0,17,2,0,6,6,5,3,9,16,0
hsa-piR-1679,43,398,225,73,837,481,207,8,345,7,0,36,3,54,465,91,342,8,23,0,525,81,1,249,263,322,352,344,560,130
hsa-piR-16795,0,0,0,0,0,0,0,0,0,0,0,0,0,0,1,0,0,0,0,0,0,0,0,0,1,0,0,0,0,0
hsa-piR-16804,0,0,0,0,0,0,0,0,0,0,0,0,0,0,0,1,0,0,0,0,0,0,0,0,0,0,0,0,0,0
hsa-piR-16829,0,0,0,0,0,0,0,0,0,0,0,0,0,0,0,0,0,0,0,0,0,0,0,0,0,0,0,0,2,0
hsa-piR-16847,0,0,1,0,0,1,0,0,0,0,0,0,0,0,0,0,0,0,0,0,0,0,0,0,0,0,0,0,0,0
hsa-piR-17074,1,1,0,0,0,0,0,0,0,0,0,0,0,0,0,0,0,0,0,0,0,0,0,0,0,0,0,0,0,0
hsa-piR-17121,0,1,2,0,0,1,0,0,1,0,0,0,0,0,0,0,1,0,0,0,0,1,0,0,0,0,0,0,0,0
hsa-piR-17206,0,0,0,0,0,0,1,0,0,0,0,0,0,0,0,0,0,0,0,0,0,0,0,0,0,0,0,0,0,0
hsa-piR-17221,0,0,0,0,0,0,0,0,0,0,0,0,0,0,0,0,0,0,0,0,0,0,0,0,0,0,0,1,0,0
hsa-piR-17237,0,0,0,0,0,1,0,0,0,0,0,0,0,0,0,0,0,0,0,0,0,0,0,0,0,0,0,0,0,0
hsa-piR-17241,1893,14384,14654,3524,31790,22318,9767,582,18088,22,9,1752,14,4365,17156,2794,18347,521,1065,1,21334,2767,1,7581,8291,13594,14734,12030,17319,4869
hsa-piR-17317,0,4,10,3,2,7,2,0,2,0,0,2,0,0,20,0,0,0,0,0,8,4,0,2,0,1,1,0,1,0
hsa-piR-1738,237,2116,2575,600,5168,3961,1703,95,3641,13,5,265,10,589,3845,437,3272,129,134,2,4694,586,1,1537,1683,1792,2740,2149,2873,662
hsa-piR-17397,0,0,0,0,0,0,0,0,0,0,0,0,0,0,0,0,0,0,0,0,0,1,0,0,0,0,0,0,0,0
hsa-piR-17545,0,0,0,0,0,1,0,0,0,0,0,0,0,0,0,0,0,0,0,0,0,0,0,0,0,0,0,0,0,0
hsa-piR-17726,0,0,0,0,0,0,0,0,0,0,0,0,0,0,0,0,0,0,0,0,0,0,0,0,0,0,1,0,0,0
hsa-piR-17740,0,0,0,0,0,0,0,0,0,0,0,0,0,0,0,1,0,0,0,0,0,0,0,0,0,0,0,0,0,0
hsa-piR-17796,0,0,0,0,0,0,0,0,0,0,0,0,0,0,0,0,0,0,0,0,0,0,0,0,0,0,0,0,0,1
hsa-piR-17886,2,0,0,0,0,0,0,0,0,0,0,0,0,0,0,0,0,0,0,0,0,0,0,0,0,0,0,0,0,0
hsa-piR-17963,0,0,0,0,0,0,0,0,0,0,0,0,0,0,0,0,0,0,0,0,0,0,0,0,0,0,0,0,1,0
hsa-piR-17964,0,0,0,0,0,0,0,0,0,0,0,0,0,0,0,0,0,0,0,0,0,0,0,0,0,0,0,0,1,0
hsa-piR-18007,0,0,0,0,0,0,0,0,0,0,0,0,0,0,0,0,0,0,0,0,0,0,0,0,0,0,0,0,0,1
hsa-piR-18020,0,0,0,0,0,0,0,0,0,0,0,0,0,0,0,2,0,0,0,0,0,0,0,0,0,0,0,0,0,0
hsa-piR-18021,0,0,0,0,0,0,0,0,0,0,0,0,0,0,0,0,0,0,0,0,0,0,0,0,0,0,0,0,2,0
hsa-piR-18103,0,0,0,0,0,0,1,0,0,0,0,0,0,0,0,0,0,0,0,0,0,0,0,0,0,0,0,0,0,0
hsa-piR-18189,0,23,3,1,25,20,9,0,10,0,0,0,0,0,10,4,3,0,1,0,12,2,0,7,4,5,9,4,22,0
hsa-piR-18257,0,0,0,0,1,1,0,0,0,0,0,0,0,0,1,0,0,0,0,0,0,0,0,0,0,0,0,0,1,0
hsa-piR-18460,0,0,0,0,0,0,1,0,0,0,0,0,0,0,0,0,0,0,0,0,0,0,0,0,0,0,0,0,0,0
hsa-piR-18461,0,0,0,0,0,0,1,0,0,0,0,0,0,0,0,0,0,0,0,0,0,0,0,0,0,0,0,0,0,0
hsa-piR-18463,0,0,0,0,0,0,1,0,0,0,0,0,0,0,0,0,0,0,0,0,0,0,0,0,0,0,0,0,0,0
hsa-piR-18465,0,0,0,0,0,0,1,0,0,0,0,0,0,0,0,0,0,0,0,0,0,0,0,0,0,0,0,0,0,0
hsa-piR-18466,0,0,0,0,0,0,1,0,0,0,0,0,0,0,0,0,0,0,0,0,0,0,0,0,0,0,0,0,0,0
hsa-piR-18468,0,0,0,0,0,0,1,0,0,0,0,0,0,0,0,0,0,0,0,0,0,0,0,0,0,0,0,0,0,0
hsa-piR-18566,0,0,0,0,0,0,0,0,0,0,0,0,0,0,0,0,0,0,0,0,1,0,0,0,0,0,0,0,0,0
hsa-piR-18567,0,0,0,0,0,0,0,0,0,0,0,0,0,0,0,0,0,0,0,0,1,0,0,0,0,0,0,0,0,0
hsa-piR-18568,0,0,0,0,1,0,0,0,0,0,0,0,0,0,0,0,0,0,0,0,0,0,0,0,0,0,0,0,0,0
hsa-piR-18626,0,0,0,0,0,0,0,0,0,0,0,0,0,0,0,0,0,0,0,0,0,0,0,0,0,0,0,0,1,0
hsa-piR-18630,0,0,0,0,0,0,0,0,0,0,0,0,0,0,0,0,0,0,0,0,0,0,0,0,0,0,0,1,0,0
hsa-piR-18682,0,0,2,0,2,2,0,0,0,0,0,0,0,1,5,0,0,0,0,0,1,0,0,0,0,0,1,7,0,0
hsa-piR-18766,0,1,0,1,1,0,1,0,1,0,0,0,0,0,0,0,0,0,0,0,0,0,0,0,0,0,0,0,1,0
hsa-piR-18811,0,0,1,0,0,0,0,0,0,0,0,0,0,0,0,0,0,0,0,0,0,0,0,0,0,0,0,0,0,0
hsa-piR-18867,0,0,1,0,2,0,0,0,1,0,0,1,0,0,4,2,0,0,0,0,1,0,0,3,1,0,2,0,1,0
hsa-piR-18921,0,0,0,0,0,0,0,0,1,0,0,0,0,0,0,0,0,0,0,0,0,0,0,0,0,0,0,0,0,0
hsa-piR-18922,0,0,0,0,0,0,0,0,1,0,0,0,0,0,0,0,0,0,0,0,0,0,0,0,0,0,0,0,0,0
hsa-piR-18998,0,0,0,0,1,0,0,0,0,0,0,0,0,0,1,0,0,0,0,0,0,0,0,0,0,0,0,0,1,0
hsa-piR-1900,252,1345,1919,357,1568,3192,1221,10,1231,14,3,133,12,202,4469,1849,232,9,37,0,1118,394,0,306,417,697,410,409,1274,374
hsa-piR-1901,166,851,1323,225,1073,2142,858,6,802,9,2,91,10,140,2767,1120,161,8,31,0,761,281,0,203,298,475,277,267,839,246
hsa-piR-19013,0,1,0,0,0,0,0,0,0,0,0,0,0,0,0,0,0,1,0,0,0,0,0,0,0,0,0,0,0,1
hsa-piR-19074,0,0,0,0,0,0,0,0,0,0,0,0,0,1,0,0,0,0,0,0,0,0,0,0,0,0,0,0,0,0
hsa-piR-19109,0,0,1,0,0,0,0,0,0,0,0,0,0,0,0,0,0,0,0,0,0,0,0,0,0,0,0,0,0,0
hsa-piR-1911,3,1,3,1,1,130,0,1,12,0,0,1,0,1,56,10,4,0,0,0,9,0,0,2,5,2,2,8,8,0
hsa-piR-1913,0,0,0,0,0,0,0,0,1,0,0,0,0,0,0,0,0,0,0,0,0,0,0,0,0,0,0,0,0,0
hsa-piR-1946,164,2114,1407,586,4439,2556,1264,88,2302,22,14,175,9,336,2182,613,2105,43,93,0,3609,534,0,1289,1125,1442,2038,1919,4386,1038
hsa-piR-19473,0,0,0,0,0,0,0,0,1,0,0,0,0,0,0,0,0,0,0,0,0,0,0,0,0,0,0,0,1,0
hsa-piR-1949,0,0,0,0,0,0,0,0,0,0,0,0,0,0,1,0,0,0,0,0,0,0,0,0,0,0,0,0,0,0
hsa-piR-1950,0,0,0,0,0,0,0,0,0,0,0,0,0,0,1,0,0,0,0,0,0,0,0,0,1,0,0,0,0,0
hsa-piR-1961,0,5,2,5,9,150,0,0,5,0,0,2,0,1,73,2,6,1,0,0,17,1,0,3,9,0,2,14,9,4
hsa-piR-19938,0,0,0,0,0,0,0,0,0,0,0,0,0,0,0,1,0,0,0,0,0,0,0,0,0,0,0,0,0,0
hsa-piR-20101,0,0,0,0,0,0,0,0,0,0,0,0,0,0,0,0,0,0,0,0,0,0,0,0,0,0,0,0,1,0
hsa-piR-20108,0,0,0,1,3,0,1,0,0,0,0,0,0,0,1,0,0,0,0,0,0,0,0,0,0,0,0,0,1,0
hsa-piR-20109,0,0,0,0,0,0,0,0,0,0,0,0,0,0,0,1,0,0,0,0,0,0,0,0,0,0,0,0,0,0
hsa-piR-20110,0,0,0,0,0,0,0,0,0,0,0,0,0,0,0,1,0,0,0,0,0,0,0,0,0,0,0,0,0,0
hsa-piR-20111,0,0,0,0,0,0,1,0,0,0,0,0,0,0,0,1,0,0,0,0,0,0,0,1,1,0,1,0,1,0
hsa-piR-20115,0,1,1,0,0,1,0,0,0,0,0,0,0,0,0,0,0,0,0,0,0,0,0,0,0,0,0,0,1,0
hsa-piR-20116,2,1,5,2,3,9,5,0,8,1,0,0,0,0,7,2,3,0,2,0,3,2,0,2,1,2,7,1,11,6
hsa-piR-20117,1,1,4,1,2,7,2,0,8,0,0,0,0,0,5,2,1,0,2,0,3,0,0,2,1,1,5,1,8,2
hsa-piR-20118,0,1,2,1,1,4,1,0,6,0,0,0,0,0,4,1,0,0,0,0,1,0,0,1,1,0,3,1,4,2
hsa-piR-20119,1,0,1,1,1,2,3,0,0,0,0,0,0,0,2,0,2,0,0,0,0,2,0,0,0,1,2,0,3,4
hsa-piR-20178,0,0,0,0,0,0,0,0,1,0,0,0,0,0,0,0,0,0,0,0,0,0,0,0,0,0,0,0,0,0
hsa-piR-20187,0,0,0,0,0,0,0,0,2,0,0,0,0,0,0,0,0,0,0,0,0,0,0,0,0,0,0,1,0,0
hsa-piR-20261,0,0,1,0,0,2,0,0,0,0,0,0,0,0,1,0,0,0,0,0,1,0,0,0,0,0,0,1,0,0
hsa-piR-20369,0,0,1,0,2,0,0,0,1,0,0,0,0,0,1,1,1,0,0,0,0,0,0,0,0,0,0,0,3,0
hsa-piR-20436,0,0,0,0,2,1,0,0,1,0,0,0,0,0,0,0,1,0,0,0,1,0,0,0,0,0,0,0,2,1
hsa-piR-20437,0,1,0,0,0,1,1,0,0,0,0,0,0,0,0,0,0,0,0,0,0,0,0,0,0,0,0,1,0,0
hsa-piR-20474,166,851,1323,225,1073,2142,858,6,802,9,2,91,10,140,2767,1120,161,8,31,0,761,281,0,203,298,475,277,267,839,246
hsa-piR-20492,3,1,3,1,1,130,0,1,12,0,0,1,0,1,56,10,4,0,0,0,9,0,0,2,5,2,2,8,8,0
hsa-piR-20580,0,0,0,0,1,0,0,0,0,0,0,0,0,0,0,1,1,0,0,0,0,0,0,0,0,0,0,0,1,0
hsa-piR-20636,88,521,689,146,552,1162,412,4,436,5,1,48,2,64,1750,734,77,1,7,0,391,124,0,114,137,236,142,151,443,131
hsa-piR-2072,0,0,0,0,0,0,1,0,0,0,0,0,0,0,0,0,0,0,0,0,0,0,0,0,0,0,0,0,0,0
hsa-piR-20730,0,0,0,0,0,0,0,0,0,0,0,0,0,0,0,1,0,0,0,0,0,0,0,0,0,0,0,1,1,0
hsa-piR-20757,0,0,0,0,0,0,0,0,0,0,0,0,0,0,0,0,0,0,0,0,0,0,0,1,0,0,0,0,1,0
hsa-piR-20792,1,10,9,4,13,11,10,0,7,1,0,1,0,1,7,11,17,2,1,0,1,2,0,3,7,3,6,6,17,5
hsa-piR-2080,0,0,0,0,0,0,0,0,0,0,0,0,0,1,0,0,0,0,0,0,0,0,0,0,0,0,0,0,0,0
hsa-piR-2081,0,0,0,0,0,0,0,0,0,0,0,0,0,1,0,0,0,0,0,0,0,0,0,0,0,0,0,0,0,0
hsa-piR-20830,0,0,0,0,0,0,0,0,0,0,0,0,0,1,0,0,0,0,0,0,0,0,0,0,0,0,0,0,0,0
hsa-piR-2086,0,0,0,0,0,0,0,0,0,0,0,0,0,0,1,0,0,0,0,0,0,0,0,0,0,1,0,0,0,0
hsa-piR-20886,0,0,0,0,0,0,0,0,0,0,0,0,0,0,0,0,0,0,0,0,0,0,0,0,0,0,0,0,0,1
hsa-piR-20918,1,1,0,1,0,4,3,0,4,0,0,0,0,2,4,0,1,0,1,0,5,3,0,0,1,2,6,14,1,1
hsa-piR-20923,5,5,4,5,4,34,7,0,21,0,0,2,0,3,32,15,4,0,2,0,5,2,0,3,25,5,5,97,22,17
hsa-piR-21026,0,0,0,0,0,0,0,0,0,0,0,0,0,0,0,1,0,0,0,0,0,0,0,0,0,0,0,0,0,0
hsa-piR-21068,0,0,0,0,1,0,0,0,0,0,0,0,0,0,0,0,0,0,0,0,0,0,0,0,0,0,0,0,0,0
hsa-piR-21112,0,0,0,0,0,1,1,0,0,0,0,0,0,0,0,0,0,0,0,0,1,0,0,0,0,0,0,0,1,0
hsa-piR-21113,0,0,0,0,0,1,1,0,0,0,0,0,0,0,0,0,0,0,0,0,1,0,0,0,0,0,0,0,1,0
hsa-piR-21115,0,0,0,0,0,0,0,0,0,0,0,0,0,0,0,0,0,0,0,0,0,0,0,0,0,0,0,1,0,0
hsa-piR-21132,0,0,0,0,0,0,0,0,0,0,0,0,0,0,1,0,0,0,0,0,0,0,0,0,0,0,0,0,0,0
hsa-piR-21164,0,0,0,0,0,0,0,0,0,0,0,0,0,0,1,0,0,0,0,0,0,0,0,0,0,0,0,0,0,0
hsa-piR-21183,0,0,0,0,0,0,0,0,0,0,0,0,0,0,0,0,0,0,0,0,0,0,0,0,0,0,1,1,0,0
hsa-piR-21231,0,0,0,0,0,1,0,0,0,0,0,0,0,0,0,0,0,0,0,0,0,0,0,0,0,0,0,0,0,0
hsa-piR-21273,0,0,0,0,0,0,0,0,0,0,0,0,0,0,0,0,0,0,0,0,0,1,0,0,1,0,0,1,0,0
hsa-piR-21499,0,0,0,0,0,1,0,0,0,0,0,0,0,0,0,0,0,0,0,0,0,0,0,0,0,0,0,0,0,0
hsa-piR-21502,0,0,0,0,0,0,0,0,0,0,0,0,0,0,0,0,0,0,0,0,1,0,0,0,0,0,0,0,0,0
hsa-piR-21503,0,0,0,0,0,0,0,0,0,0,0,0,0,0,0,0,0,0,0,0,1,0,0,0,0,0,0,0,0,0
hsa-piR-21512,0,0,0,0,0,0,0,0,1,0,0,0,0,0,0,0,0,0,0,0,0,0,0,0,0,0,0,0,0,0
hsa-piR-2156,0,0,0,0,0,0,0,0,1,0,0,0,0,0,0,0,0,0,0,0,0,0,0,0,0,0,0,0,0,0
hsa-piR-21615,0,0,0,0,0,0,0,0,0,0,0,0,0,0,0,0,0,0,0,0,1,0,0,0,0,0,0,0,1,0
hsa-piR-21715,0,0,0,0,0,0,0,0,0,0,0,0,0,0,0,0,0,0,0,0,1,0,0,0,0,0,0,0,0,0
hsa-piR-21875,0,0,0,0,0,0,0,0,0,0,0,0,0,0,1,0,0,0,0,0,0,0,0,0,0,0,0,0,0,0
hsa-piR-21888,0,0,0,0,0,0,0,0,0,0,0,0,0,0,1,0,0,0,0,0,0,0,0,0,0,0,0,0,0,0
hsa-piR-21953,0,0,0,0,0,0,0,0,1,0,0,0,0,0,0,0,0,0,0,0,0,0,0,0,0,0,0,0,0,0
hsa-piR-21960,0,0,0,0,0,0,0,0,0,0,0,0,0,0,0,0,0,0,0,0,0,0,0,0,0,0,0,0,1,0
hsa-piR-22040,0,0,0,0,0,0,1,0,0,0,0,1,0,0,0,0,1,0,0,0,0,0,0,1,0,0,0,0,0,0
hsa-piR-221,0,1,0,0,0,0,0,0,1,0,0,0,0,0,0,0,0,0,0,0,1,0,0,0,0,0,0,0,0,0
hsa-piR-22234,0,1,0,0,0,0,0,0,1,0,0,0,0,0,0,1,1,0,0,0,0,0,0,0,1,0,1,0,0,0
hsa-piR-22235,13,70,55,4,14,36,18,1,20,2,0,2,0,3,68,2,9,1,2,0,33,1,0,20,8,26,49,2,10,4
hsa-piR-22236,13,71,55,4,14,41,18,1,20,2,0,2,0,3,68,3,9,1,2,0,34,1,0,20,8,26,49,2,12,4
hsa-piR-22238,0,0,0,0,0,0,0,0,0,0,0,0,0,0,0,0,0,0,1,0,0,0,0,0,0,0,0,0,0,0
hsa-piR-22269,1,2,5,2,8,2,4,0,2,0,0,2,0,1,2,6,3,0,1,0,2,0,0,0,1,6,3,0,9,2
hsa-piR-22273,0,0,0,0,0,0,0,0,0,0,0,0,0,1,0,0,0,0,0,0,0,0,0,0,0,0,0,0,0,0
hsa-piR-22291,0,0,0,0,0,0,0,0,0,0,0,0,0,0,1,0,0,0,0,0,0,0,0,0,0,0,0,0,0,0
hsa-piR-22385,0,0,0,0,0,0,0,0,0,0,0,0,0,0,0,0,0,0,0,0,0,0,0,0,0,0,0,0,1,0
hsa-piR-228,0,0,0,0,0,1,0,0,0,0,0,0,0,0,0,0,0,0,0,0,1,0,0,0,0,0,0,0,0,0
hsa-piR-229,0,0,0,0,0,1,0,0,0,0,0,0,0,0,0,0,0,0,0,0,1,0,0,0,0,0,0,0,0,0
hsa-piR-23019,131,793,177,580,795,1032,270,9,958,2,4,37,0,124,318,234,355,8,91,0,124,102,0,239,134,430,1525,153,3504,2238
hsa-piR-23020,14,34,11,38,50,66,14,1,71,1,0,2,0,4,16,29,17,3,6,0,12,6,0,21,10,23,95,13,363,179
hsa-piR-2304,1,0,0,0,1,1,0,0,0,0,0,0,0,0,6,0,7,0,0,0,2,0,0,0,1,0,0,1,0,1
hsa-piR-23041,3,1,7,0,0,1,0,0,0,0,0,0,0,0,3,1,0,0,0,0,0,0,0,1,0,0,0,0,1,0
hsa-piR-23127,100,374,348,159,328,2766,182,15,815,13,1,36,8,56,1349,93,793,5,6,0,877,66,0,311,296,239,573,443,531,262
hsa-piR-23130,0,0,0,0,0,0,1,0,0,0,0,0,0,0,0,0,0,0,0,0,0,0,0,0,0,0,0,0,0,0
hsa-piR-23134,0,0,0,0,0,0,0,0,0,0,0,1,0,0,0,0,0,0,0,0,1,0,0,0,0,0,0,0,1,0
hsa-piR-23137,116,504,609,56,308,773,189,2,112,4,0,34,5,37,799,45,46,4,13,0,261,94,0,45,124,205,78,141,140,37
hsa-piR-23140,493,7796,4543,404,2260,6677,1701,11,534,47,14,196,33,303,3797,549,215,25,150,0,2059,406,1,609,608,2050,662,577,996,334
hsa-piR-2315,0,0,0,1,0,0,0,0,0,0,0,0,0,0,0,0,0,0,0,0,0,0,0,0,0,0,0,0,0,0
hsa-piR-23197,2,6,6,3,11,12,3,0,11,1,0,1,0,1,5,5,13,0,1,0,5,2,0,1,7,4,4,2,9,5
hsa-piR-23246,0,0,0,0,0,0,0,0,0,0,0,0,0,0,1,0,0,0,0,0,0,0,0,0,0,0,0,0,0,0
hsa-piR-23319,0,0,0,0,0,0,1,0,0,0,0,0,0,0,0,0,0,0,0,0,0,0,0,0,0,0,0,0,0,0
hsa-piR-23383,0,0,0,0,0,0,0,0,0,0,0,0,0,0,0,0,0,0,0,0,0,0,0,0,1,0,0,0,2,0
hsa-piR-23398,0,0,0,0,0,0,0,0,1,0,0,0,0,0,0,0,0,0,0,0,1,0,0,0,0,0,0,0,0,0
hsa-piR-23399,6,6,5,2,6,17,65,1,18,1,0,1,0,3,12,14,11,0,3,0,13,3,0,1,4,6,7,7,31,9
hsa-piR-23408,0,0,0,0,0,0,0,0,1,0,0,0,0,0,0,0,0,0,0,0,0,0,0,0,0,0,1,0,0,0
hsa-piR-23413,77,76,142,55,111,158,70,0,246,1,0,12,2,23,312,119,61,1,8,0,120,98,0,8,32,26,15,56,183,76
hsa-piR-23420,0,0,0,0,1,0,0,0,1,0,0,0,0,0,0,0,2,0,0,0,0,0,0,0,0,0,0,0,1,0
hsa-piR-23441,0,0,0,0,0,0,1,0,0,0,0,0,0,0,0,0,0,0,0,0,0,0,0,0,0,0,0,0,0,0
hsa-piR-23444,116,504,609,56,308,773,189,2,112,4,0,34,5,37,799,45,46,4,13,0,261,94,0,45,124,205,78,141,140,37
hsa-piR-23446,18,92,70,7,20,58,22,1,29,3,0,3,0,4,109,6,15,1,2,0,44,4,0,35,14,41,70,4,13,5
hsa-piR-23486,0,0,0,0,0,0,0,0,0,0,0,0,0,0,0,1,0,0,0,0,0,0,0,0,0,0,0,0,0,0
hsa-piR-23496,493,7796,4543,404,2260,6677,1701,11,534,47,14,196,33,303,3797,549,215,25,150,0,2059,406,1,609,608,2050,662,577,996,334
hsa-piR-23502,1,4,6,1,11,6,7,0,27,0,0,0,1,2,78,0,11,1,1,0,5,1,0,1,2,0,0,8,26,1
hsa-piR-23503,1,4,6,1,11,6,7,0,27,0,0,0,1,2,78,0,11,1,1,0,5,1,0,1,2,0,0,8,27,1
hsa-piR-23519,77,72,141,55,111,158,70,0,245,1,0,12,2,23,313,117,61,1,8,0,120,98,0,8,32,26,15,56,183,76
hsa-piR-23520,0,0,0,0,0,0,1,0,0,0,0,0,0,0,0,0,0,0,0,0,0,0,0,0,0,0,0,0,0,0
hsa-piR-23590,0,0,0,0,1,0,0,0,0,0,0,0,0,0,0,0,0,0,0,0,0,0,0,0,0,0,1,0,0,0
hsa-piR-23709,1,0,1,0,0,1,0,0,0,0,0,0,0,0,0,0,0,0,0,0,0,0,0,0,0,0,0,0,0,0
hsa-piR-23718,0,0,0,0,0,1,1,0,0,0,0,0,0,0,0,0,0,0,0,0,1,0,0,0,0,0,0,0,1,0
hsa-piR-23719,0,0,0,0,0,1,1,0,0,0,0,0,0,0,0,0,0,0,0,0,1,0,0,0,0,0,0,0,1,0
hsa-piR-23724,28,277,151,54,751,831,196,7,371,3,0,11,0,56,423,85,313,9,21,0,331,54,0,171,217,294,346,192,351,93
hsa-piR-23780,0,0,0,0,0,0,0,0,0,0,0,0,0,0,0,0,0,0,0,0,0,0,0,0,0,0,1,0,0,0
hsa-piR-23839,0,0,0,0,0,0,2,0,0,0,0,0,0,0,1,1,0,0,0,0,1,0,0,1,2,1,1,1,0,1
hsa-piR-23886,0,0,0,0,0,0,2,0,0,0,0,0,0,0,0,0,0,0,0,0,0,0,0,0,0,0,0,0,0,0
hsa-piR-23976,1,1,0,0,0,0,0,0,0,0,0,0,0,0,0,0,0,0,0,0,0,0,0,0,0,0,0,0,0,0
hsa-piR-23997,10,8,7,3,9,22,68,1,19,1,0,1,0,3,14,14,11,0,3,0,13,4,0,2,8,6,7,8,33,9
hsa-piR-24088,0,0,0,0,0,0,0,0,0,0,0,0,0,0,1,0,0,0,0,0,0,0,0,0,0,0,0,0,0,0
hsa-piR-24198,0,1,0,0,0,0,0,0,0,0,0,0,0,0,0,0,0,0,0,0,0,0,0,0,0,0,0,0,0,0
hsa-piR-2420,0,0,0,0,0,0,0,0,0,0,0,0,0,0,0,0,2,0,0,0,0,0,0,0,0,0,0,0,0,0
hsa-piR-24305,0,0,0,0,0,0,0,0,0,0,0,0,0,0,0,0,0,0,0,0,0,0,0,0,0,0,1,0,0,0
hsa-piR-24317,0,0,0,0,0,0,0,0,0,0,0,0,0,1,0,0,0,0,0,0,0,0,0,0,0,0,0,0,0,0
hsa-piR-24327,0,0,0,0,0,1,0,0,0,0,0,0,0,0,0,0,0,0,0,0,1,0,0,0,0,0,0,0,0,0
hsa-piR-24340,0,0,1,0,0,1,0,0,0,0,0,0,0,0,1,0,1,0,0,0,0,0,0,1,0,0,1,0,2,0
hsa-piR-24541,332,1257,2893,209,1004,3427,1108,7,282,6,2,161,14,111,1677,290,110,11,49,0,667,173,2,282,509,853,590,313,302,101
hsa-piR-24552,493,7796,4543,404,2260,6677,1701,11,534,47,14,196,33,303,3797,549,215,25,150,0,2059,406,1,609,608,2050,662,577,996,334
hsa-piR-24553,260,3901,2284,238,1111,3327,869,5,272,28,5,97,19,162,1905,282,113,10,61,0,1038,217,1,312,298,1013,337,277,507,170
hsa-piR-24644,8,131,69,19,244,156,66,5,134,12,2,9,4,29,168,30,202,3,10,0,184,34,1,73,72,82,125,116,212,53
hsa-piR-24736,0,0,0,0,0,1,0,0,0,0,0,0,0,0,0,0,0,0,0,0,1,0,0,0,0,0,0,0,1,0
hsa-piR-24892,0,0,0,0,0,0,0,0,0,0,0,0,0,0,0,0,0,0,0,0,0,0,0,0,0,0,0,0,1,0
hsa-piR-249,0,0,0,0,0,0,0,0,0,0,0,0,0,0,0,1,0,0,0,0,0,0,0,0,0,0,0,0,0,0
hsa-piR-25017,0,0,0,0,0,0,0,0,0,0,0,0,0,0,0,1,0,0,0,0,0,0,0,0,0,0,0,0,0,0
hsa-piR-25077,0,0,0,0,1,0,0,0,1,0,0,0,0,0,0,0,0,0,0,0,0,0,0,0,0,0,0,0,0,0
hsa-piR-25088,0,0,0,0,0,0,0,0,0,0,0,0,0,0,0,0,0,0,0,0,0,0,0,0,0,0,1,0,0,0
hsa-piR-25111,0,4,6,4,2,6,1,0,2,0,0,1,0,0,10,7,2,0,0,0,15,1,0,4,5,3,1,6,2,1
hsa-piR-25357,0,1,2,0,0,1,0,0,1,0,0,0,0,0,0,0,1,0,0,0,0,1,0,0,0,0,0,0,0,0
hsa-piR-25570,0,0,0,0,0,0,0,0,0,0,0,0,0,0,0,0,0,0,0,0,1,0,0,0,0,0,0,0,0,0
hsa-piR-25582,0,0,0,0,0,0,0,0,0,0,0,0,0,0,0,0,0,0,0,0,1,0,0,0,0,0,0,0,0,0
hsa-piR-25620,254,1372,2012,371,1625,3304,1270,10,1238,14,3,139,12,204,4517,1854,238,9,38,0,1152,405,0,317,435,711,419,418,1282,377
hsa-piR-25621,254,1372,2012,371,1625,3304,1270,10,1238,14,3,139,12,204,4517,1854,238,9,38,0,1152,405,0,317,435,711,419,418,1282,377
hsa-piR-25622,166,851,1323,225,1073,2142,858,6,802,9,2,91,10,140,2767,1120,161,8,31,0,761,281,0,203,298,475,277,267,839,246
hsa-piR-25623,166,851,1323,225,1073,2142,858,6,802,9,2,91,10,140,2767,1120,161,8,31,0,761,281,0,203,298,475,277,267,839,246
hsa-piR-25624,166,851,1323,225,1073,2142,858,6,802,9,2,91,10,140,2767,1120,161,8,31,0,761,281,0,203,298,475,277,267,839,246
hsa-piR-25627,3,1,3,1,1,130,0,1,12,0,0,1,0,1,56,10,4,0,0,0,9,0,0,2,5,2,2,8,8,0
hsa-piR-25663,0,0,0,0,0,0,0,0,1,0,0,0,0,0,0,0,0,0,0,0,0,0,0,0,0,0,0,0,0,0
hsa-piR-25719,0,0,0,0,0,0,0,0,0,0,0,0,0,0,0,0,0,0,0,0,0,0,0,0,0,1,0,0,0,0
hsa-piR-25895,46,968,439,169,4662,2231,494,20,1539,24,6,90,13,125,1078,160,1844,25,35,0,1935,497,1,367,988,574,1488,822,1793,314
hsa-piR-2592,0,0,0,0,0,0,0,0,1,0,0,0,0,0,0,0,0,0,0,0,0,0,0,0,0,0,0,0,0,1
hsa-piR-25921,0,0,0,0,1,0,1,0,0,0,0,0,0,0,1,0,0,0,0,0,0,0,0,0,0,0,0,0,0,0
hsa-piR-26128,0,0,0,0,0,0,1,0,0,0,0,0,0,0,0,0,0,0,0,0,0,0,0,0,0,0,0,0,0,0
hsa-piR-26166,0,0,0,0,0,0,1,0,0,0,0,0,0,0,0,0,0,0,0,0,0,0,0,0,0,0,0,0,0,0
hsa-piR-26167,0,0,0,0,0,0,1,0,0,0,0,0,0,0,0,0,0,0,0,0,0,0,0,0,0,0,0,0,0,0
hsa-piR-26195,0,0,4,0,2,7,2,0,3,0,0,1,0,0,2,0,4,2,0,0,1,0,0,1,0,1,0,4,5,0
hsa-piR-26239,0,0,0,0,0,0,0,0,0,0,0,0,0,0,0,0,1,0,0,0,0,0,0,0,0,0,0,0,0,0
hsa-piR-26271,0,0,2,0,2,2,0,0,0,0,0,0,0,1,5,0,0,0,0,0,1,0,0,0,0,0,1,7,0,0
hsa-piR-26293,0,0,0,0,0,0,0,0,0,0,0,0,0,0,0,0,0,0,0,0,0,0,0,0,0,0,0,0,1,0
hsa-piR-26307,0,0,1,0,0,0,0,0,0,0,0,0,0,0,0,0,0,0,0,0,0,0,0,0,0,0,0,0,0,0
hsa-piR-26323,0,0,0,0,0,0,0,0,0,0,0,0,0,0,0,0,1,0,0,0,0,0,0,0,0,0,0,0,0,0
hsa-piR-26328,0,0,0,0,0,0,1,0,0,0,0,0,0,0,0,0,0,0,0,0,0,0,0,0,0,0,0,0,0,0
hsa-piR-26387,0,0,0,0,0,1,0,0,0,0,0,0,0,0,0,0,0,0,0,0,1,0,0,0,0,0,0,0,0,0
hsa-piR-26388,0,0,0,0,0,1,0,0,0,0,0,0,0,0,0,0,0,0,0,0,1,0,0,0,0,0,0,0,0,0
hsa-piR-26389,0,0,0,0,0,1,0,0,0,0,0,0,0,0,0,0,0,0,0,0,1,0,0,0,0,0,0,0,0,0
hsa-piR-2642,0,0,0,0,0,0,0,0,0,0,0,0,0,0,0,0,0,0,0,0,2,0,0,0,0,0,0,0,0,0
hsa-piR-26458,0,1,0,0,0,0,0,0,0,0,0,0,0,0,0,0,0,0,0,0,0,0,0,0,0,0,0,0,1,0
hsa-piR-26474,0,0,0,0,0,0,0,0,1,0,0,0,0,0,1,0,0,0,0,0,0,0,0,0,0,0,1,0,1,0
hsa-piR-26478,0,0,0,0,0,0,0,0,0,0,0,0,0,0,0,1,0,0,0,0,0,0,0,0,0,0,0,0,0,0
hsa-piR-26573,0,0,0,0,0,0,1,0,0,0,0,0,0,0,0,0,0,0,0,0,0,0,0,0,0,0,0,0,0,0
hsa-piR-26611,0,0,0,0,0,0,0,0,0,0,0,0,0,0,0,0,0,0,0,0,0,0,0,0,0,0,0,0,0,1
hsa-piR-26626,1,1,5,0,1,27,0,0,2,0,0,0,0,0,12,2,4,0,0,0,0,0,0,0,1,0,1,3,2,1
hsa-piR-26685,0,0,0,0,0,1,0,0,0,0,0,0,0,0,0,0,0,0,0,0,1,0,0,0,0,0,0,0,0,0
hsa-piR-26715,0,0,0,0,1,0,0,0,2,0,0,0,0,0,0,0,0,0,0,0,0,0,0,0,1,0,0,1,0,0
hsa-piR-26764,0,1,0,0,0,0,0,0,0,0,0,0,0,0,0,0,0,0,0,0,0,0,0,0,0,0,0,0,0,0
hsa-piR-26787,0,0,0,0,0,0,0,0,0,0,0,0,0,0,1,2,0,1,0,0,1,0,0,0,0,1,1,1,0,0
hsa-piR-26832,1,1,5,0,1,25,0,0,2,0,0,0,0,0,12,2,4,0,0,0,0,0,0,0,1,0,1,3,2,1
hsa-piR-26844,0,0,0,0,0,0,0,0,0,0,0,0,0,0,1,0,0,0,0,0,0,0,0,0,0,0,0,0,0,0
hsa-piR-26867,0,0,0,0,0,0,0,0,0,0,0,0,0,0,0,0,0,0,0,0,1,0,0,0,0,0,0,0,0,0
hsa-piR-26911,0,0,0,0,0,1,0,0,0,0,0,0,0,0,0,0,0,0,0,0,1,0,0,0,0,0,0,0,0,0
hsa-piR-26912,0,0,0,0,0,0,0,0,0,0,0,0,0,0,0,1,0,0,0,0,0,0,0,0,0,0,0,0,0,0
hsa-piR-26918,0,0,0,0,4,2,2,0,2,0,0,0,0,0,1,5,3,1,0,0,1,0,0,1,2,0,5,0,2,2
hsa-piR-27076,0,0,1,0,0,0,0,0,1,0,0,0,0,0,0,0,1,0,0,0,0,0,0,0,0,0,0,0,4,0
hsa-piR-27081,188,1590,1364,325,2467,2198,758,85,2145,27,13,187,11,354,2235,337,1512,95,95,0,3283,479,1,701,1144,1309,1341,1261,1781,380
hsa-piR-27107,0,0,0,0,0,0,0,0,0,0,0,0,0,0,0,0,0,0,0,0,1,0,0,0,0,0,0,0,0,0
hsa-piR-27108,0,0,0,0,0,0,0,0,0,0,0,0,0,0,0,0,0,0,0,0,1,0,0,0,0,0,0,0,0,0
hsa-piR-27109,0,0,0,0,0,0,0,0,0,0,0,0,0,0,0,0,0,0,0,0,1,0,0,0,0,0,0,0,0,0
hsa-piR-27110,0,0,0,0,0,0,0,0,0,0,0,0,0,0,0,0,0,0,0,0,1,0,0,0,0,0,0,0,0,0
hsa-piR-27196,75,72,141,51,107,139,70,0,233,1,0,12,1,23,296,113,46,1,7,0,118,92,0,8,27,25,15,54,169,67
hsa-piR-27197,75,72,141,51,107,141,70,0,234,1,0,12,1,23,300,113,46,1,7,0,119,93,0,8,32,25,15,54,169,67
hsa-piR-27198,76,72,141,52,107,150,70,0,237,1,0,12,1,23,310,116,50,1,8,0,119,93,0,8,32,26,15,56,173,68
hsa-piR-27304,0,0,3,0,0,1,0,0,0,0,0,0,0,0,2,2,0,0,0,0,1,0,0,0,0,0,0,1,0,0
hsa-piR-27305,0,0,3,0,0,1,0,0,0,0,0,0,0,0,2,2,0,0,0,0,1,0,0,0,0,0,0,1,0,0
hsa-piR-27306,3,11,23,4,10,18,7,0,13,0,0,0,0,1,13,37,3,0,0,0,5,2,0,5,4,4,4,13,15,0
hsa-piR-27316,0,0,0,0,0,0,1,0,0,0,0,0,0,0,0,0,0,0,0,0,0,0,0,0,0,0,0,0,0,0
hsa-piR-27429,0,0,0,0,1,0,0,0,0,0,0,0,0,0,0,1,0,0,0,0,0,0,0,0,0,0,0,0,0,0
hsa-piR-27432,116,504,609,56,308,773,189,2,112,4,0,34,5,37,799,45,46,4,13,0,261,94,0,45,124,205,78,141,140,37
hsa-piR-27433,116,504,609,56,308,773,189,2,112,4,0,34,5,37,799,45,46,4,13,0,261,94,0,45,124,205,78,141,140,37
hsa-piR-27434,116,504,609,56,308,773,189,2,112,4,0,34,5,37,799,45,46,4,13,0,261,94,0,45,124,205,78,141,140,37
hsa-piR-27435,116,504,609,56,308,773,189,2,112,4,0,34,5,37,799,45,46,4,13,0,261,94,0,45,124,205,78,141,140,37
hsa-piR-27453,0,0,0,0,0,0,0,0,0,0,0,0,0,0,0,0,1,0,0,0,0,0,0,0,0,0,0,1,0,0
hsa-piR-27484,0,0,0,0,1,0,0,0,1,0,0,1,0,0,0,0,0,0,0,0,0,0,0,0,0,0,0,0,0,1
hsa-piR-27485,0,0,0,0,1,0,0,0,1,0,0,1,0,0,0,0,0,0,0,0,0,0,0,0,0,0,0,0,0,1
hsa-piR-27515,0,1,0,0,0,0,0,0,0,0,0,0,0,0,0,0,0,0,0,0,0,0,0,0,0,0,0,0,1,0
hsa-piR-27570,0,1,3,0,1,14,0,0,0,0,0,0,0,0,10,0,2,0,0,0,1,0,0,0,0,1,0,6,1,0
hsa-piR-27571,5,11,6,2,26,5,12,1,16,0,0,2,0,5,10,2,4,0,1,0,16,0,0,8,9,2,7,4,28,6
hsa-piR-27572,5,11,6,2,26,5,12,1,16,0,0,2,0,5,10,2,4,0,1,0,16,0,0,8,9,2,7,4,28,6
hsa-piR-27613,0,0,0,0,0,0,1,0,0,0,0,0,0,0,0,0,0,0,0,0,0,0,0,0,0,0,0,0,0,0
hsa-piR-27624,0,0,0,0,0,0,1,0,0,0,0,0,0,0,0,0,0,0,0,0,0,0,0,0,0,0,0,0,0,0
hsa-piR-27627,0,0,0,0,0,1,0,0,0,0,0,0,0,0,0,0,0,0,0,0,1,0,0,0,0,0,0,0,0,0
hsa-piR-27683,0,0,0,0,0,1,1,0,0,0,0,0,0,0,0,0,0,0,0,0,1,0,0,0,0,0,0,0,1,0
hsa-piR-27696,0,0,0,0,0,0,0,0,0,0,0,0,0,0,0,0,1,0,0,0,0,0,0,0,1,0,0,0,0,0
hsa-piR-27729,0,2,0,0,0,0,0,0,0,0,0,0,0,0,0,0,0,0,0,0,0,0,0,0,0,0,0,0,0,0
hsa-piR-27751,0,1,0,0,0,0,0,0,0,0,0,0,0,0,0,0,0,0,0,0,0,0,0,0,0,0,0,0,0,0
hsa-piR-27776,0,0,0,0,0,0,1,0,0,0,0,0,0,0,0,0,0,0,0,0,0,0,0,0,0,0,0,0,0,0
hsa-piR-27791,0,0,0,0,0,0,0,0,0,0,0,0,0,0,0,0,0,0,0,0,1,0,0,0,0,0,0,0,0,0
hsa-piR-27877,1893,14384,14654,3524,31790,22318,9767,582,18088,22,9,1752,14,4365,17156,2794,18347,521,1065,1,21334,2767,1,7581,8291,13594,14734,12030,17319,4869
hsa-piR-27882,0,0,0,0,0,1,0,0,0,0,0,0,0,0,0,0,0,0,0,0,1,0,0,0,0,0,0,0,0,0
hsa-piR-27883,0,0,0,0,0,1,0,0,0,0,0,0,0,0,0,0,0,0,0,0,1,0,0,0,0,0,0,0,0,0
hsa-piR-27884,0,0,0,0,0,1,0,0,0,0,0,0,0,0,0,0,0,0,0,0,1,0,0,0,0,0,0,0,0,0
hsa-piR-27885,0,0,0,0,0,1,0,0,0,0,0,0,0,0,0,0,0,0,0,0,1,0,0,0,0,0,0,0,0,0
hsa-piR-27947,0,0,0,0,0,0,0,0,0,0,0,0,0,0,0,0,0,0,0,0,1,0,0,0,0,0,0,0,0,0
hsa-piR-27948,0,0,0,0,0,0,0,0,0,0,0,0,0,0,0,0,0,0,0,0,1,0,0,0,0,0,0,0,0,0
hsa-piR-27950,0,0,0,0,0,0,0,0,0,0,0,0,0,0,0,0,0,0,0,0,1,0,0,0,0,0,0,0,0,0
hsa-piR-27951,0,0,0,0,0,0,0,0,0,0,0,0,0,0,0,0,0,0,0,0,1,0,0,0,0,0,0,0,0,0
hsa-piR-27975,0,4,4,1,6,7,4,0,9,0,0,1,0,3,18,1,5,0,2,0,8,0,0,1,2,3,2,6,12,2
hsa-piR-27984,0,0,0,0,0,0,0,0,0,0,0,0,0,0,0,0,0,0,0,0,0,0,0,0,0,0,1,0,0,0
hsa-piR-27989,0,0,0,0,0,0,0,0,0,0,0,0,0,0,0,0,0,0,0,0,0,0,0,0,0,0,0,1,0,0
hsa-piR-28004,146,785,1088,227,900,1843,680,7,679,7,2,75,6,115,2651,1114,127,5,16,0,629,213,0,173,240,398,236,225,746,208
hsa-piR-28059,0,4,2,0,0,2,1,0,2,0,0,0,0,0,2,1,1,0,0,0,3,0,0,0,0,1,0,0,0,3
hsa-piR-28060,100,75,143,22,50,97,39,0,141,0,1,4,0,20,67,287,11,1,1,0,18,13,0,26,84,24,24,257,85,39
hsa-piR-28061,100,75,143,22,50,97,39,0,141,0,1,4,0,20,67,287,11,1,1,0,18,13,0,26,84,24,24,257,85,39
hsa-piR-28062,100,75,143,22,50,97,39,0,141,0,1,4,0,20,67,287,11,1,1,0,18,13,0,26,84,24,24,257,85,39
hsa-piR-28063,100,75,143,22,50,97,39,0,141,0,1,4,0,20,67,287,11,1,1,0,18,13,0,26,84,24,24,257,85,39
hsa-piR-28085,19,37,14,19,21,119,10,1,43,0,0,1,0,4,134,16,18,1,4,0,28,4,0,12,28,5,8,54,48,20
hsa-piR-28104,0,0,0,0,0,0,0,0,0,0,0,0,0,0,1,0,0,0,0,0,0,0,0,0,0,0,0,0,0,0
hsa-piR-28117,2,1,4,1,4,10,5,0,6,1,0,0,0,1,6,3,3,0,2,0,3,2,0,2,1,3,5,1,8,5
hsa-piR-28129,0,0,1,0,1,0,0,0,0,0,0,0,0,0,1,0,2,0,0,0,0,1,0,0,1,2,0,2,0,0
hsa-piR-28153,0,0,0,0,0,0,1,0,0,0,0,0,0,0,0,0,0,0,0,0,0,0,0,0,0,0,0,0,0,0
hsa-piR-28191,106,943,678,389,2226,1538,764,50,1386,6,3,77,1,246,1206,571,1070,32,57,0,1902,237,0,1214,874,1000,2126,1309,2349,1077
hsa-piR-28192,106,943,678,389,2226,1538,764,50,1386,6,3,77,1,246,1206,571,1070,32,57,0,1902,237,0,1214,874,1000,2126,1309,2349,1077
hsa-piR-28247,11,83,54,15,29,104,46,4,20,2,0,13,0,16,140,9,21,2,7,0,111,3,0,77,118,92,326,24,17,13
hsa-piR-28248,0,0,0,0,0,0,0,0,0,0,0,0,0,0,0,0,0,0,0,0,0,0,0,0,0,0,0,1,0,0
hsa-piR-28263,2,5,2,3,4,6,0,0,2,0,0,1,0,0,6,0,4,0,0,0,3,3,0,1,2,6,0,0,1,0
hsa-piR-28268,0,2,3,0,0,2,1,0,2,0,0,0,0,0,5,0,2,0,0,0,2,0,0,0,0,2,0,0,2,1
hsa-piR-28269,3,21,7,0,3,12,2,0,3,0,0,2,0,1,40,0,0,0,0,0,12,4,0,12,8,8,15,2,2,2
hsa-piR-28270,3,21,7,0,3,12,2,0,3,0,0,2,0,1,40,0,0,0,0,0,12,4,0,12,8,8,15,2,2,2
hsa-piR-28271,3,21,7,0,3,12,2,0,3,0,0,2,0,1,40,0,0,0,0,0,12,4,0,12,8,8,15,2,2,2
hsa-piR-28275,0,0,1,0,0,1,0,0,0,0,0,0,0,0,0,1,0,0,0,0,0,0,0,0,0,0,0,0,1,1
hsa-piR-28276,0,0,1,0,0,1,0,0,0,0,0,0,0,0,0,1,0,0,0,0,0,0,0,0,0,0,0,0,1,1
hsa-piR-28277,0,0,1,0,0,1,0,0,0,0,0,0,0,0,0,1,0,0,0,0,0,0,0,0,0,0,0,0,1,1
hsa-piR-28278,0,0,1,0,0,1,0,0,0,0,0,0,0,0,0,1,0,0,0,0,0,0,0,0,0,0,0,0,1,1
hsa-piR-28282,0,0,0,0,0,0,0,0,0,0,0,0,0,0,0,0,0,0,0,0,0,0,0,0,0,0,0,0,1,0
hsa-piR-28340,0,0,0,0,1,2,0,0,0,0,0,0,0,0,1,0,0,0,0,0,2,1,0,1,0,0,0,0,0,0
hsa-piR-28345,0,0,0,0,0,0,0,0,2,0,0,0,0,0,0,2,1,0,0,0,0,1,0,0,0,0,0,0,0,0
hsa-piR-28364,0,0,0,0,0,0,0,0,0,0,0,0,0,0,0,0,0,0,0,0,0,0,0,0,0,0,0,1,0,0
hsa-piR-28382,0,0,0,0,1,0,0,0,0,0,0,0,0,1,1,0,2,0,0,0,0,0,0,0,0,1,0,1,1,0
hsa-piR-28400,151,1274,1571,183,525,1422,437,3,134,6,2,77,7,65,803,66,96,4,24,0,565,322,1,162,643,361,313,272,116,48
hsa-piR-28497,0,0,0,0,0,0,0,0,0,0,0,0,0,0,0,0,0,0,0,0,1,0,0,0,0,0,0,0,1,0
hsa-piR-28508,0,0,0,0,0,1,1,0,0,0,0,0,0,0,0,0,0,0,0,0,1,0,0,0,0,0,0,0,1,0
hsa-piR-28512,0,0,0,0,0,0,0,0,0,0,0,0,0,0,0,0,1,0,0,0,0,0,0,0,0,0,0,0,0,0
hsa-piR-28516,0,9,2,0,18,7,2,0,7,0,0,1,1,0,12,0,0,0,0,0,9,0,0,3,6,5,8,6,16,1
hsa-piR-28533,0,0,2,0,2,2,0,0,0,0,0,0,0,1,5,0,0,0,0,0,1,0,0,0,0,0,1,7,0,0
hsa-piR-28595,0,0,0,0,0,0,0,0,1,0,0,0,0,0,0,0,0,0,0,0,0,0,0,0,0,0,0,0,0,0
hsa-piR-28631,0,0,0,0,0,0,2,0,0,0,0,0,0,0,0,0,0,0,0,0,0,0,0,0,0,0,0,0,0,0
hsa-piR-28707,0,0,1,0,0,1,0,0,0,0,0,0,0,0,0,0,0,0,0,0,0,0,0,0,0,0,0,0,0,0
hsa-piR-28727,13,75,55,4,14,44,19,1,23,2,0,3,0,3,69,3,11,1,2,0,34,1,0,21,8,26,49,2,16,7
hsa-piR-28739,21,340,289,84,662,671,267,21,501,6,2,37,4,49,426,62,328,11,14,0,701,92,0,149,166,227,299,324,475,76
hsa-piR-28837,0,0,0,0,0,0,1,0,0,0,0,0,0,0,0,0,0,0,0,0,0,0,0,0,0,0,0,0,0,0
hsa-piR-28863,0,0,0,0,0,0,0,0,0,0,0,0,0,0,1,0,0,0,0,0,0,0,0,0,0,0,0,0,0,0
hsa-piR-29026,0,0,0,0,1,0,0,0,0,0,0,0,0,0,0,0,0,0,0,0,0,0,0,0,0,0,0,0,0,0
hsa-piR-29039,0,0,0,0,0,0,0,0,1,0,0,0,0,0,0,0,0,0,0,0,1,0,0,0,0,0,0,0,1,2
hsa-piR-29146,0,0,0,0,0,0,0,0,0,0,0,0,0,0,0,0,0,0,0,0,0,0,0,0,0,0,0,0,1,0
hsa-piR-29170,0,0,0,0,0,0,0,0,0,0,0,0,0,0,0,0,0,0,0,0,0,0,0,0,1,0,0,0,0,0
hsa-piR-29204,13,71,55,4,14,40,18,1,20,2,0,2,0,3,68,3,9,1,2,0,34,1,0,20,8,26,49,2,12,4
hsa-piR-29205,13,71,55,4,14,42,18,1,21,2,0,3,0,3,68,3,10,1,2,0,34,1,0,20,8,26,49,2,13,5
hsa-piR-294,237,2116,2575,600,5168,3961,1703,95,3641,13,5,265,10,589,3845,437,3272,129,134,2,4694,586,1,1537,1683,1792,2740,2149,2873,662
hsa-piR-29413,0,0,0,0,0,0,0,0,0,0,0,0,0,0,0,0,0,0,0,0,0,0,0,0,1,0,0,0,0,0
hsa-piR-29545,0,0,0,0,0,0,0,0,0,0,0,0,0,0,0,0,0,0,1,0,0,0,0,0,0,0,0,0,0,0
hsa-piR-29546,0,0,0,0,0,0,0,0,0,0,0,0,0,0,0,0,0,0,1,0,0,0,0,0,0,0,0,0,0,0
hsa-piR-29547,0,0,0,0,0,0,0,0,0,0,0,0,0,0,0,0,0,0,1,0,0,0,0,0,0,0,0,0,0,0
hsa-piR-29599,0,0,0,0,0,1,0,0,0,0,0,0,0,0,0,0,0,0,0,0,0,0,0,0,0,0,0,0,0,0
hsa-piR-29710,0,0,0,0,0,0,0,0,0,0,0,0,0,0,0,0,0,0,0,0,0,0,0,1,0,0,0,0,0,0
hsa-piR-29889,0,0,1,0,0,0,0,0,0,0,0,0,0,0,0,0,0,0,0,0,0,0,0,0,0,0,0,0,0,0
hsa-piR-29983,0,0,0,0,0,0,0,0,0,0,0,0,0,0,0,0,0,0,0,0,0,0,0,0,0,0,0,0,0,1
hsa-piR-29994,0,0,0,0,0,0,0,0,0,0,0,0,0,0,1,1,1,0,0,0,0,0,0,0,0,0,0,0,0,0
hsa-piR-30007,0,0,0,0,0,1,0,0,0,0,0,0,0,0,0,0,0,0,0,0,0,0,0,0,0,0,0,0,0,0
hsa-piR-30226,0,0,0,0,0,0,0,0,1,0,0,0,0,0,0,0,0,0,0,0,0,0,0,0,0,0,0,0,0,0
hsa-piR-30341,0,0,0,0,0,1,0,0,0,0,0,0,0,0,0,0,0,0,0,0,1,0,0,0,0,0,1,0,0,0
hsa-piR-30362,0,0,0,0,0,0,0,0,1,0,0,0,0,0,0,0,0,0,0,0,0,0,0,0,0,0,0,0,0,0
hsa-piR-30366,0,1,0,0,0,0,0,0,0,0,0,0,0,0,0,0,0,0,0,0,0,0,0,0,0,0,0,0,0,0
hsa-piR-30397,0,0,0,0,0,0,0,0,0,0,0,0,0,0,0,1,0,0,0,0,0,0,0,0,0,0,0,0,0,0
hsa-piR-30402,0,1,0,0,0,0,0,0,0,0,0,0,0,0,0,0,0,0,0,0,0,0,0,0,0,0,0,0,0,0
hsa-piR-30451,0,0,0,0,1,0,0,0,0,0,0,0,0,0,0,0,0,0,0,0,0,0,0,0,0,0,0,0,1,0
hsa-piR-30468,0,0,0,0,1,0,0,0,0,0,0,0,0,0,0,0,0,0,0,0,0,0,0,0,0,0,0,0,0,0
hsa-piR-30602,0,0,0,0,0,0,1,0,1,0,0,0,0,0,0,0,0,0,0,0,0,0,0,0,0,0,0,0,0,0
hsa-piR-30603,0,4,2,0,7,5,6,0,2,0,0,0,0,1,3,1,6,0,0,0,3,0,0,1,0,1,2,0,10,2
hsa-piR-30609,0,0,0,0,0,0,0,0,0,0,0,0,0,0,0,0,0,0,0,0,0,0,0,0,0,0,1,0,0,0
hsa-piR-30643,0,0,0,0,0,0,0,0,0,0,0,0,0,0,0,1,0,0,0,0,0,0,0,0,0,0,0,0,0,0
hsa-piR-30913,0,0,0,0,0,0,0,0,3,0,0,0,0,0,0,0,0,0,0,0,0,0,0,0,0,0,0,0,0,0
hsa-piR-31039,116,505,610,58,308,780,189,2,112,4,0,34,5,38,801,45,48,4,13,0,263,94,0,49,125,207,78,145,145,39
hsa-piR-31040,116,505,610,58,308,780,189,2,112,4,0,34,5,38,801,45,48,4,13,0,263,94,0,49,125,207,78,145,145,39
hsa-piR-31082,3,0,0,0,1,1,0,0,2,0,0,0,0,0,1,0,0,0,0,0,1,1,0,0,0,1,0,0,5,0
hsa-piR-31148,0,0,0,0,0,0,0,0,2,0,0,0,0,0,0,0,0,0,0,0,0,0,0,0,0,0,0,0,0,0
hsa-piR-31405,0,0,0,0,0,0,0,0,0,0,0,0,0,0,0,0,0,0,0,0,0,0,0,0,0,0,1,0,0,0
hsa-piR-31406,0,0,0,0,0,0,0,0,0,0,0,0,0,0,0,0,0,0,0,0,0,0,0,0,0,0,1,0,0,0
hsa-piR-31455,0,0,0,0,0,0,0,0,0,0,0,0,0,0,1,0,0,0,0,0,0,0,0,0,0,0,0,0,0,0
hsa-piR-3149,0,0,0,0,1,0,0,0,0,0,0,0,0,0,0,0,0,0,0,0,0,0,0,0,0,0,0,0,0,0
hsa-piR-3150,0,0,0,0,1,0,0,0,0,0,0,0,0,0,0,0,0,0,0,0,0,0,0,0,0,0,0,0,0,0
hsa-piR-31535,0,0,0,0,0,0,0,0,0,0,0,0,0,0,0,0,0,0,0,0,0,0,0,0,0,0,0,0,1,0
hsa-piR-31614,0,0,0,0,0,1,0,0,0,0,0,0,0,0,0,0,0,0,0,0,0,0,0,0,0,0,0,0,1,0
hsa-piR-31630,0,2,0,1,0,0,0,0,0,0,0,0,0,0,0,0,0,0,0,0,0,0,0,0,0,0,0,0,1,0
hsa-piR-31880,0,0,0,0,1,0,0,0,0,0,0,0,0,0,0,0,0,0,0,0,0,0,0,0,1,0,0,0,0,0
hsa-piR-31929,0,1,0,0,0,0,1,0,0,0,0,0,0,0,0,0,0,0,0,0,0,0,0,0,0,0,0,0,0,0
hsa-piR-31930,0,1,0,0,0,0,1,0,0,0,0,0,0,0,0,0,0,0,0,0,0,0,0,0,0,0,0,0,0,0
hsa-piR-31994,0,0,0,0,0,0,0,0,2,0,0,0,0,0,0,0,0,0,0,0,0,0,0,0,0,0,0,0,1,0
hsa-piR-32002,0,8,2,1,10,4,4,0,4,0,0,1,0,6,3,5,7,0,3,0,5,3,0,3,4,3,8,1,9,2
hsa-piR-32048,0,0,0,0,0,1,1,0,0,0,0,0,0,0,0,0,0,0,0,0,1,0,0,0,0,0,0,0,1,0
hsa-piR-32058,0,0,0,0,0,0,1,0,0,0,0,0,0,0,0,0,0,0,0,0,0,0,0,0,0,0,0,0,0,0
hsa-piR-32060,0,0,0,0,0,0,0,0,0,0,0,0,0,0,0,0,0,0,0,0,1,0,0,0,0,0,0,0,0,0
hsa-piR-32061,0,0,0,0,0,0,0,0,0,0,0,0,0,0,0,0,0,0,0,0,0,0,0,0,0,0,0,1,0,0
hsa-piR-32065,0,0,0,0,0,0,0,0,0,0,0,0,0,0,0,0,0,0,0,0,0,0,0,0,0,0,0,1,0,0
hsa-piR-32143,0,0,0,0,0,0,0,0,1,0,0,0,0,0,0,0,0,0,0,0,0,0,0,0,0,0,0,0,0,0
hsa-piR-32153,2,2,1,2,3,4,0,0,10,0,0,0,0,0,27,1,1,0,0,0,1,0,0,1,6,0,6,0,0,0
hsa-piR-32154,5,3,13,6,82,13,10,0,29,0,0,2,0,2,13,9,8,0,0,0,18,5,0,15,7,10,18,20,15,6
hsa-piR-32155,5,3,13,6,82,13,10,0,29,0,0,2,0,2,13,9,8,0,0,0,18,5,0,15,7,10,18,20,15,6
hsa-piR-32156,237,2116,2575,600,5168,3961,1703,95,3641,13,5,265,10,589,3845,437,3272,129,134,2,4694,586,1,1537,1683,1792,2740,2149,2873,662
hsa-piR-32157,1310,6442,1483,6791,6200,7237,2164,105,9339,27,17,349,7,1331,2848,2124,3714,55,638,0,1061,681,0,2380,1463,3640,16116,937,27107,21755
hsa-piR-32158,1164,5847,1357,6104,5720,6746,1986,97,8568,24,17,315,7,1204,2573,1944,3367,53,581,0,947,627,0,2146,1320,3313,14578,854,25085,19815
hsa-piR-32159,1324,6476,1494,6829,6250,7303,2178,106,9410,28,17,351,7,1335,2864,2153,3731,58,644,0,1073,687,0,2401,1473,3663,16211,950,27470,21934
hsa-piR-32160,1178,5881,1368,6142,5770,6812,2000,98,8639,25,17,317,7,1208,2589,1973,3384,56,587,0,959,633,0,2167,1330,3336,14673,867,25448,19994
hsa-piR-32161,1164,5847,1357,6104,5720,6746,1986,97,8568,24,17,315,7,1204,2573,1944,3367,53,581,0,947,627,0,2146,1320,3313,14578,854,25085,19815
hsa-piR-32164,2,2,1,2,3,4,0,0,10,0,0,0,0,0,27,1,1,0,0,0,1,0,0,1,6,0,6,0,0,0
hsa-piR-32165,5,3,13,6,82,13,10,0,29,0,0,2,0,2,13,9,8,0,0,0,18,5,0,15,7,10,18,20,15,6
hsa-piR-32166,1310,6442,1483,6791,6200,7237,2164,105,9339,27,17,349,7,1331,2848,2124,3714,55,638,0,1061,681,0,2380,1463,3640,16116,937,27107,21755
hsa-piR-32167,5,5,4,5,4,34,7,0,21,0,0,2,0,3,32,15,4,0,2,0,5,2,0,3,25,5,5,97,22,17
hsa-piR-32168,0,0,0,0,0,0,0,0,0,0,0,0,0,0,0,0,0,0,0,0,0,0,0,0,0,0,0,1,0,0
hsa-piR-32172,0,0,0,0,0,0,0,0,0,0,0,0,0,0,0,0,0,0,0,0,0,0,0,0,0,0,0,1,0,0
hsa-piR-32173,5,5,4,5,4,34,7,0,21,0,0,2,0,3,32,15,4,0,2,0,5,2,0,3,25,5,5,97,22,17
hsa-piR-32174,5,5,4,5,4,34,7,0,21,0,0,2,0,3,32,15,4,0,2,0,5,2,0,3,25,5,5,97,22,17
hsa-piR-32176,2,3,1,0,2,32,0,0,9,0,0,0,0,1,29,2,1,0,1,0,2,1,0,0,1,0,2,26,6,1
hsa-piR-32177,0,0,0,0,0,0,0,0,0,0,0,0,0,0,0,0,0,0,0,0,0,0,0,0,0,0,0,1,0,0
hsa-piR-32178,1310,6442,1483,6791,6200,7237,2164,105,9339,27,17,349,7,1331,2848,2124,3714,55,638,0,1061,681,0,2380,1463,3640,16116,937,27107,21755
hsa-piR-32180,2,3,1,0,2,32,0,0,9,0,0,0,0,1,29,2,1,0,1,0,2,1,0,0,1,0,2,26,6,1
hsa-piR-32181,131,793,177,580,795,1032,270,9,958,2,4,37,0,124,318,234,355,8,91,0,124,102,0,239,134,430,1525,153,3504,2238
hsa-piR-32182,0,0,0,0,0,0,1,0,0,0,0,0,0,0,0,0,0,0,0,0,0,0,0,0,0,0,0,0,0,0
hsa-piR-32183,5,5,4,5,4,34,7,0,21,0,0,2,0,3,32,15,4,0,2,0,5,2,0,3,25,5,5,97,22,17
hsa-piR-32184,5,5,4,5,4,34,7,0,21,0,0,2,0,3,32,15,4,0,2,0,5,2,0,3,25,5,5,97,22,17
hsa-piR-32185,14,34,11,38,50,66,14,1,71,1,0,2,0,4,16,29,17,3,6,0,12,6,0,21,10,23,95,13,363,179
hsa-piR-32186,1178,5881,1368,6142,5770,6812,2000,98,8639,25,17,317,7,1208,2589,1973,3384,56,587,0,959,633,0,2167,1330,3336,14673,867,25448,19994
hsa-piR-32188,0,0,0,0,0,0,1,0,0,0,0,0,0,0,0,0,0,0,0,0,0,0,0,0,0,0,0,0,0,0
hsa-piR-32190,0,0,0,0,0,0,1,0,0,0,0,0,0,0,0,0,0,0,0,0,0,0,0,0,0,0,0,0,0,0
hsa-piR-32191,5,5,4,5,4,34,7,0,21,0,0,2,0,3,32,15,4,0,2,0,5,2,0,3,25,5,5,97,22,17
hsa-piR-32193,2,2,1,2,3,4,0,0,10,0,0,0,0,0,27,1,1,0,0,0,1,0,0,1,6,0,6,0,0,0
hsa-piR-32194,14,34,11,38,50,66,14,1,71,1,0,2,0,4,16,29,17,3,6,0,12,6,0,21,10,23,95,13,363,179
hsa-piR-32195,237,2116,2575,600,5168,3961,1703,95,3641,13,5,265,10,589,3845,437,3272,129,134,2,4694,586,1,1537,1683,1792,2740,2149,2873,662
hsa-piR-32200,2,2,1,2,3,4,0,0,10,0,0,0,0,0,27,1,1,0,0,0,1,0,0,1,6,0,6,0,0,0
hsa-piR-32203,0,4,6,4,2,6,1,0,2,0,0,1,0,0,10,7,2,0,0,0,15,1,0,4,5,3,1,5,2,1
hsa-piR-32206,5,5,4,5,4,34,7,0,21,0,0,2,0,3,32,15,4,0,2,0,5,2,0,3,25,5,5,97,22,17
hsa-piR-3221,0,0,0,0,0,0,0,0,1,0,0,0,0,0,0,0,0,0,0,0,0,0,0,0,0,0,0,0,0,0
hsa-piR-32212,2,3,1,0,2,32,0,0,9,0,0,0,0,1,29,2,1,0,1,0,2,1,0,0,1,0,2,26,6,1
hsa-piR-32218,0,0,0,0,0,0,0,0,0,0,0,0,0,0,0,0,0,0,0,0,1,0,0,0,0,0,0,0,0,0
hsa-piR-32219,28,277,151,54,751,831,196,7,371,3,0,11,0,56,423,85,313,9,21,0,331,54,0,171,217,294,346,192,351,93
hsa-piR-32220,5,5,4,5,4,34,7,0,21,0,0,2,0,3,32,15,4,0,2,0,5,2,0,3,25,5,5,97,22,17
hsa-piR-32234,14,34,11,38,50,66,14,1,71,1,0,2,0,4,16,29,17,3,6,0,12,6,0,21,10,23,95,13,363,179
hsa-piR-32237,14,34,11,38,50,66,14,1,71,1,0,2,0,4,16,29,17,3,6,0,12,6,0,21,10,23,95,13,363,179
hsa-piR-32245,0,0,0,0,0,1,1,0,0,0,0,0,0,0,0,0,0,0,0,0,1,0,0,0,0,0,0,0,1,0
hsa-piR-32246,0,0,0,0,0,1,0,0,0,0,0,0,0,0,0,0,0,0,0,0,1,0,0,0,0,0,0,0,0,0
hsa-piR-32247,0,0,0,0,0,0,0,0,0,0,0,0,0,0,0,0,0,0,0,0,1,0,0,0,0,0,0,0,0,0
hsa-piR-32251,2,3,1,0,2,32,0,0,9,0,0,0,0,1,29,2,1,0,1,0,2,1,0,0,1,0,2,26,6,1
hsa-piR-32256,0,0,0,0,0,0,0,0,0,0,0,0,0,0,0,0,0,0,0,0,1,0,0,0,0,0,0,0,0,0
hsa-piR-32260,237,2116,2575,600,5168,3961,1703,95,3641,13,5,265,10,589,3845,437,3272,129,134,2,4694,586,1,1537,1683,1792,2740,2149,2873,662
hsa-piR-32279,2,3,1,0,2,32,0,0,9,0,0,0,0,1,29,2,1,0,1,0,2,1,0,0,1,0,2,26,6,1
hsa-piR-32298,2,0,0,1,2,2,2,0,2,0,0,0,0,0,5,0,3,0,0,0,6,1,0,2,2,0,0,1,4,0
hsa-piR-32318,0,0,0,0,0,0,0,0,0,0,0,1,0,0,0,0,0,0,0,0,0,0,0,0,0,0,0,0,0,0
hsa-piR-32320,0,0,0,0,0,0,0,0,0,0,0,0,0,0,0,0,0,0,0,0,0,0,0,0,0,0,0,1,0,0
hsa-piR-32325,0,0,0,0,0,0,0,0,0,0,0,0,0,0,0,0,0,0,0,0,0,0,0,0,0,0,0,1,0,0
hsa-piR-32330,0,0,0,0,0,1,1,0,0,0,0,0,0,0,0,0,0,0,0,0,1,0,0,0,0,0,0,0,1,0
hsa-piR-32369,0,0,0,0,0,0,0,0,0,0,0,0,0,0,0,0,0,0,0,0,1,0,0,0,0,0,0,0,1,0
hsa-piR-32374,148,2272,1290,672,4691,3083,1193,81,2694,43,11,236,16,251,2272,794,2183,71,81,0,4011,735,0,2192,1069,1652,4462,1320,4451,1398
hsa-piR-32377,0,0,0,0,0,0,1,0,0,0,0,0,0,0,0,0,0,0,0,0,0,0,0,0,0,0,0,0,0,0
hsa-piR-32449,0,0,0,0,0,0,2,0,0,0,0,0,0,0,0,0,0,0,0,0,0,0,0,0,0,0,0,0,0,0
hsa-piR-32457,0,4,6,4,2,6,1,0,2,0,0,1,0,0,10,7,2,0,0,0,15,1,0,4,5,3,1,6,2,1
hsa-piR-32474,0,0,0,0,0,0,0,0,0,0,0,0,0,0,0,0,0,0,0,0,1,0,0,0,0,0,0,0,0,0
hsa-piR-32501,0,0,0,0,0,0,0,0,0,0,0,0,0,0,0,1,0,0,0,0,0,0,0,0,0,0,0,0,0,0
hsa-piR-32505,0,0,0,0,0,1,0,0,1,0,0,0,0,0,1,1,0,0,0,0,0,0,0,0,0,0,0,0,1,0
hsa-piR-32516,0,0,0,0,0,0,0,0,0,0,0,0,0,0,0,0,0,0,0,0,0,0,0,0,0,0,0,1,0,0
hsa-piR-32519,0,1,0,0,0,0,0,0,0,0,0,0,0,0,0,0,0,0,0,0,0,0,0,0,0,0,0,0,1,0
hsa-piR-3252,0,0,0,0,1,0,0,0,0,0,0,0,0,0,0,0,0,0,0,0,0,0,0,0,0,0,0,0,0,0
hsa-piR-32520,0,8,6,1,7,6,8,0,5,0,0,1,0,5,9,3,5,0,0,0,5,2,0,2,3,0,0,2,5,3
hsa-piR-32521,237,2116,2575,600,5168,3961,1703,95,3641,13,5,265,10,589,3845,437,3272,129,134,2,4694,586,1,1537,1683,1792,2740,2149,2873,662
hsa-piR-32537,28,277,149,53,747,825,195,7,363,3,0,11,0,56,420,84,307,9,21,0,327,54,0,171,215,292,344,187,348,93
hsa-piR-32549,0,0,0,0,0,1,0,0,0,0,0,0,0,0,0,0,0,0,0,0,1,0,0,0,0,0,0,0,0,0
hsa-piR-32579,148,2272,1290,672,4691,3083,1193,81,2694,43,11,236,16,251,2272,794,2183,71,81,0,4011,735,0,2192,1069,1652,4462,1320,4451,1398
hsa-piR-32587,237,2116,2575,600,5168,3961,1703,95,3641,13,5,265,10,589,3845,437,3272,129,134,2,4694,586,1,1537,1683,1792,2740,2149,2873,662
hsa-piR-32590,2,3,1,0,2,32,0,0,9,0,0,0,0,1,29,2,1,0,1,0,2,1,0,0,1,0,2,26,6,1
hsa-piR-32593,0,0,0,0,0,0,1,0,1,0,0,0,0,1,0,0,0,0,0,0,1,0,0,0,0,0,0,0,0,0
hsa-piR-32606,0,0,0,0,0,0,0,0,0,0,0,0,0,0,0,0,0,0,0,0,1,0,0,0,0,0,0,0,0,0
hsa-piR-32611,0,0,0,0,0,1,0,0,0,0,0,0,0,0,0,0,0,0,0,0,1,0,0,0,0,0,0,0,0,0
hsa-piR-32613,0,0,0,0,0,0,0,0,0,0,0,0,0,0,0,0,0,0,0,0,0,0,0,0,0,0,0,1,0,0
hsa-piR-32614,0,0,0,0,0,0,0,0,0,0,0,0,0,0,0,1,0,0,0,0,0,0,0,0,0,0,0,0,0,0
hsa-piR-32635,0,0,0,0,1,0,0,0,0,0,0,0,0,0,0,0,0,0,0,0,0,0,0,0,1,0,0,0,0,0
hsa-piR-32640,2,2,1,2,3,4,0,0,10,0,0,0,0,0,27,1,1,0,0,0,1,0,0,1,6,0,6,0,0,0
hsa-piR-32642,0,0,0,0,0,0,0,0,0,0,0,0,0,0,0,0,0,0,0,0,0,0,0,0,0,0,0,1,0,0
hsa-piR-32652,2,1,5,2,4,9,6,0,10,1,0,0,0,0,7,3,4,0,2,0,3,2,0,2,1,2,7,1,12,6
hsa-piR-32657,2,3,1,0,2,32,0,0,9,0,0,0,0,1,29,2,1,0,1,0,2,1,0,0,1,0,2,26,6,1
hsa-piR-32675,0,0,0,0,0,0,0,0,0,0,0,0,0,0,0,0,0,0,0,0,0,0,0,0,0,0,0,1,0,0
hsa-piR-32704,0,1,0,0,1,1,1,0,0,1,0,0,0,0,0,0,0,0,0,0,0,0,0,0,1,0,0,1,0,0
hsa-piR-32705,0,0,0,0,1,0,0,0,0,0,0,0,0,0,0,0,0,0,0,0,0,0,0,0,0,0,0,0,0,0
hsa-piR-32723,0,0,1,0,0,0,0,0,0,0,0,0,0,0,0,0,0,0,0,0,0,0,0,0,0,0,1,0,0,0
hsa-piR-32733,0,1,0,0,0,0,0,0,0,0,0,0,0,0,0,0,0,0,0,0,0,0,0,0,0,0,0,0,1,0
hsa-piR-32737,0,0,0,0,0,0,2,0,0,0,0,0,0,0,0,0,0,0,0,0,0,0,0,0,0,0,0,0,0,0
hsa-piR-32744,2,3,1,0,2,32,0,0,9,0,0,0,0,1,29,2,1,0,1,0,2,1,0,0,1,0,2,26,6,1
hsa-piR-32757,0,0,0,0,0,0,0,0,0,0,0,0,0,0,0,0,0,0,0,0,0,0,0,0,0,0,0,1,0,0
hsa-piR-32764,28,277,151,54,751,831,196,7,371,3,0,11,0,56,423,85,313,9,21,0,331,54,0,171,217,294,346,192,351,93
hsa-piR-32772,0,0,1,0,0,1,0,0,0,0,0,0,0,0,0,0,0,0,0,0,1,0,0,0,0,0,0,0,0,0
hsa-piR-32785,0,0,0,0,0,0,0,0,1,0,0,0,0,0,0,0,0,0,0,0,0,0,0,0,0,0,0,0,0,0
hsa-piR-32792,0,0,0,0,0,0,0,0,1,0,0,0,0,0,0,0,0,0,0,0,0,0,0,0,0,0,0,0,0,0
hsa-piR-32794,1,0,0,0,0,1,0,0,1,0,0,0,0,0,0,0,0,0,0,0,0,0,0,0,0,0,0,0,0,0
hsa-piR-32797,1,0,0,0,2,11,1,0,4,0,0,0,0,1,2,4,0,0,0,0,1,0,0,0,6,0,2,21,2,0
hsa-piR-32799,0,0,0,0,0,0,0,0,0,0,0,0,0,0,0,1,0,0,0,0,0,0,0,0,0,0,0,1,1,0
hsa-piR-32801,0,0,0,0,0,1,0,0,0,0,0,0,0,0,0,0,0,0,0,0,1,0,0,0,0,0,0,0,1,0
hsa-piR-32808,0,0,0,0,1,0,0,0,0,0,0,0,0,0,0,0,0,0,0,0,0,0,0,0,0,0,0,0,0,0
hsa-piR-3282,0,0,0,0,0,0,0,0,0,0,0,0,0,0,0,0,0,0,0,0,0,0,0,0,0,0,0,1,1,0
hsa-piR-32826,2,2,1,2,3,4,0,0,10,0,0,0,0,0,27,1,1,0,0,0,1,0,0,1,6,0,6,0,0,0
hsa-piR-32829,3,3,6,0,2,4,0,0,0,0,0,0,0,0,9,0,0,0,1,0,0,0,0,1,0,2,2,1,0,0
hsa-piR-32831,70,142,206,108,193,302,94,17,432,12,3,23,2,44,470,85,677,5,15,0,531,53,0,230,267,136,601,240,301,190
hsa-piR-32832,0,9,2,2,24,11,7,0,15,0,1,0,0,0,6,5,7,0,0,0,23,5,0,0,6,4,11,7,38,2
hsa-piR-32835,12,105,29,227,26,34,21,2,442,2,2,16,5,22,229,156,142,8,22,0,108,55,0,139,48,60,146,14,303,170
hsa-piR-32836,0,39,17,57,15,20,12,3,172,0,0,11,0,7,79,67,60,0,12,0,39,23,0,37,8,23,36,7,81,22
hsa-piR-32837,50,76,108,70,80,3586,44,7,285,0,1,14,0,23,2878,67,90,8,10,0,191,17,0,115,192,52,165,780,156,91
hsa-piR-32838,1179,5649,1306,6211,5405,6205,1894,96,8381,25,13,312,7,1207,2530,1890,3359,47,547,0,937,579,0,2141,1329,3210,14591,784,23603,19517
hsa-piR-32839,1033,5054,1180,5524,4925,5714,1716,88,7610,22,13,278,7,1080,2255,1710,3012,45,490,0,823,525,0,1907,1186,2883,13053,701,21581,17577
hsa-piR-32840,3,1,14,4,26,22,11,0,18,1,0,1,1,3,20,8,17,0,0,0,24,3,0,5,16,14,17,10,23,7
hsa-piR-32841,1,47,11,0,58,11,4,0,28,0,0,0,0,1,1,3,10,1,2,0,35,8,0,35,3,38,2,26,19,6
hsa-piR-32842,11,1,1,1,1,9,2,0,1,0,0,1,0,0,4,0,0,0,0,0,3,0,0,1,0,1,0,4,3,0
hsa-piR-32845,609,2950,734,3197,3213,3302,1042,59,4564,16,6,158,4,642,1334,1016,1832,25,298,0,494,328,0,1125,745,1664,7622,455,12543,10230
hsa-piR-32846,11,67,66,25,144,83,39,4,94,1,0,13,0,16,86,15,105,5,7,0,137,12,1,29,56,40,70,129,100,26
hsa-piR-32847,10,57,40,44,208,139,75,8,91,1,1,11,0,11,94,50,86,0,5,0,210,10,0,104,41,111,182,118,181,191
hsa-piR-32848,0,0,0,1,0,11,0,0,2,0,0,1,0,0,3,0,2,0,0,0,1,1,0,0,0,2,0,0,0,1
hsa-piR-32851,1,1,0,1,0,7,4,0,3,0,0,0,0,0,5,2,4,0,0,0,6,0,0,2,2,2,0,0,3,0
hsa-piR-32852,628,2989,695,3243,2972,3327,1007,63,4654,15,8,158,5,658,1343,1023,1818,23,294,0,472,309,0,1150,724,1670,7608,435,13028,10438
hsa-piR-32855,26,72,60,11,208,154,55,1,222,0,2,12,1,26,219,18,117,4,3,0,175,23,0,28,55,31,67,142,152,31
hsa-piR-32856,675,1185,1181,964,4354,1873,1424,120,5125,39,4,317,10,498,2082,1419,1776,130,138,0,1916,370,0,927,1585,1264,987,1018,4057,1064
hsa-piR-32857,585,1026,1057,808,3913,1649,1235,105,4738,35,3,281,8,447,1827,1255,1540,107,120,0,1632,301,0,778,1365,1075,838,909,3562,919
hsa-piR-32858,5,1,1,0,3,17,0,0,4,0,0,1,0,0,9,4,2,0,2,0,2,0,0,0,0,0,0,25,7,1
hsa-piR-32859,0,2,4,1,3,15,3,0,2,0,0,0,0,0,18,0,0,1,0,0,3,0,0,1,2,0,3,8,8,1
hsa-piR-32860,0,2,4,1,3,15,3,0,2,0,0,0,0,0,18,0,0,1,0,0,3,0,0,1,2,0,3,8,8,1
hsa-piR-32861,0,2,4,1,3,14,4,0,2,0,0,0,0,0,17,0,0,1,0,0,3,0,0,1,2,0,3,7,6,1
hsa-piR-32862,1,2,1,1,1,7,0,0,2,0,0,1,0,0,2,1,1,0,0,0,2,0,0,0,1,0,0,15,3,1
hsa-piR-32863,6,5,6,9,6,37,8,0,22,0,0,2,0,4,46,24,5,0,2,0,8,2,0,5,21,9,9,108,34,25
hsa-piR-32864,6,5,6,9,6,38,8,0,22,0,0,2,0,4,46,24,5,0,2,0,8,2,0,5,21,9,9,109,34,25
hsa-piR-32865,5,5,5,7,6,37,8,0,23,0,0,2,0,4,40,21,5,0,2,0,8,2,0,3,23,7,7,108,29,21
hsa-piR-32867,2,36,25,4,49,33,20,0,18,0,0,4,0,3,7,6,28,0,0,0,43,7,0,17,23,33,39,24,27,10
hsa-piR-32868,0,1,4,0,1,1,1,0,4,0,0,0,0,0,1,1,0,1,0,0,7,0,0,0,0,2,1,1,14,8
hsa-piR-32869,106,943,678,389,2226,1538,764,50,1386,6,3,77,1,246,1206,571,1070,32,57,0,1902,237,0,1214,874,1000,2126,1309,2349,1077
hsa-piR-32871,3,0,2,0,2,9,0,0,1,0,0,0,0,0,17,0,0,0,0,0,1,0,0,2,1,1,0,12,3,2
hsa-piR-32874,44,32,60,20,125,67,38,1,272,0,0,2,0,14,62,75,25,3,2,0,35,9,0,10,18,20,43,20,104,41
hsa-piR-32875,1,4,5,1,16,2,0,0,4,0,0,0,0,1,2,0,7,0,0,0,9,1,0,1,1,4,4,5,11,3
hsa-piR-32877,6,209,108,34,924,424,240,10,379,2,0,32,2,26,249,57,273,9,19,0,345,69,0,67,104,119,208,250,1041,79
hsa-piR-32879,29,1376,1037,177,2184,1542,779,54,617,7,10,139,4,79,743,448,812,48,65,1,2767,246,0,854,637,1047,1398,1009,1371,422
hsa-piR-32880,0,4,1,0,2,1,0,0,3,0,0,0,0,0,1,0,0,0,1,0,1,0,0,0,2,0,0,0,16,6
hsa-piR-32881,0,9,4,8,59,17,7,1,12,0,0,3,0,1,17,1,21,0,3,0,35,2,0,6,7,22,17,11,37,13
hsa-piR-32882,1,0,0,0,0,0,0,0,1,0,0,0,0,1,1,0,0,0,0,0,0,0,0,1,0,0,0,0,0,0
hsa-piR-32886,584,8369,4880,2184,18589,13400,4946,233,8344,177,38,1044,98,1181,7587,2556,8185,197,379,1,10083,1979,4,5738,5329,6361,10715,6527,12145,4281
hsa-piR-32887,29,25,21,12,23,199,11,1,57,1,0,5,0,2,301,34,24,2,2,0,42,2,0,16,46,13,20,43,38,22
hsa-piR-32891,34,408,425,39,150,455,157,3,37,0,1,27,2,19,112,16,24,0,7,0,142,52,0,13,204,77,29,29,33,11
hsa-piR-32894,13,17,17,8,17,2,13,3,85,0,0,2,0,5,29,5,11,0,3,0,16,1,0,7,20,0,12,22,46,17
hsa-piR-32897,9,33,28,27,34,676,26,3,103,0,0,4,0,8,1205,22,21,2,2,0,84,6,0,42,98,23,51,780,82,24
hsa-piR-32898,0,0,0,0,1,0,0,0,0,0,0,0,0,0,0,0,0,0,0,0,0,0,0,0,0,0,0,1,1,0
hsa-piR-32899,20,16,13,16,15,121,9,0,41,1,1,6,1,6,209,23,12,1,2,0,28,3,0,9,33,8,11,43,19,13
hsa-piR-32900,10,83,54,15,29,101,45,4,19,2,0,13,0,16,138,9,21,2,7,0,111,3,0,76,117,90,317,24,17,13
hsa-piR-32902,0,0,1,0,0,0,0,0,0,0,0,0,0,0,0,0,0,0,0,0,0,0,0,0,0,0,0,0,0,0
hsa-piR-32903,0,5,0,4,4,28,8,0,15,0,0,2,0,0,13,5,6,0,2,0,10,1,0,1,0,3,4,5,21,4
hsa-piR-32905,0,0,0,0,0,0,0,0,0,0,0,0,0,0,0,1,0,0,0,0,0,0,0,0,0,0,0,0,0,0
hsa-piR-32906,10,63,24,6,14,48,13,0,9,1,0,4,0,3,80,5,17,0,1,0,36,9,0,21,32,28,49,8,15,4
hsa-piR-32907,10,63,24,6,14,48,13,0,9,1,0,4,0,3,80,5,17,0,1,0,36,9,0,21,32,28,49,8,15,4
hsa-piR-32908,3,2,1,0,1,1,0,1,0,0,0,0,0,0,0,1,1,0,0,0,2,1,0,0,0,0,0,1,4,3
hsa-piR-32911,2,4,2,5,2,14,5,0,9,0,0,0,0,1,27,8,0,0,0,0,1,0,0,1,11,3,0,43,14,9
hsa-piR-32912,0,0,0,0,1,0,0,0,1,0,0,1,0,0,0,0,0,0,0,0,0,0,0,0,0,0,0,0,0,1
hsa-piR-32913,70,142,206,108,193,302,94,17,432,12,3,23,2,44,470,85,677,5,15,0,531,53,0,230,267,136,601,240,301,190
hsa-piR-32914,5,9,9,10,9,149,6,2,18,0,0,1,0,0,88,6,4,0,0,0,26,1,0,10,23,7,8,90,14,14
hsa-piR-32915,0,1,0,0,3,0,0,0,1,0,0,0,0,0,0,0,1,0,0,0,0,0,0,1,0,0,0,0,3,3
hsa-piR-32916,0,0,1,0,1,1,0,0,0,0,0,0,0,1,4,0,0,0,0,0,1,0,0,0,0,0,1,7,0,0
hsa-piR-32918,562,3030,1649,253,7112,2835,1082,43,4331,30,9,168,18,538,1739,394,1268,103,47,1,2164,596,0,645,3133,1357,1181,963,2320,326
hsa-piR-32919,417,2237,1216,204,5924,2679,918,41,3716,30,8,153,18,420,1681,331,1213,78,41,1,2077,491,0,607,2069,1191,1151,876,2200,310
hsa-piR-32920,48,816,381,217,1720,1072,565,28,899,5,1,63,3,87,588,194,714,20,37,0,1155,198,0,442,393,537,847,1019,1919,386
hsa-piR-32921,0,0,0,0,1,0,0,0,1,0,0,1,0,0,0,0,0,0,0,0,0,0,0,0,0,0,0,0,0,1
hsa-piR-32922,0,2,1,0,2,3,0,0,0,0,0,1,0,0,1,0,0,0,0,0,7,0,0,1,0,1,2,0,3,1
hsa-piR-32923,0,13,2,0,22,8,1,1,11,0,0,0,0,0,9,2,5,0,0,0,9,2,0,3,1,2,8,6,14,7
hsa-piR-32924,2,0,5,1,3,1,1,0,4,0,0,0,0,0,4,1,1,0,0,0,1,1,0,1,2,0,1,1,8,3
hsa-piR-32925,1,1,0,1,0,7,4,0,3,0,0,0,0,0,5,2,4,0,0,0,6,0,0,2,2,2,0,0,3,0
hsa-piR-32926,19,62,40,19,81,55,32,0,63,1,0,2,0,9,135,247,59,2,2,0,69,21,0,15,43,22,36,43,65,17
hsa-piR-32927,46,968,439,169,4662,2231,494,20,1539,24,6,90,13,125,1078,160,1844,25,35,0,1935,497,1,367,988,574,1488,822,1793,314
hsa-piR-32928,0,1,1,0,0,7,0,0,5,0,0,0,0,1,12,1,2,0,0,0,0,0,0,1,0,1,0,1,1,0
hsa-piR-32931,8,4,4,1,12,19,3,0,7,0,0,1,0,2,17,1,4,0,0,0,9,1,0,3,2,2,4,18,6,0
hsa-piR-32932,0,0,0,0,0,1,0,0,0,0,0,0,0,1,0,0,0,0,0,0,0,0,0,1,0,0,0,0,6,1
hsa-piR-32933,0,1,11,2,26,12,1,0,16,0,0,3,0,0,3,3,8,0,0,0,11,5,0,17,1,14,23,14,13,7
hsa-piR-32934,7,6,10,6,14,16,10,1,19,0,0,2,0,4,57,10,11,0,0,0,21,3,0,1,8,6,5,10,34,17
hsa-piR-32938,1,0,1,1,2,2,3,0,3,0,0,0,0,1,4,5,0,0,0,0,1,0,0,0,0,0,0,2,5,0
hsa-piR-32939,5,1,1,0,3,14,0,0,4,0,0,1,0,1,7,3,1,0,1,0,3,0,0,0,0,0,0,22,8,1
hsa-piR-32940,75,72,141,52,107,145,70,0,236,1,0,12,1,23,308,114,47,1,7,0,119,93,0,8,32,25,15,56,170,67
hsa-piR-32941,0,1,0,0,0,1,0,0,0,0,0,0,0,0,1,0,1,0,0,0,0,1,0,0,0,0,0,0,0,0
hsa-piR-32942,4,13,31,14,13,27,22,1,22,1,0,1,0,3,17,16,7,0,1,0,28,6,0,2,7,18,4,17,45,7
hsa-piR-32945,0,5,0,4,4,28,8,0,15,0,0,2,0,0,13,5,6,0,2,0,10,1,0,1,0,3,4,5,21,4
hsa-piR-32946,5,26,14,1,13,30,8,0,2,0,0,0,0,1,50,4,0,0,0,0,8,2,0,4,3,4,3,7,8,1
hsa-piR-32949,2,9,19,12,45,182,14,0,62,0,0,8,0,13,43,13,50,4,1,0,34,2,0,9,36,11,26,66,69,19
hsa-piR-32950,6,1,0,3,3,1,0,0,3,0,0,0,0,1,2,2,1,0,0,0,4,0,0,0,3,1,0,0,5,4
hsa-piR-32951,0,1,0,0,0,1,0,0,1,0,0,0,0,0,0,0,0,0,0,0,1,0,0,0,0,0,0,0,0,0
hsa-piR-32952,6,11,18,18,11,1156,4,2,54,0,0,4,0,3,617,24,9,1,2,0,50,4,0,24,54,4,31,77,36,44
hsa-piR-32953,5,11,36,6,12,83,8,0,28,0,1,4,0,5,68,5,26,0,0,0,26,4,0,10,37,3,12,320,45,11
hsa-piR-32954,5,11,36,6,12,83,8,0,28,0,1,4,0,5,68,5,26,0,0,0,26,4,0,10,37,3,12,320,45,11
hsa-piR-32955,5,1,1,0,2,5,0,0,1,0,0,1,0,0,5,3,2,0,1,0,0,0,0,0,0,0,0,13,2,0
hsa-piR-32956,44,32,60,20,125,67,38,1,272,0,0,2,0,14,62,75,25,3,2,0,35,9,0,10,18,20,43,20,104,41
hsa-piR-32958,1,0,0,0,0,0,0,0,1,0,0,0,0,1,1,0,0,0,0,0,0,0,0,1,0,0,0,0,0,0
hsa-piR-32959,17,3,1,0,1,13,1,0,6,0,0,2,0,0,17,0,2,0,1,0,7,1,0,1,0,2,0,18,1,2
hsa-piR-32960,4,191,116,70,346,323,87,8,217,8,6,27,2,17,205,101,193,5,7,0,363,84,0,141,101,132,246,198,538,152
hsa-piR-32961,11,140,117,27,54,152,39,0,41,0,0,13,4,4,94,12,14,1,5,0,48,43,0,26,69,44,43,27,21,5
hsa-piR-32962,11,1,1,1,1,9,2,0,1,0,0,1,0,0,4,0,0,0,0,0,3,0,0,1,0,1,0,4,3,0
hsa-piR-32963,20,190,201,28,69,268,70,1,19,1,0,11,1,13,57,6,8,2,5,0,76,36,0,13,114,37,17,19,13,1
hsa-piR-32964,34,408,425,39,150,455,157,3,37,0,1,27,2,19,112,16,24,0,7,0,142,52,0,13,204,77,29,29,33,11
hsa-piR-32966,28,308,181,78,929,568,178,11,407,3,2,26,1,46,378,87,416,5,19,0,490,104,0,152,177,219,325,217,438,102
hsa-piR-32967,25,0,0,1,4,10,1,0,43,0,0,0,0,2,19,1,3,0,0,0,4,0,0,2,2,1,1,2,3,2
hsa-piR-32968,28,0,0,1,5,13,1,0,43,0,0,0,0,2,19,2,3,0,0,0,4,0,0,2,2,1,1,2,3,2
hsa-piR-32969,1,47,19,7,110,68,18,1,54,0,1,5,0,3,28,2,44,0,1,0,79,13,0,8,13,21,30,20,36,19
hsa-piR-32972,99,563,1560,527,1164,1737,1036,21,589,9,7,153,27,160,624,527,308,26,117,0,1380,452,2,176,475,743,343,507,1264,433
hsa-piR-32973,0,9,2,0,18,7,2,0,7,0,0,1,1,0,12,0,0,0,0,0,9,0,0,3,6,5,8,6,16,1
hsa-piR-32974,13,14,24,9,7,414,8,2,18,0,0,1,0,3,73,21,5,1,0,0,28,4,0,6,31,10,8,149,20,7
hsa-piR-32975,148,2272,1290,672,4691,3083,1193,81,2694,43,11,236,16,251,2272,794,2183,71,81,0,4011,735,0,2192,1069,1652,4462,1320,4451,1398
hsa-piR-32976,26,1,2,1,4,13,2,0,3,0,0,0,0,0,14,3,1,0,0,0,5,0,0,3,1,2,2,3,5,4
hsa-piR-32977,0,0,1,0,0,8,1,0,1,0,0,0,0,0,15,1,2,0,0,0,0,0,0,0,1,2,1,5,1,0
hsa-piR-32978,125,1054,267,1246,723,484,312,26,4541,18,3,83,3,122,1120,1259,384,19,48,0,513,342,0,387,139,334,2277,369,11705,6376
hsa-piR-32982,1,3,1,1,1,7,0,0,2,0,0,1,0,0,2,1,1,0,0,0,2,0,0,0,1,0,0,15,3,1
hsa-piR-32983,1,3,1,1,1,7,0,0,2,0,0,1,0,0,2,1,1,0,0,0,2,0,0,0,1,0,0,15,3,1
hsa-piR-32984,2,1,6,0,1,11,0,0,4,0,0,0,0,0,19,1,3,0,0,0,3,0,0,4,1,3,0,6,3,3
hsa-piR-32985,4,1,1,1,1,5,1,0,0,0,0,0,0,1,4,0,1,0,0,0,2,0,0,0,2,0,0,1,4,0
hsa-piR-32986,0,1,0,0,1,2,0,0,2,0,0,0,0,0,2,0,1,0,0,0,2,0,0,0,0,0,0,0,3,0
hsa-piR-32987,12,55,63,43,50,1095,40,3,140,0,0,7,0,13,1599,50,40,2,3,0,177,12,0,68,149,34,105,2643,138,48
hsa-piR-32989,1,9,11,8,10,18,2,1,35,0,0,0,0,6,61,1,8,0,0,0,24,1,0,3,4,1,5,16,14,3
hsa-piR-32990,7,171,82,36,446,296,347,8,241,1,1,26,0,43,247,31,218,7,17,0,202,24,0,117,69,113,227,183,693,127
hsa-piR-32991,2,9,19,12,45,182,14,0,62,0,0,8,0,13,43,13,50,4,1,0,34,2,0,9,36,11,26,66,69,19
hsa-piR-32992,0,1,0,0,0,0,0,0,0,0,0,0,0,0,0,0,0,0,0,0,0,0,0,0,0,0,0,0,0,0
hsa-piR-32993,5,5,2,0,5,16,3,0,4,0,0,2,0,2,30,0,0,0,0,0,5,0,0,6,4,1,1,8,10,3
hsa-piR-32994,118,521,635,57,321,797,194,2,114,4,0,35,6,40,811,45,47,4,13,0,273,97,0,47,127,209,79,145,140,38
hsa-piR-32995,125,1052,267,1244,723,484,311,26,4535,18,3,82,3,122,1117,1258,384,19,48,0,513,342,0,384,139,333,2265,369,11686,6362
hsa-piR-32996,25,3,2,0,2,14,1,0,7,0,0,2,0,0,21,0,2,0,1,0,9,1,0,3,0,2,0,18,6,2
hsa-piR-33000,8,4,4,1,12,19,3,0,7,0,0,1,0,2,17,1,4,0,0,0,9,1,0,3,2,2,4,18,6,0
hsa-piR-33002,9,33,28,27,34,676,26,3,103,0,0,4,0,8,1205,22,21,2,2,0,84,6,0,42,98,23,51,780,82,24
hsa-piR-33003,9,33,28,27,34,670,26,3,102,0,0,4,0,8,1207,22,22,2,2,0,84,6,0,42,98,23,51,775,82,24
hsa-piR-33004,9,33,28,27,34,665,26,3,103,0,0,4,0,8,1204,22,22,2,2,0,83,6,0,43,99,22,51,762,82,24
hsa-piR-33005,16,58,147,8,47,199,51,1,11,0,1,6,1,1,148,5,3,0,4,0,19,12,0,15,12,35,36,37,22,3
hsa-piR-33006,4,19,38,2,6,27,13,0,1,0,0,3,0,0,33,1,0,0,2,0,5,2,0,7,1,6,7,12,8,2
hsa-piR-33007,0,1,0,0,1,0,0,0,1,0,0,0,0,0,0,0,0,0,0,0,0,0,0,0,1,0,0,0,1,0
hsa-piR-33008,0,0,0,0,0,1,0,0,0,0,0,0,0,0,0,0,0,0,0,0,0,0,0,0,0,0,0,0,0,0
hsa-piR-33010,7,171,82,36,446,296,347,8,241,1,1,26,0,43,247,31,218,7,17,0,202,24,0,117,69,113,227,183,693,127
hsa-piR-33012,0,3,3,2,5,15,4,0,3,1,0,0,0,0,13,0,3,0,0,0,9,0,0,0,4,1,1,9,11,2
hsa-piR-33013,197,1573,391,1835,1098,735,444,39,6678,24,3,115,5,183,1654,1870,586,28,68,0,781,503,0,570,226,491,3352,546,17073,9463
hsa-piR-33014,0,9,0,0,2,2,3,0,0,0,0,0,0,0,0,0,0,0,0,0,0,0,0,0,0,0,0,0,0,0
hsa-piR-33015,0,2,0,0,1,0,0,0,0,0,0,0,0,0,0,0,1,0,0,0,0,0,0,0,0,0,0,1,0,1
hsa-piR-33016,240,712,400,86,2003,942,318,17,1987,7,4,52,9,188,1301,161,479,41,20,1,813,196,0,369,758,575,694,371,794,170
hsa-piR-33017,0,12,6,1,31,10,2,0,9,0,0,2,0,1,8,2,10,1,6,0,12,2,0,8,11,7,15,10,22,13
hsa-piR-33018,31,26,21,12,25,210,12,1,60,1,0,6,0,2,319,34,24,2,3,0,45,2,0,17,49,14,21,53,40,24
hsa-piR-33020,2,0,4,2,3,1,1,0,4,0,0,0,0,1,3,1,1,0,0,0,2,1,0,1,2,0,1,1,9,3
hsa-piR-33023,1,3,1,1,1,7,0,0,2,0,0,1,0,0,2,1,1,0,0,0,2,0,0,0,1,0,0,15,3,1
hsa-piR-33025,0,0,1,1,0,28,1,0,4,0,0,0,0,0,26,0,2,0,0,0,5,1,0,1,2,1,0,27,3,1
hsa-piR-33028,3218,33824,26776,12165,75782,65674,25245,1219,32002,267,176,3965,169,7531,21403,6053,47596,814,1996,3,67300,8556,10,28335,30167,28718,67769,29301,47105,28361
hsa-piR-33029,6,11,23,3,28,17,9,2,10,0,0,1,0,6,12,0,9,0,0,0,16,1,0,4,3,10,12,15,45,12
hsa-piR-33030,1,5,5,6,4,11,7,0,22,0,0,1,0,0,2,8,4,0,1,0,5,1,0,1,4,1,1,5,8,0
hsa-piR-33031,52,77,110,91,87,165,52,8,276,6,1,10,5,21,285,50,511,4,5,0,364,26,0,195,171,93,514,156,126,155
hsa-piR-33032,27,3,2,0,2,16,1,0,7,0,0,2,0,0,21,0,2,0,2,0,9,1,0,3,0,2,0,19,6,2
hsa-piR-33033,0,1,0,0,2,1,0,0,0,0,0,0,0,0,0,0,1,0,0,0,1,1,0,0,0,1,1,0,0,0
hsa-piR-33035,20,115,83,54,132,81,82,10,224,0,0,21,0,62,245,17,181,0,9,0,151,10,0,76,91,58,141,68,219,50
hsa-piR-33036,5,20,32,20,12,15,4,0,37,1,0,0,0,3,11,4,20,0,0,0,21,3,0,13,6,19,26,5,33,21
hsa-piR-33037,4,3,2,2,5,24,1,0,7,0,0,1,0,0,12,3,0,0,1,0,5,0,0,0,1,0,1,25,15,3
hsa-piR-33039,13,17,17,8,17,2,13,3,85,0,0,2,0,5,29,5,11,0,3,0,16,1,0,7,20,0,12,24,46,17
hsa-piR-33041,675,1185,1181,964,4354,1873,1424,120,5125,39,4,317,10,498,2082,1419,1776,130,138,0,1916,370,0,927,1585,1264,987,1018,4057,1064
hsa-piR-33042,0,0,0,0,0,1,0,0,0,0,0,0,0,0,26,0,0,0,0,0,4,0,0,0,0,1,0,0,3,0
hsa-piR-33043,0,0,0,0,0,0,0,0,0,0,0,0,0,0,0,0,0,0,0,0,0,0,0,0,0,0,0,0,1,0
hsa-piR-33044,0,9,8,0,4,11,5,0,0,0,0,0,0,0,22,2,0,0,0,0,2,2,0,0,0,0,3,1,7,0
hsa-piR-33045,5,26,17,1,13,31,7,0,2,0,0,0,0,1,52,6,0,0,0,0,9,2,0,4,3,4,3,8,8,1
hsa-piR-33046,44,32,60,20,125,67,38,1,272,0,0,2,0,14,62,75,25,3,2,0,35,9,0,10,18,20,43,20,104,41
hsa-piR-33047,1,1,6,1,7,25,3,1,5,0,0,0,0,0,9,1,4,0,2,0,10,1,0,4,4,4,0,10,9,1
hsa-piR-33048,3,1,3,1,1,130,0,1,12,0,0,1,0,1,56,10,4,0,0,0,9,0,0,2,5,2,2,8,8,0
hsa-piR-33049,48,1273,406,99,3346,2649,621,28,1436,15,3,72,8,137,1554,268,964,24,30,0,1838,480,0,379,603,453,1198,438,1630,235
hsa-piR-33053,9,176,175,40,406,210,131,7,177,1,3,15,1,11,192,49,163,3,6,0,404,61,0,164,86,183,260,182,358,206
hsa-piR-33057,20,115,83,54,132,83,82,10,224,0,0,21,0,62,246,17,181,0,9,0,151,10,0,76,91,58,141,69,223,51
hsa-piR-3306,0,0,0,0,0,0,1,0,0,0,0,0,0,0,0,0,0,0,0,0,0,0,0,0,0,0,0,0,2,0
hsa-piR-33063,0,2,1,0,2,3,0,0,0,0,0,1,0,0,1,0,0,0,0,0,7,0,0,1,0,1,2,0,3,1
hsa-piR-33064,0,2,0,0,1,0,0,0,0,0,0,0,0,0,0,0,1,0,0,0,0,0,0,0,0,0,0,1,0,1
hsa-piR-33066,0,0,0,0,0,0,0,0,0,0,0,0,0,0,1,0,1,0,1,0,1,0,0,0,0,0,0,0,4,0
hsa-piR-33071,0,0,0,0,0,0,0,0,0,0,0,0,0,0,0,0,0,0,0,0,0,0,0,0,0,0,0,1,0,0
hsa-piR-33073,8,27,98,19,94,170,56,3,16,0,0,9,1,12,53,8,9,0,4,0,38,11,0,7,32,34,8,6,28,9
hsa-piR-33074,19,14,30,9,57,33,12,1,129,0,0,0,0,5,28,38,8,1,1,0,15,2,0,6,13,14,18,11,49,15
hsa-piR-33075,0,1,0,0,3,0,0,0,1,0,0,0,0,0,0,1,0,0,0,0,2,0,0,0,0,0,0,0,1,1
hsa-piR-33076,188,1590,1364,325,2467,2198,758,85,2145,27,13,187,11,354,2235,337,1512,95,95,0,3283,479,1,701,1144,1309,1341,1262,1781,380
hsa-piR-33078,0,9,2,2,24,11,7,0,15,0,1,0,0,0,6,5,7,0,0,0,23,5,0,0,6,4,11,7,38,2
hsa-piR-33079,1,3,0,10,90,62,3,0,96,0,0,0,0,5,55,6,24,1,0,0,7,5,0,2,6,2,5,8,19,12
hsa-piR-33081,17,60,79,15,90,55,46,4,57,4,3,11,0,14,25,29,85,3,5,0,89,10,0,27,59,49,45,40,69,24
hsa-piR-33083,2,1,0,2,1,3,0,0,0,0,0,1,0,1,0,1,1,0,0,0,1,1,0,0,0,0,0,2,0,1
hsa-piR-33085,0,0,0,1,4,1,0,0,0,0,0,0,0,0,1,0,0,0,0,0,1,0,0,0,0,0,0,0,1,0
hsa-piR-33086,0,7,2,0,10,4,3,0,1,0,0,1,0,0,2,0,4,0,0,0,4,1,0,2,0,3,1,2,2,2
hsa-piR-33087,0,21,14,2,7,20,3,0,10,0,0,2,0,1,22,4,15,2,0,0,24,1,0,4,16,5,3,6,22,4
hsa-piR-33089,1,6,0,1,0,1,0,0,1,0,0,0,0,0,2,0,0,0,0,0,1,0,0,0,1,0,0,2,4,0
hsa-piR-33093,0,2,0,0,2,0,0,0,0,0,0,0,0,0,0,0,0,0,0,0,1,1,0,0,0,1,0,0,0,0
hsa-piR-33096,0,0,0,0,0,0,0,0,0,0,0,0,0,0,1,0,1,0,0,0,0,0,0,0,0,0,0,0,0,0
hsa-piR-33097,0,1,1,0,1,0,0,0,1,0,0,0,0,0,1,1,0,0,0,0,0,0,0,0,1,0,0,1,1,0
hsa-piR-33099,0,0,0,0,15,0,1,0,0,0,0,0,0,0,0,0,1,0,0,0,0,0,0,0,0,0,1,0,1,0
hsa-piR-33100,2,36,25,4,49,33,20,0,18,0,0,4,0,3,7,6,28,0,0,0,43,7,0,17,23,33,39,24,27,10
hsa-piR-33101,0,1,4,0,1,1,1,0,4,0,0,0,0,0,1,1,0,1,0,0,7,0,0,0,0,2,1,1,14,8
hsa-piR-33104,0,9,4,8,59,17,7,1,12,0,0,3,0,1,17,1,21,0,3,0,35,2,0,6,7,22,17,11,37,13
hsa-piR-33107,0,2,0,0,0,0,1,0,0,0,0,0,0,0,0,0,0,0,0,0,2,1,0,0,1,1,1,0,0,0
hsa-piR-33109,0,0,0,0,0,0,0,0,1,0,0,0,0,0,1,0,0,0,0,0,0,0,0,0,0,0,1,0,1,0
hsa-piR-33111,13,179,126,36,985,311,185,2,305,0,0,20,1,22,127,46,185,7,11,0,253,26,0,102,32,141,260,177,166,25
hsa-piR-33112,8,74,71,20,79,120,34,2,214,0,0,6,0,8,347,10,36,1,3,0,176,4,0,34,61,20,44,45,205,20
hsa-piR-33114,0,1,0,0,1,0,0,0,1,0,0,0,0,0,0,0,0,0,0,0,0,0,0,0,1,0,0,0,1,0
hsa-piR-33116,0,2,0,0,0,1,0,0,0,0,0,0,0,0,2,0,1,0,0,0,0,0,0,0,1,0,0,0,0,0
hsa-piR-33117,237,2116,2575,600,5168,3961,1703,95,3641,13,5,265,10,589,3845,437,3272,129,134,2,4694,586,1,1537,1683,1792,2740,2149,2873,662
hsa-piR-33121,0,0,0,0,0,1,1,0,0,0,0,0,0,0,1,0,0,0,0,0,0,0,0,0,0,2,0,0,0,0
hsa-piR-33123,0,0,2,0,3,1,2,0,3,0,0,1,0,0,3,2,0,0,0,0,2,1,0,0,4,0,2,4,2,1
hsa-piR-33124,0,1,1,0,4,2,1,0,5,0,0,0,0,0,3,0,0,0,0,0,2,0,0,1,1,0,1,1,2,0
hsa-piR-33126,0,3,0,0,5,2,1,0,5,0,0,0,0,2,5,0,1,0,0,0,4,0,0,0,3,0,0,6,9,2
hsa-piR-33129,1,4,5,1,16,2,0,0,4,0,0,0,0,1,2,0,7,0,0,0,9,1,0,1,1,4,4,5,11,3
hsa-piR-33130,0,4,1,0,2,1,0,0,3,0,0,0,0,0,1,0,0,0,1,0,1,0,0,0,2,0,0,0,16,6
hsa-piR-33136,0,0,0,0,0,0,0,0,0,0,0,0,0,0,1,0,0,0,0,0,0,0,0,0,0,0,0,0,0,0
hsa-piR-33137,6,32,34,6,154,63,16,2,124,1,0,5,0,1,105,6,21,5,1,0,187,12,0,22,20,29,45,39,194,19
hsa-piR-33139,3,11,9,3,43,30,14,0,33,0,0,3,0,2,16,21,12,0,0,0,22,4,0,9,1,7,15,9,28,8
hsa-piR-33142,21,23,31,12,74,49,12,2,46,0,0,3,0,2,80,10,22,4,1,0,72,4,0,4,22,18,24,44,65,9
hsa-piR-33143,0,1,0,0,0,0,0,0,0,0,0,0,0,0,0,0,0,0,0,0,0,0,0,0,0,0,0,0,0,0
hsa-piR-33144,20,240,242,30,370,177,101,4,113,3,3,22,2,25,185,14,194,8,15,0,325,19,0,60,123,125,93,181,97,11
hsa-piR-33145,0,0,1,0,0,4,0,0,0,0,0,1,0,0,1,0,0,0,0,0,1,0,0,0,2,0,0,1,0,0
hsa-piR-33146,0,0,0,0,0,1,0,0,0,0,0,0,0,0,1,0,0,0,0,0,0,1,0,0,0,0,0,0,2,0
hsa-piR-33147,0,0,0,0,0,0,0,0,0,0,0,0,0,0,0,0,0,0,0,0,3,0,0,0,0,0,0,0,0,0
hsa-piR-33148,0,2,3,0,5,1,1,1,4,0,0,0,0,1,1,1,1,0,0,0,4,0,0,1,2,0,1,2,4,1
hsa-piR-33149,1,0,0,0,0,0,0,0,2,0,0,0,0,1,0,0,0,0,0,0,0,0,0,0,0,0,0,0,0,0
hsa-piR-33150,0,1,2,0,2,0,1,0,0,0,0,0,0,0,0,0,1,0,0,0,3,2,0,0,0,0,0,2,24,4
hsa-piR-33152,0,1,0,0,0,0,0,0,0,0,0,0,0,0,0,0,0,0,0,0,1,0,0,0,0,1,0,1,0,0
hsa-piR-33154,0,1,2,0,3,3,0,0,3,0,0,1,0,0,2,1,2,0,1,0,1,0,0,0,2,0,2,1,1,0
hsa-piR-33155,0,0,1,0,2,0,0,0,0,0,0,0,0,0,0,0,0,0,0,0,1,0,0,1,0,0,1,0,0,0
hsa-piR-33159,0,2,0,0,1,1,0,0,1,0,0,0,0,0,1,0,0,0,0,0,0,0,0,1,0,0,1,1,1,2
hsa-piR-33160,1893,14384,14654,3524,31790,22319,9767,582,18089,22,9,1752,14,4365,17157,2794,18347,521,1065,1,21336,2767,1,7581,8291,13594,14734,12030,17319,4869
hsa-piR-33167,0,1,0,0,1,3,0,0,0,0,0,0,0,0,1,0,0,0,0,0,0,1,0,0,2,1,0,0,3,0
hsa-piR-33168,0,0,1,0,0,0,0,0,0,0,0,0,0,0,0,0,0,0,0,0,1,0,0,0,0,0,0,0,20,3
hsa-piR-33177,25,3,2,0,2,14,1,0,7,0,0,2,0,0,21,0,2,0,1,0,9,1,0,3,0,2,0,18,6,2
hsa-piR-33178,0,1,0,0,1,0,0,0,0,0,0,0,0,0,0,1,0,0,0,0,1,0,0,0,0,0,0,1,2,0
hsa-piR-33181,7,59,24,11,118,49,33,3,49,1,0,2,0,15,47,3,59,2,5,0,80,8,0,24,34,44,65,71,62,13
hsa-piR-33183,1,7,2,2,8,10,4,0,8,1,0,1,0,2,22,4,2,0,0,0,9,1,0,0,2,2,7,3,4,0
hsa-piR-33186,2,154,44,7,261,252,46,6,169,3,0,14,1,15,132,30,70,1,8,0,260,69,0,43,45,79,110,64,221,46
hsa-piR-33187,0,1,0,0,0,0,0,0,0,0,0,0,0,0,0,0,0,0,0,0,0,0,0,0,0,0,0,0,0,0
hsa-piR-33190,0,12,6,1,31,10,2,0,9,0,0,2,0,1,8,2,10,1,6,0,12,2,0,8,11,7,15,10,22,13
hsa-piR-33192,0,24,7,1,38,11,4,0,24,1,0,2,0,4,21,2,5,0,1,0,35,2,0,2,8,10,7,19,32,5
hsa-piR-33197,0,13,5,3,32,22,4,0,15,0,0,0,0,2,23,2,15,0,0,0,23,3,0,4,2,7,11,16,19,2
hsa-piR-33198,2,3,3,2,3,119,3,1,160,0,0,5,0,0,18,2,16,0,1,0,1,6,0,0,30,2,0,14,95,9
hsa-piR-33199,2,24,20,7,42,27,14,0,13,0,0,5,0,5,18,4,26,0,1,0,23,8,0,11,9,21,24,22,34,21
hsa-piR-33200,0,0,0,0,0,0,0,0,1,0,0,0,0,0,0,0,0,0,0,0,0,0,0,0,1,1,0,0,1,0
hsa-piR-3381,0,1,0,0,3,0,0,0,2,0,0,0,0,0,1,0,1,0,0,0,1,0,0,1,0,0,0,1,2,0
hsa-piR-3382,0,0,0,0,0,0,0,0,1,0,0,0,0,0,0,0,0,0,0,0,0,0,0,0,0,0,0,0,0,0
hsa-piR-3411,1,0,0,0,0,1,1,0,1,0,0,0,0,2,1,0,0,0,0,0,0,0,0,1,0,0,1,0,0,0
hsa-piR-3440,3,2,4,1,3,300,0,1,15,0,0,1,0,1,84,11,6,0,0,0,16,0,0,6,11,2,3,21,22,5
hsa-piR-3481,0,0,0,0,0,1,0,0,0,0,0,0,0,0,0,0,0,0,0,0,1,0,0,0,0,0,0,0,1,0
hsa-piR-3501,0,0,0,0,0,1,0,0,0,0,0,0,0,0,0,0,0,0,0,0,0,0,0,0,0,0,0,0,0,0
hsa-piR-3543,0,0,0,0,0,0,0,0,0,0,0,0,0,0,0,0,0,0,0,0,0,0,0,0,0,0,1,0,0,0
hsa-piR-3902,0,0,0,0,0,1,0,0,0,0,0,0,0,0,0,0,0,0,0,0,1,0,0,0,0,0,0,0,0,0
hsa-piR-3903,0,0,0,0,0,1,0,0,0,0,0,0,0,0,0,0,0,0,0,0,1,0,0,0,0,0,0,0,0,0
hsa-piR-3904,0,0,0,0,0,1,0,0,0,0,0,0,0,0,0,0,0,0,0,0,1,0,0,0,0,0,0,0,0,0
hsa-piR-3951,0,0,0,0,0,0,1,0,0,0,0,0,0,0,0,0,0,0,0,0,0,0,0,0,0,0,0,0,0,0
hsa-piR-398,0,0,0,0,0,0,0,0,0,0,0,0,0,0,0,0,0,0,0,0,1,0,0,0,0,0,0,0,0,0
hsa-piR-399,0,0,0,0,0,0,0,0,0,0,0,0,0,0,0,0,0,0,0,0,1,0,0,0,0,0,0,0,0,0
hsa-piR-400,0,0,0,0,0,0,0,0,0,0,0,0,0,0,0,0,0,0,0,0,1,0,0,0,0,0,0,0,0,0
hsa-piR-4035,0,0,0,0,0,0,0,0,0,0,0,0,0,0,0,0,0,0,0,0,0,0,0,0,0,0,0,0,1,0
hsa-piR-4086,0,2,1,2,1,1,0,0,0,0,0,0,0,0,2,2,0,0,0,0,3,0,0,2,2,1,0,2,1,1
hsa-piR-4087,0,2,1,2,1,1,0,0,0,0,0,0,0,0,2,2,0,0,0,0,3,0,0,2,2,1,0,2,1,1
hsa-piR-4158,0,0,0,0,0,1,1,0,0,0,0,0,0,0,0,0,0,0,0,0,1,0,0,0,0,0,0,0,1,0
hsa-piR-4161,0,0,0,0,0,0,0,0,0,0,0,0,0,0,0,0,0,0,0,0,0,0,0,0,0,0,0,1,0,0
hsa-piR-4254,0,0,0,0,0,0,0,0,0,0,0,0,0,0,0,0,1,0,0,0,0,0,0,0,0,0,0,0,0,0
hsa-piR-432,0,1,0,0,0,0,0,0,0,0,0,0,0,0,0,0,0,0,0,0,0,0,0,0,0,0,0,0,0,0
hsa-piR-4479,0,0,0,0,0,0,0,0,0,0,0,0,0,0,1,0,0,0,0,0,0,0,0,0,0,0,0,0,0,0
hsa-piR-4572,0,0,0,0,0,0,0,0,0,0,0,0,0,0,0,1,0,0,0,0,0,0,0,0,0,0,0,0,0,0
hsa-piR-4593,0,0,0,0,0,0,0,0,0,0,0,0,0,0,0,0,0,0,0,0,1,0,0,0,0,0,0,0,0,0
hsa-piR-4601,0,0,0,0,0,0,0,0,0,0,0,0,0,0,0,0,0,0,0,0,0,0,0,0,0,0,0,0,1,0
hsa-piR-4670,0,0,0,0,0,0,0,0,0,0,0,0,0,1,0,0,2,0,0,0,0,0,0,0,0,0,0,0,0,0
hsa-piR-476,0,0,0,0,0,1,0,0,0,0,0,0,0,0,0,0,0,0,0,0,1,0,0,0,0,0,0,0,0,0
hsa-piR-477,0,0,0,0,0,1,0,0,0,0,0,0,0,0,0,0,0,0,0,0,1,0,0,0,0,0,0,0,0,0
hsa-piR-4887,0,0,0,0,0,0,0,0,0,0,0,0,0,0,0,0,1,0,0,0,0,0,0,0,0,0,0,0,0,0
hsa-piR-499,0,0,0,0,0,0,0,0,0,0,0,0,0,0,0,0,0,0,0,0,0,0,0,0,0,0,0,0,0,1
hsa-piR-5012,0,0,0,0,0,0,0,0,0,0,0,0,0,0,0,0,0,0,0,0,0,0,0,0,0,0,0,0,1,0
hsa-piR-5039,0,0,0,0,1,0,0,0,0,0,0,0,0,0,0,1,0,0,0,0,0,0,0,0,0,0,0,0,0,0
hsa-piR-5075,0,0,0,0,0,1,1,0,0,0,0,0,0,0,0,0,0,0,0,0,1,0,0,0,0,0,1,0,0,0
hsa-piR-5079,0,0,0,0,0,0,0,0,0,0,0,0,0,0,0,0,0,0,0,0,0,0,0,0,0,0,0,0,1,0
hsa-piR-5081,0,0,0,0,0,0,0,0,0,0,0,0,0,1,0,0,0,0,0,0,0,0,0,0,0,0,0,0,0,0
hsa-piR-5083,0,0,0,0,0,0,0,0,0,0,0,0,0,0,0,0,0,0,0,0,0,0,0,0,1,0,0,0,0,0
hsa-piR-5190,0,0,0,0,0,1,0,0,0,0,0,0,0,0,0,0,0,0,0,0,1,0,0,0,0,0,0,0,1,0
hsa-piR-5292,0,0,0,0,0,0,0,0,0,0,0,0,0,0,0,0,0,0,0,0,0,0,0,0,0,0,0,0,1,0
hsa-piR-5517,0,0,0,0,0,0,0,0,0,0,0,0,0,0,0,0,0,0,0,0,0,0,0,0,0,0,1,0,0,0
hsa-piR-5559,0,0,0,0,1,0,0,0,0,0,0,0,0,0,2,2,0,0,0,0,0,0,0,0,0,0,1,0,0,0
hsa-piR-5576,0,0,0,0,1,0,0,0,0,0,0,0,0,0,0,0,0,0,0,0,0,0,0,0,0,0,0,0,0,0
hsa-piR-573,0,0,0,0,0,0,0,0,0,0,0,0,0,0,1,0,0,0,0,0,0,0,0,0,0,0,0,0,0,0
hsa-piR-5746,10,5,8,2,0,6,1,0,3,0,0,1,0,0,4,3,0,0,0,0,2,1,0,0,1,2,5,3,6,1
hsa-piR-5747,24,11,30,7,12,26,12,0,24,0,0,2,0,5,33,18,2,0,0,0,6,6,1,2,11,11,10,15,19,13
hsa-piR-5748,24,11,30,7,12,26,12,0,24,0,0,2,0,5,33,18,2,0,0,0,6,6,1,2,11,11,10,15,19,13
hsa-piR-5848,0,2,1,0,0,1,0,0,1,0,0,0,0,0,0,0,0,0,0,0,0,0,0,2,0,0,0,0,0,0
hsa-piR-5915,0,0,0,0,0,0,0,0,0,0,0,0,0,0,1,0,0,0,0,0,0,0,0,0,0,0,0,0,0,0
hsa-piR-5938,0,0,0,0,0,0,0,0,0,0,0,0,0,0,0,0,0,0,0,0,0,0,0,0,0,1,0,0,0,0
hsa-piR-5969,493,7796,4543,404,2260,6680,1701,11,534,47,14,196,33,303,3797,549,215,25,150,0,2059,406,1,609,608,2050,662,577,996,334
hsa-piR-5970,260,3901,2284,238,1111,3327,869,5,272,28,5,97,19,162,1905,282,113,10,61,0,1038,217,1,312,298,1013,337,277,507,170
hsa-piR-6073,0,0,0,0,0,0,0,0,0,0,0,0,0,0,0,0,0,0,0,0,0,0,0,0,0,0,0,0,0,1
hsa-piR-620,0,0,0,0,0,0,0,0,0,0,0,0,0,0,0,0,0,0,0,0,0,1,0,0,0,0,0,0,0,0
hsa-piR-6349,0,0,0,0,0,0,0,0,0,0,0,0,0,0,0,0,0,0,0,0,0,0,0,0,0,0,0,1,0,0
hsa-piR-6418,0,0,0,0,0,0,1,0,0,0,0,0,0,0,0,0,0,0,0,0,0,0,0,0,0,0,0,0,0,0
hsa-piR-6419,0,0,0,0,0,0,0,0,0,0,0,0,0,0,0,0,1,0,0,0,0,0,0,0,0,0,0,0,0,0
hsa-piR-6538,0,0,0,0,0,1,0,0,0,0,0,0,0,0,0,0,0,0,0,0,0,0,0,0,0,0,0,0,0,0
hsa-piR-6690,0,0,0,0,0,0,0,0,0,0,0,0,0,0,0,0,0,0,0,0,0,0,0,0,0,0,1,0,0,0
hsa-piR-6691,0,0,0,1,0,7,0,0,1,0,0,0,0,0,1,0,1,0,1,0,0,3,0,0,1,0,0,0,0,0
hsa-piR-6692,0,0,0,1,0,7,0,0,1,0,0,0,0,0,1,0,1,0,1,0,0,3,0,0,1,0,0,0,0,0
hsa-piR-6693,10,8,7,3,9,22,68,1,20,1,0,1,0,3,14,14,11,0,3,0,13,4,0,2,8,6,7,8,33,9
hsa-piR-6854,0,0,1,0,0,1,0,0,1,0,0,0,0,0,1,0,0,0,0,0,0,0,0,0,0,1,0,0,1,0
hsa-piR-6884,0,0,0,0,0,0,0,0,0,0,0,0,0,0,0,0,0,0,0,0,0,0,0,0,0,0,0,1,0,0
hsa-piR-6960,1039,976,1185,95,542,567,410,4,394,10,0,41,7,246,2366,524,54,8,11,0,229,119,0,285,364,331,497,790,147,73
hsa-piR-6966,0,0,0,0,0,0,0,0,0,0,0,0,0,0,1,0,0,0,0,0,0,0,0,0,0,0,0,0,0,0
hsa-piR-6968,0,1,0,0,0,2,0,0,1,0,0,0,1,0,1,0,0,0,0,0,0,0,0,0,0,1,0,0,0,0
hsa-piR-6974,0,0,0,0,0,0,0,0,0,0,0,0,0,0,0,0,0,0,0,0,0,0,0,0,0,0,0,1,0,0
hsa-piR-6976,0,0,0,0,0,0,1,0,0,0,0,0,0,0,0,0,0,0,0,0,1,0,0,0,0,0,0,0,0,0
hsa-piR-6980,0,0,0,0,0,1,0,0,0,0,0,0,0,0,0,0,0,0,0,0,0,0,0,0,0,0,0,0,1,0
hsa-piR-6981,0,0,0,0,0,1,0,0,0,0,0,0,0,0,0,0,0,0,0,0,0,0,0,0,0,0,0,0,1,0
hsa-piR-6982,0,0,0,0,0,1,0,0,0,0,0,0,0,0,0,0,0,0,0,0,0,0,0,0,0,0,0,0,1,0
hsa-piR-6984,0,0,0,0,0,0,0,0,0,0,0,0,0,0,0,0,0,0,0,0,1,0,0,0,0,0,0,0,0,0
hsa-piR-6988,0,0,1,0,0,1,0,0,1,0,0,0,0,0,0,0,1,0,0,0,0,0,0,0,0,0,0,0,0,0
hsa-piR-7003,0,0,0,0,0,0,0,0,0,0,0,0,0,0,0,0,0,0,0,0,0,0,0,0,0,0,0,0,0,1
hsa-piR-7006,6,6,5,2,6,17,65,1,18,1,0,1,0,3,12,14,11,0,3,0,13,3,0,1,4,6,7,7,31,9
hsa-piR-7023,0,0,0,0,0,0,0,0,0,0,0,0,0,0,0,0,0,0,0,0,0,0,0,0,0,0,0,1,0,0
hsa-piR-7024,0,0,0,0,0,0,0,0,0,0,0,0,0,0,0,0,0,0,0,0,0,0,0,0,0,0,0,1,0,0
hsa-piR-7039,0,0,1,0,1,1,0,0,0,0,0,0,0,0,0,0,1,0,0,0,1,0,0,0,0,0,0,0,0,0
hsa-piR-7040,0,0,1,0,1,1,0,0,0,0,0,0,0,0,0,0,1,0,0,0,1,0,0,0,0,0,0,0,0,0
hsa-piR-7054,0,0,0,0,0,0,0,0,0,0,0,0,0,0,0,1,0,0,0,0,0,0,0,0,0,0,0,0,0,0
hsa-piR-7092,0,0,0,0,0,0,0,0,0,0,0,0,0,0,0,0,0,0,0,0,0,0,0,0,0,0,0,1,0,0
hsa-piR-7094,0,0,0,0,0,0,0,0,0,0,0,0,0,0,0,0,0,0,0,0,0,0,0,0,0,0,0,0,1,0
hsa-piR-7096,1,0,0,0,3,11,1,0,4,0,0,0,0,1,2,4,0,0,0,0,1,0,0,0,6,0,2,22,2,0
hsa-piR-7104,0,0,0,0,0,0,0,0,1,0,0,0,0,0,0,1,0,0,0,0,0,0,0,0,0,0,0,0,0,0
hsa-piR-7220,0,0,0,0,0,0,0,0,0,0,0,0,0,0,0,0,0,0,0,0,0,0,0,0,0,0,0,1,0,0
hsa-piR-7236,0,0,0,0,0,0,0,0,0,0,0,0,0,0,1,0,0,0,0,0,0,0,0,0,0,0,0,0,0,0
hsa-piR-7237,0,0,0,0,0,0,0,0,1,0,0,0,0,0,0,0,0,0,0,0,0,0,0,0,0,0,0,0,0,0
hsa-piR-7244,0,2,1,0,2,1,1,0,1,0,0,0,0,0,0,1,0,0,0,0,2,0,0,0,1,0,0,5,0,4
hsa-piR-734,0,0,0,0,0,0,0,0,0,0,0,0,0,0,0,0,0,0,0,0,1,0,0,0,0,0,0,0,0,0
hsa-piR-7347,28,277,151,54,751,831,196,7,371,3,0,11,0,56,423,85,313,9,21,0,331,54,0,171,217,294,346,192,351,93
hsa-piR-7434,0,0,1,0,1,0,0,0,1,0,0,0,0,0,0,0,0,0,0,0,0,0,0,0,0,0,0,0,0,0
hsa-piR-7435,0,0,0,1,0,2,1,0,0,0,0,0,0,0,0,0,0,0,0,0,1,0,0,0,1,0,0,0,0,0
hsa-piR-7447,0,0,0,0,0,0,0,0,0,0,0,0,0,1,0,0,0,0,0,0,0,0,0,0,0,0,0,0,0,0
hsa-piR-7480,0,0,0,0,0,0,0,0,0,0,0,0,0,0,0,0,0,0,0,0,0,0,0,0,1,0,1,0,0,1
hsa-piR-7484,0,0,0,0,0,1,0,0,0,0,0,0,0,0,0,0,0,0,0,0,1,0,0,0,0,0,0,0,1,0
hsa-piR-7508,0,0,1,0,6,7,8,0,1,0,0,1,0,0,1,0,1,1,1,0,2,0,0,0,0,5,1,6,8,1
hsa-piR-7545,0,0,0,0,0,0,0,0,0,0,0,0,0,0,0,0,1,0,0,0,0,0,0,0,0,0,0,0,0,0
hsa-piR-7558,0,0,0,0,0,0,0,0,0,0,0,1,0,0,0,0,0,0,0,0,0,0,0,0,0,0,0,0,0,0
hsa-piR-7826,0,0,0,0,0,1,0,0,0,0,0,0,0,0,0,0,0,0,0,0,1,0,0,0,0,0,0,0,0,0
hsa-piR-7850,0,0,0,0,0,1,0,0,0,0,0,0,0,0,0,0,0,0,0,0,0,0,0,0,0,0,0,2,0,0
hsa-piR-786,6,38,42,11,85,46,17,3,60,0,0,1,0,8,57,8,42,2,1,0,80,7,0,26,19,34,20,34,56,9
hsa-piR-808,1,0,0,0,1,1,0,0,1,0,0,0,0,0,1,0,0,0,0,0,0,0,0,0,0,0,0,0,3,1
hsa-piR-81,237,2116,2575,600,5168,3961,1703,95,3641,13,5,265,10,589,3845,437,3272,129,134,2,4694,586,1,1537,1683,1792,2740,2149,2873,662
hsa-piR-8214,0,0,0,0,0,0,0,0,2,0,0,0,0,0,0,0,0,0,0,0,0,0,0,0,0,0,0,0,0,0
hsa-piR-8323,0,2,1,0,2,0,1,0,0,0,0,0,0,0,2,0,0,0,0,0,1,0,0,0,0,0,0,1,0,1
hsa-piR-8373,0,0,0,0,0,1,0,0,0,0,0,0,0,0,0,0,0,0,0,0,1,0,0,0,0,0,0,0,0,0
hsa-piR-8430,0,0,0,0,1,0,0,0,0,0,0,0,0,0,0,0,0,0,0,0,0,0,0,0,0,0,0,0,0,0
hsa-piR-860,0,0,0,0,0,0,0,0,0,0,0,0,0,0,0,0,0,0,0,0,0,0,0,0,0,0,0,1,0,0
hsa-piR-8604,0,0,0,0,0,0,0,0,0,0,0,0,0,0,0,2,0,0,0,0,0,0,0,0,0,0,0,0,0,0
hsa-piR-861,0,0,0,0,0,0,0,0,0,0,0,0,0,0,0,0,0,0,0,0,0,0,0,0,0,0,0,1,0,0
hsa-piR-8686,0,0,0,0,0,0,0,0,0,0,0,0,0,0,1,0,0,0,0,0,0,0,0,0,0,0,0,0,0,0
hsa-piR-8687,0,0,0,0,0,0,0,0,0,0,0,0,0,0,1,0,0,0,0,0,0,0,0,0,0,0,0,0,0,0
hsa-piR-869,0,0,0,0,0,1,0,0,0,0,0,0,0,0,0,0,0,0,0,0,1,0,0,0,0,0,0,0,0,0
hsa-piR-879,0,0,0,0,0,1,0,0,0,0,0,0,0,0,0,0,0,0,0,0,0,0,0,0,0,0,0,0,0,0
hsa-piR-8871,14,3,7,6,2,88,1,0,9,0,0,1,0,1,39,8,10,0,1,0,16,2,0,3,22,7,4,13,14,2
hsa-piR-888,0,0,0,0,1,0,0,0,0,0,0,0,0,0,0,0,0,0,0,0,0,0,0,0,0,0,1,0,0,0
hsa-piR-8920,0,0,0,1,3,1,3,0,2,0,0,1,0,0,8,2,2,0,0,0,1,0,0,3,2,1,1,0,4,1
hsa-piR-8932,0,1,2,1,0,1,0,0,0,0,0,0,0,1,0,1,1,0,0,0,0,0,0,0,0,1,0,0,0,0
hsa-piR-8934,0,0,1,0,0,1,0,0,0,0,0,0,0,0,0,0,0,0,0,0,1,0,0,0,0,0,0,0,0,0
hsa-piR-900,1,1,5,0,1,27,0,0,2,0,0,0,0,0,12,2,4,0,0,0,0,0,0,0,1,0,1,3,2,1
hsa-piR-904,0,0,0,0,0,0,0,0,0,0,0,0,0,0,0,0,0,0,0,0,1,0,0,0,0,0,0,0,0,0
hsa-piR-9062,0,0,0,0,0,0,0,1,0,0,0,0,0,0,0,0,1,0,0,0,0,0,0,0,0,0,0,0,0,0
hsa-piR-9137,1,1,0,0,1,0,0,0,2,0,0,0,0,1,0,2,0,0,0,0,0,0,0,0,0,0,0,0,0,1
hsa-piR-9165,0,0,0,0,0,0,0,0,0,0,0,0,0,0,1,0,0,0,0,0,0,0,0,0,0,0,0,0,0,0
hsa-piR-9199,0,0,1,0,0,1,0,0,1,0,0,1,0,0,2,0,0,0,0,0,0,0,0,0,0,0,0,0,1,0
hsa-piR-9233,0,0,0,0,1,0,0,0,0,0,0,0,0,0,0,1,0,0,0,0,0,0,0,0,0,0,0,1,0,0
hsa-piR-938,0,0,0,0,0,1,0,0,0,0,0,0,0,0,0,0,0,0,0,0,0,0,0,0,0,0,0,0,0,0
hsa-piR-9386,0,0,0,0,0,0,0,0,0,0,0,1,0,0,0,0,0,0,0,0,0,0,0,0,0,0,0,0,0,0
hsa-piR-959,0,0,0,0,0,0,0,0,0,0,0,0,0,0,0,0,0,0,0,0,0,0,0,0,0,0,1,0,0,0
hsa-piR-9669,0,0,0,0,0,0,1,0,1,0,0,0,0,0,0,0,0,0,0,0,0,0,0,0,0,0,0,0,0,0
hsa-piR-9674,0,0,0,0,0,0,0,0,1,0,0,0,0,0,0,0,0,0,0,0,0,0,0,0,0,0,0,0,0,0
hsa-piR-9810,0,0,0,0,0,0,0,0,0,0,0,0,0,0,0,0,0,0,0,0,0,0,0,0,0,0,0,0,1,0
hsa-piR-9836,0,1,0,0,0,0,0,0,0,0,0,0,0,0,0,0,0,0,0,0,0,0,0,0,0,0,0,0,0,0
hsa-piR-9897,0,0,1,0,0,0,0,0,0,0,0,0,0,0,0,0,0,0,0,0,0,0,0,0,0,0,0,0,0,0
hsa-piR-9903,0,0,0,0,0,0,0,0,0,0,0,0,0,0,0,0,0,0,0,0,1,0,0,0,0,0,0,0,0,0
hsa-piR-9970,0,0,0,0,0,0,0,0,0,0,0,0,0,0,1,0,0,0,0,0,0,0,0,0,0,0,0,0,0,0
